{"type":"FeatureCollection","features":[{"type":"Feature","geometry":{"type":"Polygon","coordinates":[[[84.474,18.9899],[84.4781,18.9911],[84.4824,19.0044],[84.4821,19.0163],[84.4843,19.0189],[84.4881,19.0191],[84.4913,19.0234],[84.4921,19.0269],[84.4961,19.0306],[84.5003,19.0325],[84.5052,19.0318],[84.509,19.0377],[84.5109,19.0392],[84.5163,19.0476],[84.5232,19.0474],[84.5266,19.0457],[84.5357,19.0495],[84.5412,19.0545],[84.5562,19.0559],[84.5625,19.0617],[84.5634,19.0658],[84.5686,19.0695],[84.576,19.0667],[84.5812,19.073],[84.5833,19.0712],[84.5823,19.0678],[84.5811,19.0524],[84.5823,19.0481],[84.578,19.0442],[84.5779,19.0391],[84.5827,19.0414],[84.5806,19.0365],[84.582,19.031],[84.5875,19.0246],[84.5938,19.0217],[84.5951,19.0249],[84.6003,19.0242],[84.602,19.0324],[84.6042,19.0355],[84.6057,19.0416],[84.6077,19.0464],[84.613,19.0517],[84.6129,19.0559],[84.617,19.0538],[84.6202,19.0557],[84.6199,19.0597],[84.6168,19.0599],[84.6176,19.0658],[84.6251,19.0658],[84.6288,19.0645],[84.6286,19.0614],[84.6313,19.0594],[84.6368,19.0595],[84.6377,19.0621],[84.6414,19.0647],[84.6476,19.0665],[84.6534,19.0669],[84.6543,19.064],[84.6594,19.0614],[84.6611,19.0666],[84.661,19.0734],[84.6649,19.0737],[84.6676,19.0771],[84.6656,19.0807],[84.6636,19.081],[84.664,19.0862],[84.6604,19.0891],[84.6583,19.0924],[84.6534,19.0915],[84.6498,19.0925],[84.6461,19.0916],[84.6428,19.0882],[84.6409,19.0887],[84.6332,19.0865],[84.6302,19.0887],[84.625,19.0887],[84.6228,19.0942],[84.6252,19.0984],[84.619,19.1032],[84.618,19.099],[84.6149,19.1004],[84.6093,19.1],[84.61,19.1058],[84.607,19.1079],[84.6056,19.1153],[84.6031,19.1201],[84.6017,19.1275],[84.6035,19.1298],[84.6108,19.1278],[84.6145,19.1281],[84.6276,19.1271],[84.6313,19.1284],[84.6348,19.1281],[84.6378,19.1297],[84.6438,19.1287],[84.6446,19.1321],[84.6539,19.1286],[84.6595,19.1304],[84.6675,19.1291],[84.6674,19.1355],[84.6707,19.1408],[84.6726,19.1477],[84.6694,19.1545],[84.6679,19.1545],[84.6686,19.1619],[84.6703,19.1647],[84.6763,19.1657],[84.679,19.1629],[84.6837,19.1624],[84.6841,19.1597],[84.6886,19.1594],[84.6916,19.1608],[84.6946,19.1591],[84.7027,19.1603],[84.7068,19.1581],[84.7096,19.1589],[84.7135,19.1558],[84.7142,19.1522],[84.7118,19.1514],[84.711,19.1459],[84.7009,19.1464],[84.6986,19.1424],[84.7058,19.139],[84.6976,19.1263],[84.7029,19.1248],[84.7036,19.1215],[84.7012,19.1205],[84.7034,19.1166],[84.7082,19.1154],[84.7346,19.0962],[84.7475,19.0872],[84.7531,19.0825],[84.7646,19.0774],[84.758,19.0682],[84.7555,19.0637],[84.745,19.0488],[84.727,19.0258],[84.7118,19.0051],[84.6935,18.9813],[84.6845,18.9705],[84.6842,18.9687],[84.6768,18.9601],[84.6691,18.952],[84.6375,18.9237],[84.6317,18.9175],[84.6282,18.9147],[84.6138,18.9013],[84.6043,18.8906],[84.5977,18.8821],[84.5936,18.8758],[84.5909,18.873],[84.5845,18.8631],[84.5817,18.8578],[84.5785,18.8496],[84.5763,18.8463],[84.5749,18.841],[84.5754,18.8387],[84.573,18.8353],[84.5661,18.8288],[84.5601,18.8213],[84.5584,18.8181],[84.5545,18.8037],[84.5539,18.797],[84.5526,18.7925],[84.546,18.7852],[84.5314,18.7719],[84.5121,18.7577],[84.5,18.7479],[84.4914,18.7398],[84.4864,18.7325],[84.473,18.7188],[84.4628,18.7073],[84.4486,18.6865],[84.4464,18.6814],[84.4434,18.6771],[84.4407,18.6697],[84.4405,18.6635],[84.4361,18.6572],[84.4005,18.6262],[84.3828,18.6099],[84.3707,18.5977],[84.3631,18.5871],[84.359,18.5807],[84.3556,18.5656],[84.3571,18.5639],[84.3546,18.5565],[84.3429,18.5461],[84.3313,18.5374],[84.3161,18.5251],[84.2903,18.5054],[84.2739,18.4917],[84.2554,18.4757],[84.2359,18.4579],[84.2223,18.4451],[84.2116,18.4344],[84.2026,18.4264],[84.1895,18.4136],[84.1689,18.3927],[84.1535,18.3764],[84.143,18.3587],[84.1341,18.3467],[84.1314,18.3392],[84.1281,18.3335],[84.1275,18.3279],[84.1287,18.3246],[84.1285,18.3154],[84.1179,18.3065],[84.1077,18.3],[84.0796,18.2836],[84.0691,18.2755],[84.0606,18.2717],[84.017,18.2512],[84.0022,18.2435],[83.9843,18.2345],[83.9579,18.2202],[83.9441,18.2141],[83.9414,18.2122],[83.9392,18.2109],[83.9191,18.2057],[83.8995,18.1992],[83.8901,18.1958],[83.8781,18.1897],[83.873,18.183],[83.8689,18.1795],[83.86,18.174],[83.8412,18.1676],[83.8212,18.1601],[83.8053,18.1539],[83.7833,18.1445],[83.7471,18.1266],[83.7336,18.1197],[83.7181,18.111],[83.7043,18.1037],[83.6928,18.0971],[83.6799,18.0881],[83.664,18.0786],[83.6646,18.0844],[83.659,18.0885],[83.6556,18.09],[83.6514,18.0941],[83.6479,18.1013],[83.6421,18.1064],[83.6375,18.1043],[83.6352,18.1045],[83.6306,18.1081],[83.623,18.1124],[83.6202,18.1154],[83.6203,18.12],[83.6241,18.1289],[83.6214,18.1329],[83.6187,18.1338],[83.6183,18.1365],[83.6092,18.1437],[83.6082,18.1482],[83.604,18.1529],[83.6028,18.1574],[83.6027,18.1649],[83.6121,18.1666],[83.6138,18.168],[83.6134,18.176],[83.615,18.1782],[83.6142,18.1841],[83.6108,18.1917],[83.6044,18.1931],[83.6047,18.1999],[83.6047,18.2044],[83.6026,18.2064],[83.6038,18.2088],[83.6105,18.2078],[83.616,18.2081],[83.6199,18.2134],[83.6236,18.217],[83.6321,18.2174],[83.642,18.2105],[83.6486,18.2105],[83.6507,18.2129],[83.6515,18.2178],[83.6554,18.2247],[83.658,18.2261],[83.6637,18.2314],[83.664,18.2367],[83.6618,18.2399],[83.663,18.2422],[83.6628,18.2479],[83.6644,18.2503],[83.6649,18.2608],[83.6641,18.2641],[83.6651,18.2711],[83.6687,18.2729],[83.6712,18.2762],[83.6719,18.2809],[83.677,18.2841],[83.6846,18.2863],[83.6923,18.2869],[83.7031,18.292],[83.7029,18.2942],[83.7,18.2976],[83.6962,18.3059],[83.6912,18.3035],[83.682,18.3086],[83.6809,18.312],[83.6718,18.3124],[83.6685,18.317],[83.6627,18.317],[83.6602,18.3189],[83.6578,18.318],[83.65,18.3192],[83.6477,18.3208],[83.6244,18.3219],[83.6216,18.3227],[83.6239,18.3273],[83.6241,18.3326],[83.6217,18.3338],[83.6163,18.3322],[83.612,18.3284],[83.606,18.3296],[83.5998,18.3297],[83.6025,18.3325],[83.6093,18.3378],[83.6101,18.3398],[83.6055,18.3416],[83.5994,18.3422],[83.5937,18.3499],[83.5885,18.351],[83.5852,18.3544],[83.5853,18.3569],[83.5896,18.3603],[83.5901,18.3655],[83.5999,18.3689],[83.5969,18.3716],[83.5985,18.3757],[83.5989,18.3805],[83.6034,18.3831],[83.6058,18.3819],[83.612,18.381],[83.6169,18.3814],[83.6282,18.3769],[83.6333,18.3763],[83.6384,18.3769],[83.6415,18.3805],[83.6459,18.3824],[83.6499,18.3855],[83.6629,18.3844],[83.6699,18.387],[83.675,18.3863],[83.6828,18.389],[83.6943,18.3889],[83.7015,18.3871],[83.7042,18.3873],[83.7055,18.3911],[83.7048,18.399],[83.7057,18.4034],[83.6997,18.4093],[83.7008,18.4198],[83.7,18.4231],[83.6957,18.4242],[83.6955,18.4293],[83.6974,18.432],[83.6962,18.4374],[83.7037,18.4422],[83.7078,18.444],[83.7112,18.4439],[83.7113,18.4406],[83.7096,18.4376],[83.7145,18.4349],[83.7237,18.4366],[83.7243,18.4334],[83.7225,18.4288],[83.715,18.4266],[83.718,18.4241],[83.723,18.4249],[83.7291,18.4273],[83.7289,18.4201],[83.7319,18.4176],[83.7349,18.4128],[83.7387,18.41],[83.7385,18.4061],[83.7457,18.4024],[83.7517,18.3967],[83.755,18.3954],[83.7557,18.3909],[83.7618,18.3881],[83.7596,18.3861],[83.7633,18.3839],[83.7676,18.3789],[83.7667,18.3743],[83.7728,18.3756],[83.7751,18.3778],[83.778,18.3764],[83.7841,18.376],[83.7882,18.3736],[83.7904,18.3697],[83.7961,18.3711],[83.8003,18.3704],[83.8029,18.377],[83.7965,18.3817],[83.7982,18.3915],[83.8012,18.3912],[83.8057,18.3935],[83.8093,18.3919],[83.8175,18.3898],[83.8233,18.3857],[83.8273,18.3847],[83.8306,18.386],[83.8294,18.3926],[83.824,18.3966],[83.8227,18.399],[83.8231,18.4042],[83.8307,18.4099],[83.8314,18.414],[83.8343,18.4147],[83.8332,18.4193],[83.8308,18.4223],[83.8242,18.4265],[83.8199,18.4272],[83.8122,18.4304],[83.8106,18.4317],[83.8094,18.4365],[83.8102,18.4426],[83.8138,18.4486],[83.8185,18.4682],[83.8165,18.4738],[83.8188,18.4746],[83.8081,18.4844],[83.8009,18.4921],[83.7935,18.495],[83.7913,18.5007],[83.7881,18.5065],[83.7883,18.514],[83.791,18.5216],[83.7942,18.5282],[83.7937,18.5293],[83.798,18.5337],[83.8022,18.5399],[83.8025,18.544],[83.8006,18.5477],[83.7984,18.5487],[83.7937,18.5465],[83.7899,18.5421],[83.7846,18.5407],[83.7814,18.5437],[83.7807,18.5505],[83.7792,18.5557],[83.7763,18.5616],[83.7735,18.5648],[83.7678,18.5667],[83.7694,18.5697],[83.7689,18.577],[83.7708,18.5788],[83.7759,18.5805],[83.7773,18.5869],[83.7747,18.5903],[83.7772,18.5943],[83.7784,18.5985],[83.781,18.6],[83.7875,18.5997],[83.7879,18.6042],[83.794,18.6065],[83.7933,18.614],[83.7911,18.6148],[83.7848,18.6126],[83.7827,18.6152],[83.7823,18.6196],[83.7883,18.6237],[83.7885,18.6276],[83.7971,18.6326],[83.7996,18.635],[83.8027,18.6297],[83.8053,18.6289],[83.8114,18.623],[83.8138,18.623],[83.8169,18.6187],[83.8235,18.6144],[83.8257,18.6144],[83.8319,18.6016],[83.832,18.5938],[83.833,18.583],[83.8309,18.5722],[83.8325,18.5682],[83.8315,18.5646],[83.8285,18.5658],[83.8243,18.563],[83.8245,18.5577],[83.8259,18.5558],[83.8303,18.5535],[83.8363,18.5415],[83.8393,18.5408],[83.8425,18.5442],[83.8489,18.5375],[83.8519,18.5326],[83.8581,18.531],[83.8593,18.5332],[83.8664,18.5364],[83.8623,18.5397],[83.8637,18.5427],[83.8685,18.543],[83.8678,18.5486],[83.8748,18.5478],[83.8791,18.5524],[83.8812,18.5506],[83.8822,18.5453],[83.8854,18.54],[83.8886,18.5415],[83.8927,18.5398],[83.8993,18.534],[83.9048,18.5329],[83.9072,18.5346],[83.9068,18.5386],[83.9116,18.5393],[83.9142,18.5408],[83.9141,18.5517],[83.9074,18.5555],[83.9063,18.5601],[83.9041,18.5619],[83.9063,18.5662],[83.9116,18.5645],[83.9137,18.5677],[83.9106,18.5811],[83.9076,18.5852],[83.9087,18.5877],[83.9037,18.5878],[83.903,18.5908],[83.8984,18.594],[83.9009,18.5959],[83.8997,18.6004],[83.8931,18.5981],[83.8941,18.6023],[83.8939,18.6082],[83.8925,18.6127],[83.8876,18.6159],[83.8863,18.6197],[83.8922,18.6213],[83.892,18.6265],[83.8869,18.6309],[83.889,18.6346],[83.8829,18.6356],[83.8804,18.6369],[83.8782,18.6404],[83.8698,18.6467],[83.8577,18.6588],[83.8506,18.6804],[83.8488,18.685],[83.8401,18.6926],[83.8406,18.6976],[83.8374,18.702],[83.8371,18.7043],[83.8377,18.7227],[83.8339,18.7266],[83.8371,18.7296],[83.8382,18.7336],[83.8509,18.733],[83.8582,18.7366],[83.8613,18.7372],[83.8654,18.7427],[83.8709,18.7446],[83.8734,18.7408],[83.8767,18.7389],[83.8791,18.741],[83.8834,18.7368],[83.883,18.7417],[83.8804,18.7472],[83.8765,18.7484],[83.8741,18.7472],[83.8709,18.7519],[83.8717,18.7608],[83.8693,18.7645],[83.8653,18.7665],[83.8625,18.7632],[83.8575,18.7655],[83.8547,18.7686],[83.8517,18.7655],[83.8479,18.7672],[83.8419,18.7674],[83.8366,18.7729],[83.8382,18.7754],[83.8376,18.779],[83.8448,18.7818],[83.8476,18.7877],[83.8509,18.789],[83.8582,18.787],[83.8652,18.7888],[83.8688,18.7886],[83.8737,18.7902],[83.8763,18.7928],[83.8801,18.7925],[83.8885,18.7966],[83.886,18.8016],[83.8831,18.8015],[83.8781,18.8072],[83.8797,18.8085],[83.8804,18.8138],[83.8889,18.8105],[83.8931,18.8141],[83.8942,18.8144],[83.8998,18.8248],[83.9032,18.8251],[83.9044,18.8285],[83.9128,18.8258],[83.917,18.8269],[83.9176,18.8242],[83.9263,18.8227],[83.9304,18.8164],[83.934,18.8179],[83.9372,18.8164],[83.9417,18.816],[83.9411,18.8078],[83.945,18.8072],[83.9496,18.8048],[83.9536,18.8058],[83.9578,18.8098],[83.9584,18.8123],[83.964,18.8144],[83.9694,18.814],[83.9727,18.8149],[83.9783,18.8143],[83.9795,18.8122],[83.9877,18.8117],[83.9922,18.8136],[83.9996,18.8104],[84.0049,18.809],[84.0097,18.8115],[84.0139,18.8098],[84.0173,18.8125],[84.0166,18.8161],[84.019,18.8177],[84.0329,18.8116],[84.0377,18.8132],[84.0383,18.8164],[84.0455,18.8128],[84.044,18.8063],[84.0463,18.8019],[84.051,18.799],[84.0585,18.7985],[84.0571,18.7928],[84.0571,18.789],[84.0615,18.7814],[84.068,18.7821],[84.0689,18.7782],[84.0719,18.7775],[84.0746,18.773],[84.0745,18.77],[84.0785,18.7652],[84.0887,18.7631],[84.0889,18.7576],[84.0977,18.7607],[84.1018,18.76],[84.1107,18.7645],[84.1128,18.7668],[84.1174,18.7656],[84.1219,18.7679],[84.1241,18.7645],[84.1295,18.7651],[84.1321,18.7605],[84.1379,18.7614],[84.1402,18.7638],[84.1387,18.7675],[84.1389,18.7741],[84.1401,18.7772],[84.1461,18.7781],[84.1514,18.7835],[84.1567,18.7845],[84.1589,18.7878],[84.1638,18.7887],[84.1693,18.7881],[84.1754,18.78],[84.1823,18.7819],[84.1885,18.7786],[84.1917,18.7793],[84.1941,18.783],[84.1949,18.7915],[84.2071,18.7891],[84.2123,18.7903],[84.2151,18.7897],[84.2137,18.7953],[84.2189,18.7947],[84.226,18.7985],[84.2319,18.7969],[84.2334,18.7944],[84.2363,18.7983],[84.2403,18.7968],[84.2408,18.7911],[84.2427,18.7884],[84.2485,18.7853],[84.255,18.787],[84.2559,18.7844],[84.2599,18.7827],[84.267,18.7838],[84.2698,18.7861],[84.2756,18.7887],[84.2803,18.7892],[84.2865,18.7925],[84.2897,18.8035],[84.3045,18.798],[84.3051,18.7941],[84.3104,18.7929],[84.3142,18.7899],[84.3208,18.7866],[84.3249,18.7907],[84.324,18.7941],[84.3276,18.799],[84.3364,18.798],[84.3387,18.8016],[84.3442,18.8017],[84.3421,18.8074],[84.3307,18.8175],[84.3332,18.8196],[84.3398,18.8196],[84.3421,18.8215],[84.3494,18.8202],[84.3507,18.822],[84.3508,18.8267],[84.3524,18.8313],[84.3592,18.8311],[84.3618,18.8346],[84.364,18.8379],[84.3616,18.8418],[84.3583,18.8423],[84.3468,18.8477],[84.3365,18.8901],[84.3563,18.8689],[84.3577,18.869],[84.3619,18.8608],[84.3643,18.8611],[84.3662,18.864],[84.3697,18.8607],[84.374,18.8613],[84.377,18.8645],[84.3786,18.8716],[84.3839,18.8741],[84.3806,18.8772],[84.3752,18.879],[84.3725,18.8779],[84.3681,18.8816],[84.3655,18.8854],[84.3622,18.887],[84.3641,18.89],[84.3705,18.8864],[84.3736,18.8865],[84.3774,18.8847],[84.3806,18.8817],[84.3823,18.8847],[84.388,18.8839],[84.3911,18.8795],[84.3919,18.8763],[84.3973,18.8819],[84.398,18.8843],[84.3972,18.8901],[84.3956,18.8928],[84.3897,18.8959],[84.3847,18.8956],[84.3801,18.9001],[84.3851,18.9002],[84.3883,18.9027],[84.3931,18.9043],[84.3937,18.9005],[84.3993,18.8964],[84.3996,18.895],[84.4091,18.895],[84.4125,18.8971],[84.4186,18.8974],[84.4202,18.8995],[84.4217,18.9053],[84.4198,18.9111],[84.4159,18.9139],[84.4201,18.9176],[84.4217,18.9125],[84.4245,18.9097],[84.4279,18.9088],[84.43,18.9117],[84.4307,18.9165],[84.4356,18.9202],[84.4372,18.9193],[84.439,18.9266],[84.4374,18.9324],[84.4272,18.9319],[84.4306,18.9356],[84.4281,18.9417],[84.4239,18.9471],[84.4258,18.9527],[84.4318,18.9585],[84.4313,18.9621],[84.4288,18.9645],[84.4304,18.9687],[84.4367,18.9704],[84.4428,18.9689],[84.4442,18.9727],[84.4515,18.9773],[84.4432,18.985],[84.4428,18.9914],[84.4315,18.9944],[84.4321,19.0062],[84.4276,19.0074],[84.4234,19.0129],[84.4215,19.0125],[84.4206,19.0205],[84.4251,19.0194],[84.424,19.0137],[84.4311,19.0131],[84.4319,19.0108],[84.4353,19.0096],[84.4371,19.0066],[84.4416,19.0029],[84.4446,19.0043],[84.4484,19.0031],[84.4544,18.9991],[84.4604,18.9966],[84.46,18.9935],[84.4644,18.9916],[84.4651,18.9944],[84.474,18.9899]]]},"properties":{"district":"Srikakulam","st_nm":"Andhra Pradesh"}},{"type":"Feature","geometry":{"type":"Polygon","coordinates":[[[83.7678,18.5667],[83.7735,18.5648],[83.7763,18.5616],[83.7792,18.5557],[83.7807,18.5505],[83.7814,18.5437],[83.7846,18.5407],[83.7899,18.5421],[83.7937,18.5465],[83.7984,18.5487],[83.8006,18.5477],[83.8025,18.544],[83.8022,18.5399],[83.798,18.5337],[83.7937,18.5293],[83.7942,18.5282],[83.791,18.5216],[83.7883,18.514],[83.7881,18.5065],[83.7913,18.5007],[83.7935,18.495],[83.8009,18.4921],[83.8081,18.4844],[83.8188,18.4746],[83.8165,18.4738],[83.8185,18.4682],[83.8138,18.4486],[83.8102,18.4426],[83.8094,18.4365],[83.8106,18.4317],[83.8122,18.4304],[83.8199,18.4272],[83.8242,18.4265],[83.8308,18.4223],[83.8332,18.4193],[83.8343,18.4147],[83.8314,18.414],[83.8307,18.4099],[83.8231,18.4042],[83.8227,18.399],[83.824,18.3966],[83.8294,18.3926],[83.8306,18.386],[83.8273,18.3847],[83.8233,18.3857],[83.8175,18.3898],[83.8093,18.3919],[83.8057,18.3935],[83.8012,18.3912],[83.7982,18.3915],[83.7965,18.3817],[83.8029,18.377],[83.8003,18.3704],[83.7961,18.3711],[83.7904,18.3697],[83.7882,18.3736],[83.7841,18.376],[83.778,18.3764],[83.7751,18.3778],[83.7728,18.3756],[83.7667,18.3743],[83.7676,18.3789],[83.7633,18.3839],[83.7596,18.3861],[83.7618,18.3881],[83.7557,18.3909],[83.755,18.3954],[83.7517,18.3967],[83.7457,18.4024],[83.7385,18.4061],[83.7387,18.41],[83.7349,18.4128],[83.7319,18.4176],[83.7289,18.4201],[83.7291,18.4273],[83.723,18.4249],[83.718,18.4241],[83.715,18.4266],[83.7225,18.4288],[83.7243,18.4334],[83.7237,18.4366],[83.7145,18.4349],[83.7096,18.4376],[83.7113,18.4406],[83.7112,18.4439],[83.7078,18.444],[83.7037,18.4422],[83.6962,18.4374],[83.6974,18.432],[83.6955,18.4293],[83.6957,18.4242],[83.7,18.4231],[83.7008,18.4198],[83.6997,18.4093],[83.7057,18.4034],[83.7048,18.399],[83.7055,18.3911],[83.7042,18.3873],[83.7015,18.3871],[83.6943,18.3889],[83.6828,18.389],[83.675,18.3863],[83.6699,18.387],[83.6629,18.3844],[83.6499,18.3855],[83.6459,18.3824],[83.6415,18.3805],[83.6384,18.3769],[83.6333,18.3763],[83.6282,18.3769],[83.6169,18.3814],[83.612,18.381],[83.6058,18.3819],[83.6034,18.3831],[83.5989,18.3805],[83.5985,18.3757],[83.5969,18.3716],[83.5999,18.3689],[83.5901,18.3655],[83.5896,18.3603],[83.5853,18.3569],[83.5852,18.3544],[83.5885,18.351],[83.5937,18.3499],[83.5994,18.3422],[83.6055,18.3416],[83.6101,18.3398],[83.6093,18.3378],[83.6025,18.3325],[83.5998,18.3297],[83.606,18.3296],[83.612,18.3284],[83.6163,18.3322],[83.6217,18.3338],[83.6241,18.3326],[83.6239,18.3273],[83.6216,18.3227],[83.6244,18.3219],[83.6477,18.3208],[83.65,18.3192],[83.6578,18.318],[83.6602,18.3189],[83.6627,18.317],[83.6685,18.317],[83.6718,18.3124],[83.6809,18.312],[83.682,18.3086],[83.6912,18.3035],[83.6962,18.3059],[83.7,18.2976],[83.7029,18.2942],[83.7031,18.292],[83.6923,18.2869],[83.6846,18.2863],[83.677,18.2841],[83.6719,18.2809],[83.6712,18.2762],[83.6687,18.2729],[83.6651,18.2711],[83.6641,18.2641],[83.6649,18.2608],[83.6644,18.2503],[83.6628,18.2479],[83.663,18.2422],[83.6618,18.2399],[83.664,18.2367],[83.6637,18.2314],[83.658,18.2261],[83.6554,18.2247],[83.6515,18.2178],[83.6507,18.2129],[83.6486,18.2105],[83.642,18.2105],[83.6321,18.2174],[83.6236,18.217],[83.6199,18.2134],[83.616,18.2081],[83.6105,18.2078],[83.6038,18.2088],[83.6026,18.2064],[83.6047,18.2044],[83.6047,18.1999],[83.6044,18.1931],[83.6108,18.1917],[83.6142,18.1841],[83.615,18.1782],[83.6134,18.176],[83.6138,18.168],[83.6121,18.1666],[83.6027,18.1649],[83.6028,18.1574],[83.604,18.1529],[83.6082,18.1482],[83.6092,18.1437],[83.6183,18.1365],[83.6187,18.1338],[83.6214,18.1329],[83.6241,18.1289],[83.6203,18.12],[83.6202,18.1154],[83.623,18.1124],[83.6306,18.1081],[83.6352,18.1045],[83.6375,18.1043],[83.6421,18.1064],[83.6479,18.1013],[83.6514,18.0941],[83.6556,18.09],[83.659,18.0885],[83.6646,18.0844],[83.664,18.0786],[83.6585,18.0744],[83.6563,18.0716],[83.6477,18.0661],[83.6437,18.0624],[83.6332,18.0548],[83.6255,18.0505],[83.609,18.0405],[83.6017,18.0351],[83.5942,18.0285],[83.5724,18.0133],[83.5677,18.0092],[83.5612,18.0006],[83.5599,17.9973],[83.56,17.9916],[83.5613,17.988],[83.5586,17.9826],[83.5502,17.974],[83.5444,17.9639],[83.5387,17.958],[83.5342,17.9547],[83.5318,17.9508],[83.5271,17.9479],[83.5185,17.9476],[83.5128,17.9447],[83.5032,17.9444],[83.4937,17.9451],[83.4893,17.9507],[83.4844,17.9585],[83.4838,17.9611],[83.4749,17.9625],[83.4706,17.9667],[83.4659,17.9675],[83.4603,17.9635],[83.4539,17.9625],[83.4513,17.96],[83.4507,17.9542],[83.4513,17.9467],[83.4489,17.9453],[83.442,17.9477],[83.4371,17.9455],[83.4425,17.9431],[83.4441,17.9406],[83.4451,17.931],[83.4486,17.928],[83.444,17.9254],[83.4385,17.9316],[83.4323,17.9368],[83.424,17.94],[83.4225,17.9435],[83.4167,17.953],[83.4108,17.9589],[83.4079,17.9632],[83.4078,17.9679],[83.4122,17.9701],[83.4128,17.9728],[83.4127,17.9852],[83.4179,17.9869],[83.4203,17.9919],[83.4289,17.9984],[83.4295,18.0075],[83.4265,18.0124],[83.4231,18.0133],[83.4171,18.0129],[83.4044,18.014],[83.4005,18.0191],[83.3999,18.0241],[83.401,18.0264],[83.3994,18.0293],[83.4001,18.0355],[83.4013,18.0389],[83.3999,18.0432],[83.3983,18.0479],[83.3899,18.0512],[83.3789,18.0525],[83.3708,18.0548],[83.3647,18.0577],[83.3608,18.063],[83.3531,18.0658],[83.3499,18.0636],[83.3425,18.0609],[83.3415,18.0588],[83.3439,18.0555],[83.3414,18.0508],[83.3345,18.0454],[83.3311,18.0429],[83.3269,18.0421],[83.3205,18.0343],[83.3195,18.0274],[83.3164,18.0257],[83.3091,18.0315],[83.306,18.029],[83.312,18.0232],[83.3085,18.0214],[83.3081,18.0183],[83.3124,18.0171],[83.314,18.012],[83.3132,18.0054],[83.3103,18.0038],[83.3047,18.0069],[83.293,18.0071],[83.2948,18.0027],[83.2959,17.9956],[83.292,17.9965],[83.278,18.0066],[83.2729,18.0051],[83.2716,17.9999],[83.2678,17.9954],[83.2681,17.9869],[83.2652,17.9819],[83.2581,17.9738],[83.2531,17.971],[83.2548,17.965],[83.2507,17.9603],[83.2493,17.9572],[83.2435,17.9498],[83.2372,17.9488],[83.23,17.9454],[83.2326,17.94],[83.2333,17.9344],[83.2361,17.9315],[83.2359,17.9268],[83.2401,17.9255],[83.2493,17.9254],[83.2561,17.9225],[83.262,17.9159],[83.2536,17.9105],[83.2463,17.9065],[83.2437,17.9037],[83.2397,17.8964],[83.2373,17.8893],[83.2339,17.8841],[83.2333,17.8755],[83.229,17.8732],[83.2144,17.8803],[83.2115,17.8763],[83.2105,17.8681],[83.2086,17.8615],[83.2134,17.8607],[83.2128,17.8577],[83.2073,17.852],[83.2062,17.8485],[83.1922,17.8511],[83.188,17.851],[83.1881,17.8454],[83.1815,17.8455],[83.1714,17.8476],[83.1673,17.8479],[83.1659,17.8461],[83.1627,17.8386],[83.1602,17.8431],[83.1515,17.8452],[83.1497,17.8502],[83.1495,17.8612],[83.1479,17.8653],[83.1483,17.8679],[83.1435,17.8728],[83.1391,17.8755],[83.1355,17.8756],[83.1328,17.8724],[83.1304,17.8732],[83.1281,17.8814],[83.1278,17.8876],[83.1251,17.8884],[83.1286,17.9003],[83.1285,17.9043],[83.1251,17.9088],[83.1213,17.9159],[83.112,17.9193],[83.1102,17.922],[83.111,17.9354],[83.1099,17.9377],[83.0983,17.9395],[83.0952,17.9381],[83.0907,17.938],[83.0868,17.9412],[83.0801,17.9443],[83.0721,17.9444],[83.065,17.9509],[83.0602,17.953],[83.0575,17.9593],[83.0503,17.9625],[83.0464,17.9629],[83.0403,17.9689],[83.032,17.9707],[83.0225,17.9699],[83.0204,17.9715],[83.0093,17.9761],[83.0077,17.9857],[83.0082,17.9921],[83.0126,17.9956],[83.0133,17.9977],[83.0076,18.0076],[83.0083,18.0183],[83.0078,18.0254],[83.0121,18.0292],[83.0136,18.0336],[83.0101,18.0361],[83.0097,18.0416],[83.0175,18.055],[83.0261,18.0607],[83.033,18.0622],[83.0419,18.0621],[83.0442,18.0634],[83.0504,18.0639],[83.0529,18.066],[83.0528,18.0742],[83.0511,18.0777],[83.0514,18.0825],[83.0541,18.0815],[83.0579,18.0775],[83.0624,18.0756],[83.0674,18.0757],[83.0706,18.0771],[83.077,18.0854],[83.0842,18.0895],[83.0929,18.0885],[83.0969,18.0913],[83.1001,18.0912],[83.1119,18.0989],[83.124,18.1012],[83.1303,18.1048],[83.1322,18.1073],[83.1316,18.1123],[83.1295,18.1133],[83.1223,18.1135],[83.1191,18.1152],[83.1258,18.1217],[83.1249,18.1274],[83.1188,18.1322],[83.1209,18.1372],[83.1234,18.1405],[83.1253,18.1455],[83.1297,18.1498],[83.1398,18.1492],[83.1487,18.1458],[83.1525,18.1452],[83.1588,18.1422],[83.1636,18.141],[83.1683,18.1439],[83.1674,18.1488],[83.1633,18.1524],[83.1504,18.1622],[83.1435,18.1638],[83.1333,18.1609],[83.1292,18.1602],[83.1235,18.1619],[83.1191,18.1673],[83.1176,18.1708],[83.1126,18.1781],[83.1074,18.1814],[83.104,18.1884],[83.1055,18.1935],[83.1029,18.1966],[83.103,18.2002],[83.1099,18.2067],[83.1149,18.2094],[83.1236,18.2078],[83.126,18.2012],[83.1308,18.2022],[83.1371,18.1991],[83.1391,18.1951],[83.1392,18.1883],[83.1373,18.1842],[83.1376,18.1809],[83.1396,18.1789],[83.1506,18.1753],[83.156,18.1751],[83.1623,18.1766],[83.1676,18.179],[83.17,18.182],[83.171,18.1879],[83.1675,18.1905],[83.1625,18.19],[83.1623,18.1926],[83.1645,18.2],[83.1631,18.2053],[83.1579,18.2102],[83.1582,18.2152],[83.1602,18.2168],[83.1694,18.2174],[83.175,18.2219],[83.1782,18.2223],[83.1808,18.217],[83.1809,18.2111],[83.1835,18.2076],[83.1842,18.2036],[83.1923,18.196],[83.1983,18.1964],[83.203,18.1947],[83.205,18.1925],[83.2107,18.1913],[83.215,18.1888],[83.2188,18.1888],[83.2234,18.1913],[83.224,18.1956],[83.2206,18.1984],[83.2157,18.1996],[83.2151,18.2033],[83.2175,18.2086],[83.2212,18.209],[83.2218,18.2164],[83.2165,18.2223],[83.22,18.2244],[83.2242,18.221],[83.2262,18.218],[83.2263,18.2067],[83.2409,18.2041],[83.2409,18.223],[83.242,18.2257],[83.2454,18.2267],[83.248,18.2301],[83.2517,18.2284],[83.256,18.224],[83.2652,18.2158],[83.2657,18.225],[83.2647,18.23],[83.2607,18.2353],[83.2603,18.2401],[83.2616,18.2424],[83.2608,18.2495],[83.2653,18.2609],[83.2655,18.2681],[83.2634,18.2711],[83.2525,18.278],[83.2387,18.2839],[83.2414,18.2878],[83.2423,18.2914],[83.2463,18.2889],[83.2477,18.291],[83.2517,18.2923],[83.256,18.295],[83.2601,18.3027],[83.2621,18.311],[83.2645,18.3118],[83.2686,18.3095],[83.2698,18.3171],[83.2754,18.318],[83.2739,18.3245],[83.2692,18.3332],[83.273,18.3369],[83.2828,18.3364],[83.2837,18.3382],[83.2878,18.3385],[83.2912,18.3411],[83.2964,18.3391],[83.3001,18.3411],[83.3058,18.3416],[83.3103,18.3405],[83.3131,18.3426],[83.3185,18.3389],[83.3225,18.3411],[83.3257,18.35],[83.3146,18.3528],[83.3155,18.3571],[83.3123,18.3575],[83.3116,18.3606],[83.3083,18.364],[83.3081,18.3692],[83.3101,18.3727],[83.3112,18.3785],[83.3079,18.3865],[83.3116,18.3903],[83.3136,18.3964],[83.3161,18.3971],[83.3148,18.4021],[83.3144,18.409],[83.315,18.4251],[83.3167,18.429],[83.3121,18.4269],[83.3086,18.4216],[83.3067,18.4168],[83.2983,18.4176],[83.2944,18.4157],[83.2843,18.4191],[83.2819,18.4224],[83.2764,18.4242],[83.2753,18.4258],[83.2666,18.4307],[83.2645,18.4274],[83.2574,18.4215],[83.2532,18.4211],[83.2405,18.4148],[83.2338,18.4158],[83.2323,18.4187],[83.2292,18.4189],[83.2249,18.4169],[83.2177,18.4164],[83.2115,18.4117],[83.2053,18.4163],[83.2021,18.4174],[83.2022,18.4233],[83.2048,18.4281],[83.2054,18.4376],[83.2021,18.4414],[83.2078,18.4407],[83.2098,18.4387],[83.2159,18.4404],[83.2189,18.4388],[83.2248,18.4424],[83.2279,18.4487],[83.2302,18.4508],[83.2344,18.4441],[83.24,18.4462],[83.2415,18.4535],[83.2468,18.4594],[83.2526,18.4579],[83.2539,18.4596],[83.2511,18.4625],[83.2588,18.4679],[83.2597,18.4704],[83.2641,18.4713],[83.2623,18.4763],[83.2555,18.4793],[83.2485,18.4751],[83.2462,18.4689],[83.2423,18.4653],[83.2402,18.467],[83.2386,18.4732],[83.2394,18.4752],[83.2322,18.4846],[83.2275,18.4871],[83.2224,18.4798],[83.2184,18.4869],[83.219,18.4922],[83.2207,18.4944],[83.2225,18.5019],[83.2245,18.5029],[83.2299,18.5085],[83.2307,18.5119],[83.2335,18.515],[83.2331,18.519],[83.2369,18.52],[83.2406,18.526],[83.2468,18.53],[83.2482,18.5319],[83.2486,18.5374],[83.2502,18.5391],[83.2586,18.5393],[83.2667,18.5421],[83.273,18.543],[83.2738,18.5477],[83.2758,18.5524],[83.2711,18.5551],[83.2653,18.5567],[83.2513,18.559],[83.2523,18.5659],[83.2588,18.568],[83.2607,18.5718],[83.2571,18.5787],[83.2613,18.5836],[83.2577,18.5865],[83.2484,18.5857],[83.2543,18.5945],[83.2581,18.5963],[83.2612,18.603],[83.2637,18.6052],[83.269,18.6136],[83.2761,18.6192],[83.2799,18.6259],[83.288,18.6276],[83.29,18.6255],[83.2893,18.6205],[83.2914,18.6196],[83.2978,18.6248],[83.3081,18.6316],[83.3105,18.6348],[83.3168,18.6412],[83.3182,18.6451],[83.319,18.6522],[83.3208,18.6577],[83.3244,18.6597],[83.331,18.659],[83.3335,18.6585],[83.3354,18.6532],[83.3403,18.6486],[83.3414,18.6462],[83.3452,18.6448],[83.3478,18.6418],[83.349,18.6382],[83.3485,18.6348],[83.3458,18.6296],[83.3445,18.6238],[83.3442,18.6153],[83.3466,18.6088],[83.3496,18.6084],[83.355,18.604],[83.3649,18.6014],[83.3676,18.5989],[83.3703,18.5995],[83.3735,18.6024],[83.3779,18.6116],[83.3811,18.6093],[83.3917,18.6095],[83.4017,18.6047],[83.406,18.6046],[83.4076,18.6096],[83.4091,18.6103],[83.4069,18.6168],[83.4104,18.6182],[83.4121,18.6209],[83.4153,18.6211],[83.417,18.6168],[83.4172,18.6122],[83.4225,18.6136],[83.423,18.6096],[83.4275,18.6099],[83.4284,18.6069],[83.4318,18.6049],[83.433,18.6094],[83.4332,18.6165],[83.4393,18.6237],[83.4453,18.6265],[83.4501,18.6267],[83.4624,18.6234],[83.4668,18.6165],[83.4738,18.6176],[83.4759,18.6171],[83.481,18.6115],[83.4867,18.6084],[83.4926,18.6018],[83.4944,18.5975],[83.4948,18.5901],[83.4928,18.5815],[83.4872,18.5728],[83.4822,18.5766],[83.4748,18.5772],[83.473,18.5735],[83.4735,18.5654],[83.4764,18.5645],[83.4796,18.5609],[83.4864,18.5598],[83.4954,18.5605],[83.4971,18.5591],[83.4999,18.5438],[83.5096,18.5398],[83.5177,18.5347],[83.5171,18.5314],[83.519,18.5278],[83.5168,18.5252],[83.5159,18.5212],[83.5291,18.5253],[83.5314,18.5316],[83.5363,18.5288],[83.5366,18.5263],[83.54,18.5264],[83.5426,18.5289],[83.5432,18.532],[83.5464,18.5337],[83.5478,18.5383],[83.5392,18.5404],[83.5377,18.5423],[83.5362,18.5505],[83.5264,18.5508],[83.5263,18.554],[83.5286,18.5583],[83.5326,18.5607],[83.5342,18.5646],[83.5371,18.5651],[83.5405,18.5679],[83.5425,18.5799],[83.5487,18.5787],[83.5529,18.5806],[83.5577,18.5845],[83.5638,18.5856],[83.5702,18.5912],[83.5691,18.5945],[83.5665,18.5951],[83.5559,18.5948],[83.5508,18.5952],[83.5504,18.5992],[83.5525,18.6105],[83.5526,18.6167],[83.5485,18.623],[83.5492,18.6276],[83.555,18.6303],[83.5562,18.6329],[83.5549,18.6389],[83.5505,18.6453],[83.5512,18.6502],[83.5565,18.6548],[83.5607,18.6651],[83.5611,18.6681],[83.5575,18.6742],[83.5556,18.6797],[83.5521,18.6839],[83.5474,18.6854],[83.5416,18.6869],[83.5401,18.6911],[83.5398,18.701],[83.5371,18.7065],[83.5386,18.7113],[83.5464,18.7118],[83.5528,18.7045],[83.5574,18.7025],[83.5646,18.7014],[83.5714,18.696],[83.5729,18.6927],[83.5726,18.689],[83.575,18.6836],[83.5722,18.68],[83.5729,18.6763],[83.5763,18.6726],[83.5826,18.6719],[83.585,18.665],[83.5894,18.6616],[83.5976,18.6588],[83.6042,18.6582],[83.6052,18.6561],[83.6039,18.6494],[83.6056,18.6475],[83.6134,18.6473],[83.6162,18.6436],[83.6204,18.64],[83.6221,18.6372],[83.6218,18.6295],[83.6229,18.6277],[83.6295,18.6246],[83.6351,18.6141],[83.6342,18.6094],[83.6354,18.6051],[83.6398,18.6028],[83.6442,18.5978],[83.6448,18.5926],[83.6485,18.5897],[83.6545,18.5875],[83.6611,18.5824],[83.6674,18.5805],[83.6809,18.5831],[83.689,18.5803],[83.6941,18.5753],[83.7008,18.5704],[83.7084,18.5698],[83.713,18.5709],[83.7203,18.5709],[83.7212,18.5694],[83.7196,18.5618],[83.7248,18.5597],[83.7285,18.5616],[83.7303,18.5661],[83.735,18.5695],[83.7406,18.5764],[83.7434,18.5831],[83.7532,18.5824],[83.7563,18.5795],[83.7542,18.5729],[83.7553,18.5692],[83.7589,18.5665],[83.7678,18.5667]],[[83.6307,18.5255],[83.6236,18.5278],[83.6145,18.5288],[83.6076,18.5287],[83.6014,18.5302],[83.5934,18.5292],[83.5874,18.5315],[83.5828,18.5313],[83.5813,18.5285],[83.5741,18.528],[83.5675,18.5303],[83.5673,18.5329],[83.5614,18.5354],[83.5584,18.5387],[83.5581,18.5496],[83.5587,18.5548],[83.5639,18.5628],[83.5732,18.5667],[83.5814,18.566],[83.5884,18.5627],[83.598,18.5601],[83.6039,18.5601],[83.609,18.5588],[83.6164,18.5618],[83.6248,18.5616],[83.6287,18.5604],[83.6323,18.5563],[83.6341,18.5464],[83.6326,18.5389],[83.6296,18.5362],[83.6307,18.5342],[83.6307,18.5255]]]},"properties":{"district":"Vizianagaram","st_nm":"Andhra Pradesh"}},{"type":"Feature","geometry":{"type":"MultiPolygon","coordinates":[[[[83.8931,18.8141],[83.8889,18.8105],[83.8804,18.8138],[83.8797,18.8085],[83.8781,18.8072],[83.8831,18.8015],[83.886,18.8016],[83.8885,18.7966],[83.8801,18.7925],[83.8763,18.7928],[83.8737,18.7902],[83.8688,18.7886],[83.8652,18.7888],[83.8582,18.787],[83.8509,18.789],[83.8476,18.7877],[83.8448,18.7818],[83.8376,18.779],[83.8382,18.7754],[83.8366,18.7729],[83.8419,18.7674],[83.8479,18.7672],[83.8517,18.7655],[83.8547,18.7686],[83.8575,18.7655],[83.8625,18.7632],[83.8653,18.7665],[83.8693,18.7645],[83.8717,18.7608],[83.8709,18.7519],[83.8741,18.7472],[83.8765,18.7484],[83.8804,18.7472],[83.883,18.7417],[83.8834,18.7368],[83.8791,18.741],[83.8767,18.7389],[83.8734,18.7408],[83.8709,18.7446],[83.8654,18.7427],[83.8613,18.7372],[83.8582,18.7366],[83.8509,18.733],[83.8382,18.7336],[83.8371,18.7296],[83.8339,18.7266],[83.8377,18.7227],[83.8371,18.7043],[83.8374,18.702],[83.8406,18.6976],[83.8401,18.6926],[83.8488,18.685],[83.8506,18.6804],[83.8577,18.6588],[83.8698,18.6467],[83.8782,18.6404],[83.8804,18.6369],[83.8829,18.6356],[83.889,18.6346],[83.8869,18.6309],[83.892,18.6265],[83.8922,18.6213],[83.8863,18.6197],[83.8876,18.6159],[83.8925,18.6127],[83.8939,18.6082],[83.8941,18.6023],[83.8931,18.5981],[83.8997,18.6004],[83.9009,18.5959],[83.8984,18.594],[83.903,18.5908],[83.9037,18.5878],[83.9087,18.5877],[83.9076,18.5852],[83.9106,18.5811],[83.9137,18.5677],[83.9116,18.5645],[83.9063,18.5662],[83.9041,18.5619],[83.9063,18.5601],[83.9074,18.5555],[83.9141,18.5517],[83.9142,18.5408],[83.9116,18.5393],[83.9068,18.5386],[83.9072,18.5346],[83.9048,18.5329],[83.8993,18.534],[83.8927,18.5398],[83.8886,18.5415],[83.8854,18.54],[83.8822,18.5453],[83.8812,18.5506],[83.8791,18.5524],[83.8748,18.5478],[83.8678,18.5486],[83.8685,18.543],[83.8637,18.5427],[83.8623,18.5397],[83.8664,18.5364],[83.8593,18.5332],[83.8581,18.531],[83.8519,18.5326],[83.8489,18.5375],[83.8425,18.5442],[83.8393,18.5408],[83.8363,18.5415],[83.8303,18.5535],[83.8259,18.5558],[83.8245,18.5577],[83.8243,18.563],[83.8285,18.5658],[83.8315,18.5646],[83.8325,18.5682],[83.8309,18.5722],[83.833,18.583],[83.832,18.5938],[83.8319,18.6016],[83.8257,18.6144],[83.8235,18.6144],[83.8169,18.6187],[83.8138,18.623],[83.8114,18.623],[83.8053,18.6289],[83.8027,18.6297],[83.7996,18.635],[83.7971,18.6326],[83.7885,18.6276],[83.7883,18.6237],[83.7823,18.6196],[83.7827,18.6152],[83.7848,18.6126],[83.7911,18.6148],[83.7933,18.614],[83.794,18.6065],[83.7879,18.6042],[83.7875,18.5997],[83.781,18.6],[83.7784,18.5985],[83.7772,18.5943],[83.7747,18.5903],[83.7773,18.5869],[83.7759,18.5805],[83.7708,18.5788],[83.7689,18.577],[83.7694,18.5697],[83.7678,18.5667],[83.7589,18.5665],[83.7553,18.5692],[83.7542,18.5729],[83.7563,18.5795],[83.7532,18.5824],[83.7434,18.5831],[83.7406,18.5764],[83.735,18.5695],[83.7303,18.5661],[83.7285,18.5616],[83.7248,18.5597],[83.7196,18.5618],[83.7212,18.5694],[83.7203,18.5709],[83.713,18.5709],[83.7084,18.5698],[83.7008,18.5704],[83.6941,18.5753],[83.689,18.5803],[83.6809,18.5831],[83.6674,18.5805],[83.6611,18.5824],[83.6545,18.5875],[83.6485,18.5897],[83.6448,18.5926],[83.6442,18.5978],[83.6398,18.6028],[83.6354,18.6051],[83.6342,18.6094],[83.6351,18.6141],[83.6295,18.6246],[83.6229,18.6277],[83.6218,18.6295],[83.6221,18.6372],[83.6204,18.64],[83.6162,18.6436],[83.6134,18.6473],[83.6056,18.6475],[83.6039,18.6494],[83.6052,18.6561],[83.6042,18.6582],[83.5976,18.6588],[83.5894,18.6616],[83.585,18.665],[83.5826,18.6719],[83.5763,18.6726],[83.5729,18.6763],[83.5722,18.68],[83.575,18.6836],[83.5726,18.689],[83.5729,18.6927],[83.5714,18.696],[83.5646,18.7014],[83.5574,18.7025],[83.5528,18.7045],[83.5464,18.7118],[83.5386,18.7113],[83.5371,18.7065],[83.5398,18.701],[83.5401,18.6911],[83.5416,18.6869],[83.5474,18.6854],[83.5521,18.6839],[83.5556,18.6797],[83.5575,18.6742],[83.5611,18.6681],[83.5607,18.6651],[83.5565,18.6548],[83.5512,18.6502],[83.5505,18.6453],[83.5549,18.6389],[83.5562,18.6329],[83.555,18.6303],[83.5492,18.6276],[83.5485,18.623],[83.5526,18.6167],[83.5525,18.6105],[83.5504,18.5992],[83.5508,18.5952],[83.5559,18.5948],[83.5665,18.5951],[83.5691,18.5945],[83.5702,18.5912],[83.5638,18.5856],[83.5577,18.5845],[83.5529,18.5806],[83.5487,18.5787],[83.5425,18.5799],[83.5405,18.5679],[83.5371,18.5651],[83.5342,18.5646],[83.5326,18.5607],[83.5286,18.5583],[83.5263,18.554],[83.5264,18.5508],[83.5362,18.5505],[83.5377,18.5423],[83.5392,18.5404],[83.5478,18.5383],[83.5464,18.5337],[83.5432,18.532],[83.5426,18.5289],[83.54,18.5264],[83.5366,18.5263],[83.5363,18.5288],[83.5314,18.5316],[83.5291,18.5253],[83.5159,18.5212],[83.5168,18.5252],[83.519,18.5278],[83.5171,18.5314],[83.5177,18.5347],[83.5096,18.5398],[83.4999,18.5438],[83.4971,18.5591],[83.4954,18.5605],[83.4864,18.5598],[83.4796,18.5609],[83.4764,18.5645],[83.4735,18.5654],[83.473,18.5735],[83.4748,18.5772],[83.4822,18.5766],[83.4872,18.5728],[83.4928,18.5815],[83.4948,18.5901],[83.4944,18.5975],[83.4926,18.6018],[83.4867,18.6084],[83.481,18.6115],[83.4759,18.6171],[83.4738,18.6176],[83.4668,18.6165],[83.4624,18.6234],[83.4501,18.6267],[83.4453,18.6265],[83.4393,18.6237],[83.4332,18.6165],[83.433,18.6094],[83.4318,18.6049],[83.4284,18.6069],[83.4275,18.6099],[83.423,18.6096],[83.4225,18.6136],[83.4172,18.6122],[83.417,18.6168],[83.4153,18.6211],[83.4121,18.6209],[83.4104,18.6182],[83.4069,18.6168],[83.4091,18.6103],[83.4076,18.6096],[83.406,18.6046],[83.4017,18.6047],[83.3917,18.6095],[83.3811,18.6093],[83.3779,18.6116],[83.3735,18.6024],[83.3703,18.5995],[83.3676,18.5989],[83.3649,18.6014],[83.355,18.604],[83.3496,18.6084],[83.3466,18.6088],[83.3442,18.6153],[83.3445,18.6238],[83.3458,18.6296],[83.3485,18.6348],[83.349,18.6382],[83.3478,18.6418],[83.3452,18.6448],[83.3414,18.6462],[83.3403,18.6486],[83.3354,18.6532],[83.3335,18.6585],[83.331,18.659],[83.3244,18.6597],[83.3208,18.6577],[83.319,18.6522],[83.3182,18.6451],[83.3168,18.6412],[83.3105,18.6348],[83.3081,18.6316],[83.2978,18.6248],[83.2914,18.6196],[83.2893,18.6205],[83.29,18.6255],[83.288,18.6276],[83.2799,18.6259],[83.2761,18.6192],[83.269,18.6136],[83.2637,18.6052],[83.2612,18.603],[83.2581,18.5963],[83.2543,18.5945],[83.2484,18.5857],[83.2577,18.5865],[83.2613,18.5836],[83.2571,18.5787],[83.2607,18.5718],[83.2588,18.568],[83.2523,18.5659],[83.2513,18.559],[83.2653,18.5567],[83.2711,18.5551],[83.2758,18.5524],[83.2738,18.5477],[83.273,18.543],[83.2667,18.5421],[83.2586,18.5393],[83.2502,18.5391],[83.2486,18.5374],[83.2482,18.5319],[83.2468,18.53],[83.2406,18.526],[83.2369,18.52],[83.2331,18.519],[83.2335,18.515],[83.2307,18.5119],[83.2299,18.5085],[83.2245,18.5029],[83.2225,18.5019],[83.2207,18.4944],[83.219,18.4922],[83.2184,18.4869],[83.2224,18.4798],[83.2275,18.4871],[83.2322,18.4846],[83.2394,18.4752],[83.2386,18.4732],[83.2402,18.467],[83.2423,18.4653],[83.2462,18.4689],[83.2485,18.4751],[83.2555,18.4793],[83.2623,18.4763],[83.2641,18.4713],[83.2597,18.4704],[83.2588,18.4679],[83.2511,18.4625],[83.2539,18.4596],[83.2526,18.4579],[83.2468,18.4594],[83.2415,18.4535],[83.24,18.4462],[83.2344,18.4441],[83.2302,18.4508],[83.2279,18.4487],[83.2248,18.4424],[83.2189,18.4388],[83.2159,18.4404],[83.2098,18.4387],[83.2078,18.4407],[83.2021,18.4414],[83.2054,18.4376],[83.2048,18.4281],[83.2022,18.4233],[83.2021,18.4174],[83.2053,18.4163],[83.2115,18.4117],[83.2177,18.4164],[83.2249,18.4169],[83.2292,18.4189],[83.2323,18.4187],[83.2338,18.4158],[83.2405,18.4148],[83.2532,18.4211],[83.2574,18.4215],[83.2645,18.4274],[83.2666,18.4307],[83.2753,18.4258],[83.2764,18.4242],[83.2819,18.4224],[83.2843,18.4191],[83.2944,18.4157],[83.2983,18.4176],[83.3067,18.4168],[83.3086,18.4216],[83.3121,18.4269],[83.3167,18.429],[83.315,18.4251],[83.3144,18.409],[83.3148,18.4021],[83.3161,18.3971],[83.3136,18.3964],[83.3116,18.3903],[83.3079,18.3865],[83.3112,18.3785],[83.3101,18.3727],[83.3081,18.3692],[83.3083,18.364],[83.3116,18.3606],[83.3123,18.3575],[83.3155,18.3571],[83.3146,18.3528],[83.3257,18.35],[83.3225,18.3411],[83.3185,18.3389],[83.3131,18.3426],[83.3103,18.3405],[83.3058,18.3416],[83.3001,18.3411],[83.2964,18.3391],[83.2912,18.3411],[83.2878,18.3385],[83.2837,18.3382],[83.2828,18.3364],[83.273,18.3369],[83.2692,18.3332],[83.2739,18.3245],[83.2754,18.318],[83.2698,18.3171],[83.2686,18.3095],[83.2645,18.3118],[83.2621,18.311],[83.2601,18.3027],[83.256,18.295],[83.2517,18.2923],[83.2477,18.291],[83.2463,18.2889],[83.2423,18.2914],[83.2414,18.2878],[83.2387,18.2839],[83.2351,18.2855],[83.2251,18.2926],[83.2191,18.2961],[83.218,18.3009],[83.2206,18.3031],[83.2208,18.3066],[83.2254,18.3135],[83.2291,18.3172],[83.2291,18.3225],[83.2268,18.3278],[83.2217,18.3295],[83.2166,18.329],[83.214,18.3274],[83.2068,18.3269],[83.2022,18.3241],[83.1951,18.323],[83.1919,18.3194],[83.1868,18.3178],[83.18,18.3098],[83.1783,18.3086],[83.1707,18.3087],[83.1694,18.3114],[83.1694,18.3246],[83.1671,18.3288],[83.1654,18.3344],[83.1635,18.3367],[83.1585,18.3393],[83.1508,18.3406],[83.144,18.3437],[83.1344,18.349],[83.1238,18.3497],[83.1179,18.348],[83.1133,18.3477],[83.1123,18.3519],[83.1073,18.3533],[83.106,18.3564],[83.0955,18.3521],[83.0953,18.3479],[83.0936,18.3416],[83.0898,18.3439],[83.0815,18.3456],[83.0794,18.3513],[83.0794,18.3562],[83.0762,18.3611],[83.0769,18.3698],[83.0809,18.3765],[83.093,18.3893],[83.0975,18.393],[83.1055,18.412],[83.101,18.4124],[83.0917,18.4109],[83.0884,18.4116],[83.087,18.4064],[83.0801,18.4024],[83.0771,18.4031],[83.0768,18.4051],[83.0693,18.4082],[83.0644,18.409],[83.058,18.4185],[83.0666,18.4237],[83.0675,18.4296],[83.0634,18.4317],[83.0603,18.4361],[83.0512,18.4334],[83.046,18.426],[83.043,18.4258],[83.0379,18.434],[83.0411,18.4402],[83.0365,18.4424],[83.0335,18.447],[83.0272,18.4468],[83.0231,18.4492],[83.0209,18.4556],[83.0306,18.4656],[83.0377,18.4681],[83.0471,18.4781],[83.0543,18.484],[83.0561,18.4887],[83.0553,18.4952],[83.0579,18.4964],[83.0604,18.5016],[83.0639,18.5018],[83.0668,18.5062],[83.0754,18.5145],[83.0758,18.5216],[83.0769,18.5256],[83.0846,18.5325],[83.0901,18.5388],[83.0929,18.5388],[83.095,18.5445],[83.0945,18.5473],[83.0898,18.5522],[83.0833,18.5512],[83.081,18.5533],[83.0788,18.55],[83.072,18.5495],[83.07,18.5474],[83.0608,18.5411],[83.0553,18.5434],[83.0495,18.5432],[83.0447,18.544],[83.0383,18.5552],[83.0334,18.5682],[83.0296,18.5731],[83.0321,18.5783],[83.0371,18.5801],[83.0386,18.5839],[83.0418,18.5867],[83.048,18.586],[83.053,18.5875],[83.0526,18.6004],[83.0468,18.5981],[83.0448,18.5989],[83.0343,18.5939],[83.0278,18.592],[83.0235,18.5894],[83.0179,18.5929],[83.0138,18.5933],[83.0127,18.5991],[83.0149,18.6011],[83.0152,18.6047],[83.0079,18.6065],[83.0003,18.6073],[82.9989,18.6178],[82.9999,18.6195],[83.0058,18.6212],[83.0083,18.6256],[83.0155,18.6323],[83.0194,18.6348],[83.0153,18.64],[83.0129,18.645],[83.0167,18.6494],[83.0224,18.6503],[83.0251,18.6538],[83.0357,18.6558],[83.0391,18.6573],[83.0441,18.6576],[83.058,18.6646],[83.0613,18.6794],[83.0629,18.6834],[83.0719,18.6951],[83.0738,18.6993],[83.0712,18.7008],[83.0725,18.7046],[83.0821,18.7144],[83.087,18.7173],[83.0927,18.723],[83.0949,18.7289],[83.1014,18.7317],[83.1066,18.7425],[83.1072,18.7458],[83.1131,18.7526],[83.1194,18.7563],[83.1222,18.7567],[83.1235,18.76],[83.1202,18.7659],[83.1153,18.7676],[83.1212,18.7727],[83.127,18.7758],[83.1301,18.779],[83.1391,18.7844],[83.1422,18.7812],[83.1515,18.7754],[83.1517,18.7729],[83.1554,18.768],[83.1605,18.7662],[83.164,18.7662],[83.1648,18.7683],[83.178,18.7703],[83.1852,18.7623],[83.1908,18.7544],[83.1937,18.7523],[83.1973,18.7527],[83.2012,18.7508],[83.2061,18.7509],[83.2078,18.7488],[83.2071,18.7458],[83.2091,18.7411],[83.2124,18.7367],[83.2112,18.732],[83.2143,18.7323],[83.2158,18.7404],[83.2177,18.7445],[83.2198,18.747],[83.2254,18.7508],[83.2276,18.7545],[83.2278,18.7611],[83.2243,18.766],[83.2223,18.7724],[83.2245,18.7745],[83.2311,18.7744],[83.2389,18.7714],[83.2427,18.7676],[83.2517,18.7682],[83.2529,18.7668],[83.2631,18.7689],[83.2656,18.7665],[83.2716,18.7642],[83.2767,18.7686],[83.2814,18.7741],[83.2771,18.7783],[83.275,18.7817],[83.2803,18.7937],[83.2849,18.7973],[83.2926,18.7986],[83.2984,18.801],[83.3035,18.8039],[83.3066,18.808],[83.3092,18.8085],[83.3172,18.8049],[83.3239,18.8041],[83.3301,18.8059],[83.3278,18.8108],[83.3286,18.8172],[83.3379,18.8236],[83.3403,18.8232],[83.348,18.8265],[83.3494,18.83],[83.3522,18.8304],[83.3588,18.8339],[83.3616,18.8388],[83.3648,18.842],[83.3692,18.8433],[83.3715,18.8418],[83.3726,18.8377],[83.3749,18.8362],[83.3786,18.8298],[83.3831,18.8322],[83.3968,18.8376],[83.4037,18.8425],[83.4039,18.8563],[83.4049,18.8624],[83.4093,18.8651],[83.4145,18.8727],[83.4115,18.8733],[83.4074,18.8764],[83.4009,18.8763],[83.3928,18.8813],[83.3929,18.8836],[83.3903,18.8864],[83.3814,18.8912],[83.3813,18.8933],[83.3777,18.8963],[83.3842,18.9031],[83.3925,18.9068],[83.3919,18.9081],[83.3839,18.913],[83.3815,18.9133],[83.3767,18.909],[83.3688,18.9077],[83.3628,18.9135],[83.3593,18.9156],[83.3568,18.924],[83.3527,18.9292],[83.3522,18.9353],[83.3538,18.942],[83.362,18.9401],[83.3701,18.9415],[83.3685,18.9289],[83.3711,18.9259],[83.3762,18.9254],[83.3784,18.9241],[83.382,18.9267],[83.3861,18.9313],[83.3866,18.9332],[83.3713,18.9423],[83.3708,18.9463],[83.3666,18.9544],[83.3686,18.9596],[83.3666,18.963],[83.364,18.962],[83.3565,18.9648],[83.3549,18.9665],[83.3505,18.9658],[83.3485,18.9586],[83.3507,18.952],[83.3511,18.9454],[83.3503,18.9428],[83.3446,18.9414],[83.3455,18.9322],[83.3486,18.9256],[83.3347,18.9242],[83.3337,18.928],[83.3261,18.9311],[83.325,18.9365],[83.3277,18.9443],[83.3389,18.9464],[83.3399,18.9501],[83.3387,18.9529],[83.3335,18.954],[83.3323,18.9576],[83.3335,18.965],[83.3316,18.9684],[83.3283,18.9664],[83.3216,18.9696],[83.3188,18.9742],[83.3183,18.979],[83.316,18.9829],[83.3171,18.9851],[83.3144,18.9904],[83.3128,18.9905],[83.3106,18.9949],[83.3107,18.998],[83.3169,19.0008],[83.3206,18.9984],[83.3274,19.0015],[83.331,18.998],[83.3355,18.9975],[83.3381,19],[83.3365,19.0018],[83.3368,19.0053],[83.3407,19.0096],[83.343,19.0173],[83.3477,19.0161],[83.3507,19.0178],[83.3546,19.0171],[83.3582,19.0185],[83.3675,19.0154],[83.3652,19.0096],[83.3665,19.0053],[83.3705,19.0021],[83.3761,19.002],[83.3844,19.0005],[83.3911,19.0042],[83.3948,19.0054],[83.3959,19.0088],[83.4001,19.0086],[83.4072,19.0031],[83.4149,19.0023],[83.4157,18.9999],[83.4194,18.9998],[83.4152,18.9894],[83.4203,18.9879],[83.4272,18.9809],[83.4385,18.9749],[83.4398,18.9708],[83.4447,18.9656],[83.4436,18.9598],[83.4465,18.9576],[83.4611,18.9542],[83.4667,18.964],[83.4698,18.9682],[83.4684,18.9793],[83.464,18.9798],[83.4676,18.9903],[83.4656,18.9922],[83.4562,18.9907],[83.4557,18.9974],[83.4546,18.9999],[83.4506,19.0039],[83.45,19.0092],[83.4528,19.0119],[83.464,19.0112],[83.472,19.0065],[83.4783,19.0068],[83.4826,19.0144],[83.4797,19.017],[83.4795,19.0214],[83.4824,19.0288],[83.4833,19.0335],[83.4702,19.0434],[83.4711,19.0482],[83.4679,19.0542],[83.4694,19.0567],[83.4679,19.0622],[83.4624,19.0628],[83.4648,19.0741],[83.4631,19.0751],[83.4663,19.0791],[83.4703,19.0795],[83.473,19.0763],[83.4784,19.0785],[83.4766,19.085],[83.4725,19.085],[83.4679,19.0882],[83.4697,19.0924],[83.474,19.0941],[83.479,19.0921],[83.4824,19.0924],[83.4862,19.0872],[83.4819,19.0842],[83.4827,19.0803],[83.481,19.0778],[83.4871,19.0729],[83.4892,19.0726],[83.4966,19.0638],[83.5008,19.0618],[83.5018,19.0652],[83.5054,19.0653],[83.5112,19.0697],[83.5131,19.0597],[83.5165,19.0568],[83.5152,19.0499],[83.5136,19.0472],[83.5196,19.0385],[83.5175,19.0348],[83.5172,19.0314],[83.5149,19.0278],[83.5086,19.0349],[83.5,19.0355],[83.4956,19.0312],[83.5013,19.0196],[83.5175,19.0155],[83.5227,19.0115],[83.5246,19.0138],[83.527,19.0126],[83.5381,19.0122],[83.5389,19.0217],[83.5416,19.0291],[83.54,19.0327],[83.5418,19.0409],[83.5469,19.0429],[83.5521,19.054],[83.5555,19.0543],[83.5553,19.0616],[83.5534,19.0685],[83.5514,19.071],[83.5487,19.0774],[83.5553,19.0861],[83.5599,19.0865],[83.5619,19.0844],[83.5654,19.0774],[83.567,19.0714],[83.564,19.0693],[83.5607,19.0634],[83.5644,19.0571],[83.5674,19.0592],[83.5746,19.0608],[83.5798,19.06],[83.5846,19.0569],[83.5841,19.0635],[83.5865,19.067],[83.586,19.0778],[83.5849,19.0841],[83.5867,19.0869],[83.5924,19.0917],[83.6013,19.0941],[83.6034,19.0918],[83.6106,19.0953],[83.6093,19.1009],[83.6035,19.1115],[83.5979,19.1181],[83.5989,19.1286],[83.6016,19.1344],[83.6045,19.1351],[83.608,19.1389],[83.616,19.1363],[83.6187,19.1404],[83.6209,19.1408],[83.622,19.1465],[83.6276,19.1501],[83.6278,19.1558],[83.6264,19.16],[83.6339,19.1586],[83.638,19.1522],[83.6344,19.1511],[83.6348,19.1481],[83.6318,19.1408],[83.637,19.1307],[83.6421,19.1312],[83.6472,19.129],[83.6532,19.1307],[83.6551,19.1286],[83.6544,19.1214],[83.6497,19.1226],[83.6471,19.1181],[83.6504,19.1167],[83.6511,19.1085],[83.6563,19.107],[83.6574,19.1021],[83.6628,19.0976],[83.664,19.0914],[83.6604,19.0837],[83.6611,19.0801],[83.6639,19.0754],[83.6724,19.0731],[83.6756,19.0699],[83.6763,19.0651],[83.6807,19.0608],[83.6854,19.0579],[83.6885,19.0504],[83.6913,19.0466],[83.6927,19.0389],[83.6975,19.0336],[83.6981,19.0292],[83.7009,19.0244],[83.7054,19.023],[83.7098,19.0242],[83.7161,19.0233],[83.7181,19.0217],[83.7249,19.0199],[83.7284,19.021],[83.7279,19.0162],[83.7248,19.013],[83.7239,19.0098],[83.7191,19.01],[83.7106,19.0069],[83.7089,19.0053],[83.7096,19.0021],[83.7137,18.9969],[83.7141,18.9929],[83.719,18.9927],[83.7333,18.9871],[83.733,18.9788],[83.7345,18.9694],[83.7388,18.9608],[83.741,18.9484],[83.747,18.9432],[83.7471,18.9391],[83.7491,18.9339],[83.7513,18.9314],[83.7537,18.9252],[83.7632,18.9262],[83.7664,18.9228],[83.7694,18.9139],[83.7724,18.9138],[83.7772,18.9111],[83.7807,18.9115],[83.7882,18.9153],[83.7881,18.9193],[83.7855,18.9251],[83.7851,18.9332],[83.7787,18.9365],[83.777,18.9445],[83.7729,18.9437],[83.7705,18.9491],[83.77,18.9539],[83.7682,18.9542],[83.7595,18.9498],[83.7577,18.9583],[83.7558,18.9609],[83.7551,18.9714],[83.7479,18.974],[83.7451,18.9861],[83.745,18.9887],[83.7476,18.996],[83.7534,18.9997],[83.7558,18.9991],[83.7585,19.0025],[83.7635,19.003],[83.7668,19.0065],[83.7719,19.0082],[83.7779,19.0075],[83.7819,19.0084],[83.7812,19.0139],[83.7778,19.0157],[83.7805,19.0185],[83.7891,19.0186],[83.7948,19.0179],[83.7946,19.0115],[83.7936,19.0075],[83.7968,19.0009],[83.8084,18.9919],[83.8128,18.9788],[83.8167,18.9744],[83.8189,18.9692],[83.8199,18.9639],[83.8229,18.9561],[83.8225,18.9513],[83.8195,18.944],[83.8198,18.94],[83.823,18.9362],[83.8288,18.9318],[83.8291,18.9274],[83.8238,18.9219],[83.8233,18.9183],[83.828,18.9141],[83.8319,18.9148],[83.8388,18.9183],[83.8428,18.9179],[83.8453,18.9155],[83.8487,18.905],[83.8497,18.8982],[83.8478,18.8918],[83.8445,18.8845],[83.8429,18.8755],[83.8474,18.8671],[83.8499,18.8605],[83.8521,18.8579],[83.8595,18.8543],[83.867,18.8518],[83.8708,18.8474],[83.8749,18.8447],[83.8801,18.8388],[83.8842,18.8353],[83.8909,18.8262],[83.8931,18.8141]]],[[[83.5584,18.5387],[83.5581,18.5496],[83.5587,18.5548],[83.5639,18.5628],[83.5732,18.5667],[83.5814,18.566],[83.5884,18.5627],[83.598,18.5601],[83.6039,18.5601],[83.609,18.5588],[83.6164,18.5618],[83.6248,18.5616],[83.6287,18.5604],[83.6323,18.5563],[83.6341,18.5464],[83.6326,18.5389],[83.6296,18.5362],[83.6307,18.5342],[83.6307,18.5255],[83.6236,18.5278],[83.6145,18.5288],[83.6076,18.5287],[83.6014,18.5302],[83.5934,18.5292],[83.5874,18.5315],[83.5828,18.5313],[83.5813,18.5285],[83.5741,18.528],[83.5675,18.5303],[83.5673,18.5329],[83.5614,18.5354],[83.5584,18.5387]]]]},"properties":{"district":"Parvathipuram Manyam","st_nm":"Andhra Pradesh"}},{"type":"Feature","geometry":{"type":"Polygon","coordinates":[[[83.2729,18.0051],[83.278,18.0066],[83.292,17.9965],[83.2959,17.9956],[83.2948,18.0027],[83.293,18.0071],[83.3047,18.0069],[83.3103,18.0038],[83.3132,18.0054],[83.314,18.012],[83.3124,18.0171],[83.3081,18.0183],[83.3085,18.0214],[83.312,18.0232],[83.306,18.029],[83.3091,18.0315],[83.3164,18.0257],[83.3195,18.0274],[83.3205,18.0343],[83.3269,18.0421],[83.3311,18.0429],[83.3345,18.0454],[83.3414,18.0508],[83.3439,18.0555],[83.3415,18.0588],[83.3425,18.0609],[83.3499,18.0636],[83.3531,18.0658],[83.3608,18.063],[83.3647,18.0577],[83.3708,18.0548],[83.3789,18.0525],[83.3899,18.0512],[83.3983,18.0479],[83.3999,18.0432],[83.4013,18.0389],[83.4001,18.0355],[83.3994,18.0293],[83.401,18.0264],[83.3999,18.0241],[83.4005,18.0191],[83.4044,18.014],[83.4171,18.0129],[83.4231,18.0133],[83.4265,18.0124],[83.4295,18.0075],[83.4289,17.9984],[83.4203,17.9919],[83.4179,17.9869],[83.4127,17.9852],[83.4128,17.9728],[83.4122,17.9701],[83.4078,17.9679],[83.4079,17.9632],[83.4108,17.9589],[83.4167,17.953],[83.4225,17.9435],[83.424,17.94],[83.4323,17.9368],[83.4385,17.9316],[83.444,17.9254],[83.4486,17.928],[83.4451,17.931],[83.4441,17.9406],[83.4425,17.9431],[83.4371,17.9455],[83.442,17.9477],[83.4489,17.9453],[83.4513,17.9467],[83.4507,17.9542],[83.4513,17.96],[83.4539,17.9625],[83.4603,17.9635],[83.4659,17.9675],[83.4706,17.9667],[83.4749,17.9625],[83.4838,17.9611],[83.4844,17.9585],[83.4893,17.9507],[83.4937,17.9451],[83.5032,17.9444],[83.5128,17.9447],[83.5185,17.9476],[83.5271,17.9479],[83.5169,17.9421],[83.5121,17.9371],[83.5046,17.9336],[83.4895,17.9253],[83.479,17.919],[83.472,17.9142],[83.459,17.903],[83.4549,17.8972],[83.4564,17.8904],[83.4547,17.8871],[83.4468,17.8792],[83.4437,17.8724],[83.4323,17.8662],[83.4227,17.8598],[83.4181,17.8555],[83.413,17.849],[83.4101,17.8396],[83.4133,17.8353],[83.4161,17.8347],[83.4161,17.8215],[83.4111,17.8133],[83.4102,17.8103],[83.4045,17.8047],[83.3981,17.8],[83.3975,17.7981],[83.3913,17.7931],[83.3852,17.7835],[83.3862,17.7782],[83.373,17.7683],[83.362,17.7629],[83.3547,17.7572],[83.3547,17.7557],[83.3506,17.7514],[83.3505,17.7469],[83.3472,17.7439],[83.3439,17.7391],[83.3432,17.7358],[83.3438,17.7306],[83.3467,17.7273],[83.3434,17.7236],[83.3371,17.7194],[83.3239,17.7139],[83.3172,17.71],[83.3094,17.7047],[83.3013,17.6969],[83.3047,17.6945],[83.3019,17.6916],[83.2981,17.6946],[83.2953,17.6891],[83.2933,17.6877],[83.2963,17.6826],[83.2949,17.6749],[83.2853,17.6662],[83.2822,17.6602],[83.276,17.6569],[83.2652,17.6519],[83.2614,17.6488],[83.2591,17.6435],[83.2504,17.6389],[83.2448,17.642],[83.2451,17.648],[83.2463,17.6504],[83.2515,17.6567],[83.2536,17.6655],[83.2522,17.6671],[83.2417,17.6672],[83.2387,17.6662],[83.227,17.6694],[83.2195,17.6742],[83.2062,17.678],[83.2001,17.6784],[83.1983,17.6777],[83.1952,17.672],[83.1968,17.6566],[83.1988,17.6539],[83.1996,17.6491],[83.1988,17.642],[83.1882,17.6435],[83.1875,17.6409],[83.183,17.6375],[83.1785,17.6382],[83.1772,17.6361],[83.1721,17.6361],[83.1692,17.6372],[83.1609,17.6382],[83.1571,17.6377],[83.154,17.6394],[83.1482,17.6402],[83.1528,17.6487],[83.1475,17.6499],[83.146,17.6557],[83.1394,17.6561],[83.1307,17.6585],[83.1254,17.6588],[83.1276,17.6623],[83.1263,17.666],[83.1227,17.6679],[83.1218,17.6715],[83.1245,17.6733],[83.1278,17.6822],[83.122,17.6828],[83.1188,17.6863],[83.1156,17.6861],[83.1121,17.693],[83.1143,17.6958],[83.1141,17.6984],[83.1195,17.6977],[83.1223,17.7007],[83.1222,17.7097],[83.1248,17.711],[83.1326,17.7087],[83.1371,17.7096],[83.1377,17.713],[83.1459,17.7131],[83.1513,17.7179],[83.155,17.7289],[83.1547,17.7323],[83.1604,17.7285],[83.1795,17.7243],[83.1844,17.7227],[83.1845,17.7204],[83.1884,17.7156],[83.1903,17.7149],[83.1958,17.7167],[83.1971,17.7093],[83.2026,17.708],[83.2067,17.7088],[83.2079,17.7133],[83.2102,17.7177],[83.2014,17.7179],[83.1996,17.7215],[83.2024,17.7229],[83.2071,17.7222],[83.212,17.7193],[83.2156,17.7211],[83.2149,17.7274],[83.209,17.7295],[83.208,17.7322],[83.2094,17.7357],[83.2059,17.741],[83.2041,17.7464],[83.2007,17.7526],[83.2017,17.7548],[83.1989,17.7568],[83.2008,17.7589],[83.2033,17.7661],[83.2139,17.76],[83.2183,17.7558],[83.2236,17.7565],[83.2278,17.7643],[83.2354,17.7694],[83.2341,17.7784],[83.2339,17.7931],[83.2437,17.7999],[83.2491,17.8051],[83.2541,17.8081],[83.2571,17.8079],[83.2582,17.8154],[83.2629,17.8247],[83.2518,17.8274],[83.2449,17.8286],[83.2434,17.8299],[83.2367,17.8293],[83.2387,17.8361],[83.236,17.8469],[83.2388,17.8511],[83.2373,17.8528],[83.2292,17.8584],[83.2308,17.8653],[83.2346,17.874],[83.2333,17.8755],[83.2339,17.8841],[83.2373,17.8893],[83.2397,17.8964],[83.2437,17.9037],[83.2463,17.9065],[83.2536,17.9105],[83.262,17.9159],[83.2561,17.9225],[83.2493,17.9254],[83.2401,17.9255],[83.2359,17.9268],[83.2361,17.9315],[83.2333,17.9344],[83.2326,17.94],[83.23,17.9454],[83.2372,17.9488],[83.2435,17.9498],[83.2493,17.9572],[83.2507,17.9603],[83.2548,17.965],[83.2531,17.971],[83.2581,17.9738],[83.2652,17.9819],[83.2681,17.9869],[83.2678,17.9954],[83.2716,17.9999],[83.2729,18.0051]]]},"properties":{"district":"Visakhapatnam","st_nm":"Andhra Pradesh"}},{"type":"Feature","geometry":{"type":"Polygon","coordinates":[[[82.5621,17.7462],[82.5611,17.7533],[82.5612,17.7591],[82.5626,17.7614],[82.564,17.7693],[82.5715,17.7698],[82.5766,17.7691],[82.5851,17.773],[82.5927,17.7724],[82.5867,17.7677],[82.5867,17.7658],[82.5905,17.7641],[82.5948,17.7668],[82.6024,17.7666],[82.6086,17.7684],[82.5971,17.7731],[82.5949,17.7785],[82.5985,17.7811],[82.6059,17.7779],[82.6141,17.7856],[82.6153,17.7788],[82.6217,17.7769],[82.6289,17.7724],[82.6338,17.7727],[82.6369,17.7767],[82.6374,17.787],[82.6413,17.7891],[82.6425,17.7941],[82.6375,17.8024],[82.6366,17.8095],[82.6311,17.8187],[82.6266,17.8275],[82.6201,17.8376],[82.6233,17.8374],[82.625,17.8354],[82.6344,17.8318],[82.6362,17.8334],[82.6436,17.8356],[82.6462,17.8384],[82.6551,17.8442],[82.6653,17.8474],[82.6779,17.8548],[82.6803,17.8558],[82.684,17.854],[82.6877,17.8481],[82.6933,17.8488],[82.6952,17.8505],[82.6978,17.8583],[82.6988,17.8639],[82.7051,17.8633],[82.7126,17.8639],[82.7159,17.8662],[82.7161,17.8718],[82.7084,17.8732],[82.7014,17.8796],[82.7037,17.8832],[82.6937,17.8882],[82.6886,17.8947],[82.6846,17.8965],[82.6811,17.8961],[82.6779,17.8994],[82.6746,17.9004],[82.6685,17.8993],[82.6663,17.9006],[82.666,17.9046],[82.6704,17.9051],[82.6725,17.9025],[82.6758,17.9039],[82.685,17.9044],[82.6866,17.9024],[82.6945,17.9027],[82.6959,17.8984],[82.702,17.8984],[82.7103,17.9092],[82.7114,17.9138],[82.7054,17.92],[82.7127,17.9254],[82.7202,17.9271],[82.7261,17.9307],[82.7265,17.939],[82.7182,17.9449],[82.7118,17.9449],[82.7101,17.947],[82.7149,17.9497],[82.7152,17.9534],[82.7248,17.9497],[82.7319,17.9447],[82.7452,17.9477],[82.7472,17.9455],[82.742,17.9401],[82.7471,17.9355],[82.7518,17.9357],[82.7549,17.9376],[82.7603,17.937],[82.7585,17.9403],[82.7588,17.9447],[82.7568,17.9461],[82.7494,17.9475],[82.7488,17.9515],[82.7493,17.9578],[82.7539,17.9562],[82.7571,17.9538],[82.7593,17.9542],[82.7628,17.9511],[82.7678,17.9404],[82.7824,17.9276],[82.7855,17.9299],[82.793,17.9262],[82.7951,17.9233],[82.8012,17.9208],[82.8053,17.9235],[82.8094,17.9247],[82.8094,17.9321],[82.8121,17.9352],[82.8153,17.934],[82.8179,17.9307],[82.8211,17.9298],[82.8269,17.9329],[82.8308,17.9382],[82.8355,17.9423],[82.8358,17.9483],[82.837,17.9549],[82.8401,17.9556],[82.8505,17.9601],[82.8522,17.965],[82.8519,17.9704],[82.8433,17.9762],[82.8413,17.9803],[82.8437,17.9831],[82.8407,17.9875],[82.8426,17.991],[82.8484,17.9953],[82.8539,18.0008],[82.8546,17.9987],[82.8594,17.9983],[82.8625,18.0011],[82.8629,18.0037],[82.8699,18.0099],[82.8734,18.0098],[82.8779,18.0073],[82.8803,18.0095],[82.8837,18.0099],[82.8873,18.0139],[82.8896,18.0096],[82.8987,18.011],[82.9047,18.0109],[82.9084,18.0079],[82.9112,18.0029],[82.9081,17.9984],[82.9122,17.997],[82.9152,17.993],[82.9108,17.9886],[82.9142,17.988],[82.9188,17.984],[82.9208,17.9851],[82.9325,17.9852],[82.9411,17.9866],[82.9422,17.9888],[82.946,17.9894],[82.9576,18.0049],[82.9668,18.0086],[82.9727,18.012],[82.9741,18.0146],[82.9777,18.015],[82.98,18.0172],[82.9786,18.0238],[82.9804,18.0281],[82.9856,18.0309],[82.9857,18.0335],[82.9909,18.0433],[82.9957,18.0475],[82.9968,18.0512],[83.001,18.0569],[83.0075,18.0637],[83.0058,18.0661],[83.012,18.0729],[83.0106,18.0785],[83.0164,18.085],[83.0216,18.0879],[83.0205,18.0901],[83.0164,18.0869],[83.0113,18.0871],[83.0071,18.0857],[83.007,18.089],[83.0114,18.0933],[83.0103,18.0949],[83.0053,18.1085],[83.0048,18.1166],[83.0014,18.1247],[82.9963,18.1288],[82.9905,18.1321],[82.9875,18.1382],[82.9965,18.1453],[82.9995,18.1452],[83.005,18.1473],[83.0092,18.1501],[83.0147,18.1513],[83.0267,18.1357],[83.0307,18.1381],[83.0331,18.132],[83.0338,18.1222],[83.0383,18.1156],[83.0476,18.1141],[83.0505,18.1127],[83.0542,18.1134],[83.0599,18.1118],[83.059,18.1081],[83.0618,18.1038],[83.065,18.104],[83.0681,18.1067],[83.0668,18.1113],[83.0683,18.1182],[83.0752,18.1183],[83.074,18.1134],[83.0719,18.0995],[83.0653,18.092],[83.0542,18.0868],[83.051,18.0862],[83.0504,18.0798],[83.0466,18.0716],[83.0504,18.0639],[83.0442,18.0634],[83.0419,18.0621],[83.033,18.0622],[83.0261,18.0607],[83.0175,18.055],[83.0097,18.0416],[83.0101,18.0361],[83.0136,18.0336],[83.0121,18.0292],[83.0078,18.0254],[83.0083,18.0183],[83.0076,18.0076],[83.0133,17.9977],[83.0126,17.9956],[83.0082,17.9921],[83.0077,17.9857],[83.0093,17.9761],[83.0204,17.9715],[83.0225,17.9699],[83.032,17.9707],[83.0403,17.9689],[83.0464,17.9629],[83.0503,17.9625],[83.0575,17.9593],[83.0602,17.953],[83.065,17.9509],[83.0721,17.9444],[83.0801,17.9443],[83.0868,17.9412],[83.0907,17.938],[83.0952,17.9381],[83.0983,17.9395],[83.1099,17.9377],[83.111,17.9354],[83.1102,17.922],[83.112,17.9193],[83.1213,17.9159],[83.1251,17.9088],[83.1285,17.9043],[83.1286,17.9003],[83.1251,17.8884],[83.1278,17.8876],[83.1281,17.8814],[83.1304,17.8732],[83.1328,17.8724],[83.1355,17.8756],[83.1391,17.8755],[83.1435,17.8728],[83.1483,17.8679],[83.1479,17.8653],[83.1495,17.8612],[83.1497,17.8502],[83.1515,17.8452],[83.1602,17.8431],[83.1627,17.8386],[83.1659,17.8461],[83.1673,17.8479],[83.1714,17.8476],[83.1815,17.8455],[83.1881,17.8454],[83.188,17.851],[83.1922,17.8511],[83.2062,17.8485],[83.2073,17.852],[83.2128,17.8577],[83.2134,17.8607],[83.2086,17.8615],[83.2105,17.8681],[83.2115,17.8763],[83.2144,17.8803],[83.229,17.8732],[83.2333,17.8755],[83.2346,17.874],[83.2308,17.8653],[83.2292,17.8584],[83.2373,17.8528],[83.2388,17.8511],[83.236,17.8469],[83.2387,17.8361],[83.2367,17.8293],[83.2434,17.8299],[83.2449,17.8286],[83.2518,17.8274],[83.2629,17.8247],[83.2582,17.8154],[83.2571,17.8079],[83.2541,17.8081],[83.2491,17.8051],[83.2437,17.7999],[83.2339,17.7931],[83.2341,17.7784],[83.2354,17.7694],[83.2278,17.7643],[83.2236,17.7565],[83.2183,17.7558],[83.2139,17.76],[83.2033,17.7661],[83.2008,17.7589],[83.1989,17.7568],[83.2017,17.7548],[83.2007,17.7526],[83.2041,17.7464],[83.2059,17.741],[83.2094,17.7357],[83.208,17.7322],[83.209,17.7295],[83.2149,17.7274],[83.2156,17.7211],[83.212,17.7193],[83.2071,17.7222],[83.2024,17.7229],[83.1996,17.7215],[83.2014,17.7179],[83.2102,17.7177],[83.2079,17.7133],[83.2067,17.7088],[83.2026,17.708],[83.1971,17.7093],[83.1958,17.7167],[83.1903,17.7149],[83.1884,17.7156],[83.1845,17.7204],[83.1844,17.7227],[83.1795,17.7243],[83.1604,17.7285],[83.1547,17.7323],[83.155,17.7289],[83.1513,17.7179],[83.1459,17.7131],[83.1377,17.713],[83.1371,17.7096],[83.1326,17.7087],[83.1248,17.711],[83.1222,17.7097],[83.1223,17.7007],[83.1195,17.6977],[83.1141,17.6984],[83.1143,17.6958],[83.1121,17.693],[83.1156,17.6861],[83.1188,17.6863],[83.122,17.6828],[83.1278,17.6822],[83.1245,17.6733],[83.1218,17.6715],[83.1227,17.6679],[83.1263,17.666],[83.1276,17.6623],[83.1254,17.6588],[83.1307,17.6585],[83.1394,17.6561],[83.146,17.6557],[83.1475,17.6499],[83.1528,17.6487],[83.1482,17.6402],[83.154,17.6394],[83.1571,17.6377],[83.1609,17.6382],[83.1692,17.6372],[83.1721,17.6361],[83.1772,17.6361],[83.1785,17.6382],[83.183,17.6375],[83.1875,17.6409],[83.1882,17.6435],[83.1988,17.642],[83.1996,17.6491],[83.1988,17.6539],[83.1968,17.6566],[83.1952,17.672],[83.1983,17.6777],[83.2001,17.6784],[83.2062,17.678],[83.2195,17.6742],[83.227,17.6694],[83.2387,17.6662],[83.2417,17.6672],[83.2522,17.6671],[83.2536,17.6655],[83.2515,17.6567],[83.2463,17.6504],[83.2451,17.648],[83.2448,17.642],[83.2504,17.6389],[83.2404,17.6327],[83.2356,17.6278],[83.2324,17.6197],[83.2338,17.6151],[83.237,17.6115],[83.228,17.6062],[83.2263,17.6041],[83.2156,17.5972],[83.2132,17.5913],[83.199,17.5847],[83.1813,17.5775],[83.1727,17.5733],[83.17,17.57],[83.1715,17.5667],[83.1689,17.5658],[83.1623,17.5604],[83.1501,17.5572],[83.1225,17.5494],[83.0968,17.5406],[83.0923,17.5381],[83.0882,17.5327],[83.0804,17.5309],[83.0692,17.5275],[83.0662,17.5256],[83.0657,17.5251],[83.0416,17.5165],[83.0188,17.5064],[83.0075,17.4986],[83.0039,17.4928],[83.0041,17.4876],[83.0004,17.4838],[82.9941,17.4794],[82.994,17.4747],[82.9908,17.4725],[82.983,17.4691],[82.9626,17.4618],[82.9517,17.4575],[82.9469,17.4526],[82.9344,17.4478],[82.9287,17.4442],[82.896,17.4309],[82.8892,17.4278],[82.8822,17.4247],[82.8771,17.4206],[82.8705,17.4185],[82.8674,17.4159],[82.8614,17.4134],[82.8317,17.4025],[82.8202,17.3975],[82.8174,17.3944],[82.8045,17.3894],[82.7813,17.3797],[82.7556,17.3683],[82.7383,17.3601],[82.7109,17.3468],[82.7063,17.3441],[82.6846,17.3327],[82.6805,17.3308],[82.6484,17.3129],[82.6313,17.3031],[82.6133,17.2919],[82.6013,17.2856],[82.5748,17.2701],[82.5454,17.2513],[82.5413,17.2483],[82.5418,17.2513],[82.5391,17.2633],[82.53,17.2682],[82.5258,17.2712],[82.5254,17.2753],[82.5229,17.2766],[82.523,17.2816],[82.5217,17.2843],[82.5215,17.2961],[82.5182,17.2993],[82.5255,17.3006],[82.5339,17.3055],[82.5367,17.3114],[82.5367,17.3163],[82.5345,17.3216],[82.5357,17.3271],[82.5468,17.3266],[82.5474,17.325],[82.5549,17.3241],[82.5589,17.3304],[82.5603,17.342],[82.5652,17.3421],[82.5668,17.3507],[82.5612,17.3539],[82.5553,17.3529],[82.5527,17.3575],[82.548,17.3614],[82.5475,17.3694],[82.5429,17.3736],[82.5509,17.3818],[82.5508,17.3852],[82.5524,17.3881],[82.5556,17.3896],[82.5577,17.3992],[82.5603,17.4016],[82.5606,17.4085],[82.5729,17.4161],[82.5803,17.4239],[82.5832,17.4246],[82.5844,17.4299],[82.5897,17.4357],[82.5988,17.4431],[82.5998,17.4475],[82.6042,17.4548],[82.6048,17.4602],[82.6022,17.4595],[82.5915,17.4648],[82.591,17.4671],[82.5858,17.4689],[82.5849,17.4741],[82.5806,17.4759],[82.5789,17.4813],[82.5749,17.4838],[82.5691,17.486],[82.5681,17.492],[82.5598,17.4933],[82.5592,17.5016],[82.5597,17.5082],[82.5584,17.5196],[82.5567,17.5228],[82.5525,17.5271],[82.5491,17.5195],[82.5477,17.5143],[82.546,17.5121],[82.539,17.5073],[82.5317,17.5063],[82.5315,17.5043],[82.522,17.5017],[82.5173,17.5014],[82.5118,17.5028],[82.5108,17.5018],[82.5056,17.5029],[82.5044,17.5089],[82.5022,17.509],[82.4975,17.5067],[82.496,17.5013],[82.4944,17.5001],[82.4872,17.4992],[82.4873,17.501],[82.4804,17.501],[82.4797,17.5117],[82.4775,17.5196],[82.4742,17.5193],[82.4723,17.5211],[82.4764,17.5265],[82.4733,17.5283],[82.4715,17.5311],[82.4665,17.5312],[82.4606,17.5295],[82.4636,17.5246],[82.466,17.5232],[82.4681,17.5194],[82.4652,17.5114],[82.4495,17.511],[82.4503,17.5036],[82.4514,17.5026],[82.4523,17.4956],[82.4542,17.4944],[82.4541,17.4898],[82.4524,17.4883],[82.4507,17.4811],[82.4492,17.4791],[82.44,17.4778],[82.4375,17.471],[82.4313,17.4724],[82.4288,17.4707],[82.4171,17.4696],[82.4101,17.4665],[82.3877,17.4785],[82.3815,17.4775],[82.3728,17.4791],[82.3674,17.4891],[82.3757,17.5008],[82.3782,17.5069],[82.3753,17.5102],[82.3633,17.51],[82.356,17.5057],[82.3495,17.4998],[82.3446,17.4939],[82.3408,17.496],[82.3382,17.5006],[82.3313,17.5029],[82.3336,17.511],[82.3324,17.5177],[82.3373,17.5232],[82.3361,17.5302],[82.3329,17.5346],[82.3302,17.5401],[82.3291,17.5534],[82.3482,17.5464],[82.3559,17.5452],[82.3577,17.548],[82.3534,17.5509],[82.3546,17.5581],[82.3615,17.5639],[82.3636,17.5665],[82.3671,17.5739],[82.381,17.5805],[82.4024,17.5881],[82.4144,17.5916],[82.4242,17.5937],[82.4232,17.5974],[82.447,17.604],[82.4619,17.6062],[82.4598,17.6094],[82.4632,17.612],[82.4645,17.6167],[82.4624,17.6221],[82.4643,17.6288],[82.4629,17.6315],[82.4591,17.635],[82.4552,17.6347],[82.4486,17.6365],[82.4445,17.6386],[82.4402,17.6369],[82.4327,17.6378],[82.431,17.6429],[82.4328,17.6483],[82.4295,17.6522],[82.4145,17.6425],[82.4082,17.6409],[82.4041,17.641],[82.3957,17.6388],[82.395,17.637],[82.3878,17.6387],[82.3743,17.6356],[82.362,17.6379],[82.36,17.6354],[82.3506,17.6418],[82.3478,17.6423],[82.3468,17.6464],[82.3443,17.6507],[82.3471,17.6532],[82.3476,17.6556],[82.3513,17.6575],[82.352,17.6609],[82.3493,17.6642],[82.3446,17.6681],[82.3475,17.6768],[82.356,17.675],[82.3598,17.676],[82.3613,17.6813],[82.3667,17.6809],[82.3703,17.685],[82.3747,17.6866],[82.3785,17.6853],[82.3833,17.6811],[82.385,17.6775],[82.3883,17.6816],[82.3918,17.6839],[82.399,17.6822],[82.4001,17.6864],[82.4066,17.6867],[82.4117,17.6898],[82.4155,17.6903],[82.4237,17.6962],[82.4281,17.7047],[82.4283,17.7093],[82.4245,17.7114],[82.4249,17.7143],[82.4316,17.7172],[82.4353,17.7213],[82.4385,17.7235],[82.4433,17.7238],[82.444,17.7219],[82.4512,17.7213],[82.455,17.7247],[82.4538,17.7271],[82.4544,17.7333],[82.4634,17.7352],[82.4747,17.7312],[82.486,17.7248],[82.4959,17.7204],[82.4981,17.717],[82.5016,17.7142],[82.505,17.7191],[82.5097,17.7216],[82.5127,17.7213],[82.5104,17.717],[82.5065,17.7129],[82.4966,17.708],[82.4953,17.7041],[82.4971,17.6974],[82.5004,17.6932],[82.508,17.6941],[82.5127,17.6964],[82.5167,17.6996],[82.5185,17.6996],[82.5227,17.703],[82.5261,17.7018],[82.531,17.7053],[82.531,17.7085],[82.5354,17.7093],[82.5411,17.7139],[82.545,17.716],[82.5477,17.7234],[82.5476,17.7263],[82.551,17.7304],[82.5528,17.7351],[82.5546,17.7427],[82.5541,17.7458],[82.5601,17.7452],[82.5621,17.7462]]]},"properties":{"district":"Anakapalli","st_nm":"Andhra Pradesh"}},{"type":"Feature","geometry":{"type":"Polygon","coordinates":[[[83.0771,18.4031],[83.0801,18.4024],[83.087,18.4064],[83.0884,18.4116],[83.0917,18.4109],[83.101,18.4124],[83.1055,18.412],[83.0975,18.393],[83.093,18.3893],[83.0809,18.3765],[83.0769,18.3698],[83.0762,18.3611],[83.0794,18.3562],[83.0794,18.3513],[83.0815,18.3456],[83.0898,18.3439],[83.0936,18.3416],[83.0953,18.3479],[83.0955,18.3521],[83.106,18.3564],[83.1073,18.3533],[83.1123,18.3519],[83.1133,18.3477],[83.1179,18.348],[83.1238,18.3497],[83.1344,18.349],[83.144,18.3437],[83.1508,18.3406],[83.1585,18.3393],[83.1635,18.3367],[83.1654,18.3344],[83.1671,18.3288],[83.1694,18.3246],[83.1694,18.3114],[83.1707,18.3087],[83.1783,18.3086],[83.18,18.3098],[83.1868,18.3178],[83.1919,18.3194],[83.1951,18.323],[83.2022,18.3241],[83.2068,18.3269],[83.214,18.3274],[83.2166,18.329],[83.2217,18.3295],[83.2268,18.3278],[83.2291,18.3225],[83.2291,18.3172],[83.2254,18.3135],[83.2208,18.3066],[83.2206,18.3031],[83.218,18.3009],[83.2191,18.2961],[83.2251,18.2926],[83.2351,18.2855],[83.2387,18.2839],[83.2525,18.278],[83.2634,18.2711],[83.2655,18.2681],[83.2653,18.2609],[83.2608,18.2495],[83.2616,18.2424],[83.2603,18.2401],[83.2607,18.2353],[83.2647,18.23],[83.2657,18.225],[83.2652,18.2158],[83.256,18.224],[83.2517,18.2284],[83.248,18.2301],[83.2454,18.2267],[83.242,18.2257],[83.2409,18.223],[83.2409,18.2041],[83.2263,18.2067],[83.2262,18.218],[83.2242,18.221],[83.22,18.2244],[83.2165,18.2223],[83.2218,18.2164],[83.2212,18.209],[83.2175,18.2086],[83.2151,18.2033],[83.2157,18.1996],[83.2206,18.1984],[83.224,18.1956],[83.2234,18.1913],[83.2188,18.1888],[83.215,18.1888],[83.2107,18.1913],[83.205,18.1925],[83.203,18.1947],[83.1983,18.1964],[83.1923,18.196],[83.1842,18.2036],[83.1835,18.2076],[83.1809,18.2111],[83.1808,18.217],[83.1782,18.2223],[83.175,18.2219],[83.1694,18.2174],[83.1602,18.2168],[83.1582,18.2152],[83.1579,18.2102],[83.1631,18.2053],[83.1645,18.2],[83.1623,18.1926],[83.1625,18.19],[83.1675,18.1905],[83.171,18.1879],[83.17,18.182],[83.1676,18.179],[83.1623,18.1766],[83.156,18.1751],[83.1506,18.1753],[83.1396,18.1789],[83.1376,18.1809],[83.1373,18.1842],[83.1392,18.1883],[83.1391,18.1951],[83.1371,18.1991],[83.1308,18.2022],[83.126,18.2012],[83.1236,18.2078],[83.1149,18.2094],[83.1099,18.2067],[83.103,18.2002],[83.1029,18.1966],[83.1055,18.1935],[83.104,18.1884],[83.1074,18.1814],[83.1126,18.1781],[83.1176,18.1708],[83.1191,18.1673],[83.1235,18.1619],[83.1292,18.1602],[83.1333,18.1609],[83.1435,18.1638],[83.1504,18.1622],[83.1633,18.1524],[83.1674,18.1488],[83.1683,18.1439],[83.1636,18.141],[83.1588,18.1422],[83.1525,18.1452],[83.1487,18.1458],[83.1398,18.1492],[83.1297,18.1498],[83.1253,18.1455],[83.1234,18.1405],[83.1209,18.1372],[83.1188,18.1322],[83.1249,18.1274],[83.1258,18.1217],[83.1191,18.1152],[83.1223,18.1135],[83.1295,18.1133],[83.1316,18.1123],[83.1322,18.1073],[83.1303,18.1048],[83.124,18.1012],[83.1119,18.0989],[83.1001,18.0912],[83.0969,18.0913],[83.0929,18.0885],[83.0842,18.0895],[83.077,18.0854],[83.0706,18.0771],[83.0674,18.0757],[83.0624,18.0756],[83.0579,18.0775],[83.0541,18.0815],[83.0514,18.0825],[83.0511,18.0777],[83.0528,18.0742],[83.0529,18.066],[83.0504,18.0639],[83.0466,18.0716],[83.0504,18.0798],[83.051,18.0862],[83.0542,18.0868],[83.0653,18.092],[83.0719,18.0995],[83.074,18.1134],[83.0752,18.1183],[83.0683,18.1182],[83.0668,18.1113],[83.0681,18.1067],[83.065,18.104],[83.0618,18.1038],[83.059,18.1081],[83.0599,18.1118],[83.0542,18.1134],[83.0505,18.1127],[83.0476,18.1141],[83.0383,18.1156],[83.0338,18.1222],[83.0331,18.132],[83.0307,18.1381],[83.0267,18.1357],[83.0147,18.1513],[83.0092,18.1501],[83.005,18.1473],[82.9995,18.1452],[82.9965,18.1453],[82.9875,18.1382],[82.9905,18.1321],[82.9963,18.1288],[83.0014,18.1247],[83.0048,18.1166],[83.0053,18.1085],[83.0103,18.0949],[83.0114,18.0933],[83.007,18.089],[83.0071,18.0857],[83.0113,18.0871],[83.0164,18.0869],[83.0205,18.0901],[83.0216,18.0879],[83.0164,18.085],[83.0106,18.0785],[83.012,18.0729],[83.0058,18.0661],[83.0075,18.0637],[83.001,18.0569],[82.9968,18.0512],[82.9957,18.0475],[82.9909,18.0433],[82.9857,18.0335],[82.9856,18.0309],[82.9804,18.0281],[82.9786,18.0238],[82.98,18.0172],[82.9777,18.015],[82.9741,18.0146],[82.9727,18.012],[82.9668,18.0086],[82.9576,18.0049],[82.946,17.9894],[82.9422,17.9888],[82.9411,17.9866],[82.9325,17.9852],[82.9208,17.9851],[82.9188,17.984],[82.9142,17.988],[82.9108,17.9886],[82.9152,17.993],[82.9122,17.997],[82.9081,17.9984],[82.9112,18.0029],[82.9084,18.0079],[82.9047,18.0109],[82.8987,18.011],[82.8896,18.0096],[82.8873,18.0139],[82.8837,18.0099],[82.8803,18.0095],[82.8779,18.0073],[82.8734,18.0098],[82.8699,18.0099],[82.8629,18.0037],[82.8625,18.0011],[82.8594,17.9983],[82.8546,17.9987],[82.8539,18.0008],[82.8484,17.9953],[82.8426,17.991],[82.8407,17.9875],[82.8437,17.9831],[82.8413,17.9803],[82.8433,17.9762],[82.8519,17.9704],[82.8522,17.965],[82.8505,17.9601],[82.8401,17.9556],[82.837,17.9549],[82.8358,17.9483],[82.8355,17.9423],[82.8308,17.9382],[82.8269,17.9329],[82.8211,17.9298],[82.8179,17.9307],[82.8153,17.934],[82.8121,17.9352],[82.8094,17.9321],[82.8094,17.9247],[82.8053,17.9235],[82.8012,17.9208],[82.7951,17.9233],[82.793,17.9262],[82.7855,17.9299],[82.7824,17.9276],[82.7678,17.9404],[82.7628,17.9511],[82.7593,17.9542],[82.7571,17.9538],[82.7539,17.9562],[82.7493,17.9578],[82.7488,17.9515],[82.7494,17.9475],[82.7568,17.9461],[82.7588,17.9447],[82.7585,17.9403],[82.7603,17.937],[82.7549,17.9376],[82.7518,17.9357],[82.7471,17.9355],[82.742,17.9401],[82.7472,17.9455],[82.7452,17.9477],[82.7319,17.9447],[82.7248,17.9497],[82.7152,17.9534],[82.7149,17.9497],[82.7101,17.947],[82.7118,17.9449],[82.7182,17.9449],[82.7265,17.939],[82.7261,17.9307],[82.7202,17.9271],[82.7127,17.9254],[82.7054,17.92],[82.7114,17.9138],[82.7103,17.9092],[82.702,17.8984],[82.6959,17.8984],[82.6945,17.9027],[82.6866,17.9024],[82.685,17.9044],[82.6758,17.9039],[82.6725,17.9025],[82.6704,17.9051],[82.666,17.9046],[82.6663,17.9006],[82.6685,17.8993],[82.6746,17.9004],[82.6779,17.8994],[82.6811,17.8961],[82.6846,17.8965],[82.6886,17.8947],[82.6937,17.8882],[82.7037,17.8832],[82.7014,17.8796],[82.7084,17.8732],[82.7161,17.8718],[82.7159,17.8662],[82.7126,17.8639],[82.7051,17.8633],[82.6988,17.8639],[82.6978,17.8583],[82.6952,17.8505],[82.6933,17.8488],[82.6877,17.8481],[82.684,17.854],[82.6803,17.8558],[82.6779,17.8548],[82.6653,17.8474],[82.6551,17.8442],[82.6462,17.8384],[82.6436,17.8356],[82.6362,17.8334],[82.6344,17.8318],[82.625,17.8354],[82.6233,17.8374],[82.6201,17.8376],[82.6266,17.8275],[82.6311,17.8187],[82.6366,17.8095],[82.6375,17.8024],[82.6425,17.7941],[82.6413,17.7891],[82.6374,17.787],[82.6369,17.7767],[82.6338,17.7727],[82.6289,17.7724],[82.6217,17.7769],[82.6153,17.7788],[82.6141,17.7856],[82.6059,17.7779],[82.5985,17.7811],[82.5949,17.7785],[82.5971,17.7731],[82.6086,17.7684],[82.6024,17.7666],[82.5948,17.7668],[82.5905,17.7641],[82.5867,17.7658],[82.5867,17.7677],[82.5927,17.7724],[82.5851,17.773],[82.5766,17.7691],[82.5715,17.7698],[82.564,17.7693],[82.5626,17.7614],[82.5612,17.7591],[82.5611,17.7533],[82.5621,17.7462],[82.5601,17.7452],[82.5541,17.7458],[82.5546,17.7427],[82.5528,17.7351],[82.551,17.7304],[82.5476,17.7263],[82.5477,17.7234],[82.545,17.716],[82.5411,17.7139],[82.5354,17.7093],[82.531,17.7085],[82.531,17.7053],[82.5261,17.7018],[82.5227,17.703],[82.5185,17.6996],[82.5167,17.6996],[82.5127,17.6964],[82.508,17.6941],[82.5004,17.6932],[82.4971,17.6974],[82.4953,17.7041],[82.4966,17.708],[82.5065,17.7129],[82.5104,17.717],[82.5127,17.7213],[82.5097,17.7216],[82.505,17.7191],[82.5016,17.7142],[82.4981,17.717],[82.4959,17.7204],[82.486,17.7248],[82.4747,17.7312],[82.4634,17.7352],[82.4544,17.7333],[82.4538,17.7271],[82.455,17.7247],[82.4512,17.7213],[82.444,17.7219],[82.4433,17.7238],[82.4385,17.7235],[82.4353,17.7213],[82.4316,17.7172],[82.4249,17.7143],[82.4245,17.7114],[82.4283,17.7093],[82.4281,17.7047],[82.4237,17.6962],[82.4155,17.6903],[82.4117,17.6898],[82.4066,17.6867],[82.4001,17.6864],[82.399,17.6822],[82.3918,17.6839],[82.3883,17.6816],[82.385,17.6775],[82.3833,17.6811],[82.3785,17.6853],[82.3747,17.6866],[82.3703,17.685],[82.3667,17.6809],[82.3613,17.6813],[82.3598,17.676],[82.356,17.675],[82.3475,17.6768],[82.3446,17.6681],[82.3493,17.6642],[82.352,17.6609],[82.3513,17.6575],[82.3476,17.6556],[82.3471,17.6532],[82.3443,17.6507],[82.3468,17.6464],[82.3478,17.6423],[82.3506,17.6418],[82.36,17.6354],[82.362,17.6379],[82.3743,17.6356],[82.3878,17.6387],[82.395,17.637],[82.3957,17.6388],[82.4041,17.641],[82.4082,17.6409],[82.4145,17.6425],[82.4295,17.6522],[82.4328,17.6483],[82.431,17.6429],[82.4327,17.6378],[82.4402,17.6369],[82.4445,17.6386],[82.4486,17.6365],[82.4552,17.6347],[82.4591,17.635],[82.4629,17.6315],[82.4643,17.6288],[82.4624,17.6221],[82.4645,17.6167],[82.4632,17.612],[82.4598,17.6094],[82.4619,17.6062],[82.447,17.604],[82.4232,17.5974],[82.4242,17.5937],[82.4144,17.5916],[82.4024,17.5881],[82.381,17.5805],[82.3671,17.5739],[82.3636,17.5665],[82.3615,17.5639],[82.3546,17.5581],[82.3534,17.5509],[82.3577,17.548],[82.3559,17.5452],[82.3482,17.5464],[82.3291,17.5534],[82.3302,17.5401],[82.3329,17.5346],[82.3361,17.5302],[82.3373,17.5232],[82.3324,17.5177],[82.3336,17.511],[82.33,17.5109],[82.3254,17.507],[82.3155,17.5002],[82.3135,17.4952],[82.3048,17.4882],[82.2999,17.4862],[82.2962,17.4826],[82.2913,17.4801],[82.2889,17.4766],[82.2867,17.4678],[82.2871,17.4558],[82.2847,17.446],[82.2794,17.4413],[82.2739,17.4381],[82.2673,17.4378],[82.262,17.4353],[82.2584,17.4349],[82.2525,17.4304],[82.2481,17.4255],[82.248,17.424],[82.2431,17.4175],[82.2399,17.4156],[82.2352,17.4099],[82.2174,17.3971],[82.2177,17.389],[82.205,17.3836],[82.1981,17.3792],[82.1926,17.3844],[82.1856,17.3867],[82.1828,17.3834],[82.1711,17.3762],[82.1683,17.3791],[82.1656,17.3796],[82.1635,17.3759],[82.1591,17.3767],[82.157,17.375],[82.1498,17.3721],[82.1465,17.3679],[82.1406,17.3677],[82.139,17.3647],[82.1473,17.3617],[82.1451,17.3561],[82.1451,17.352],[82.1525,17.3506],[82.1526,17.3468],[82.1433,17.343],[82.1389,17.3444],[82.1381,17.3439],[82.1314,17.346],[82.1248,17.3448],[82.1222,17.3383],[82.1222,17.3284],[82.1231,17.3234],[82.1201,17.3233],[82.1142,17.3258],[82.1151,17.3288],[82.1028,17.3249],[82.0993,17.3256],[82.104,17.3326],[82.1071,17.3355],[82.1043,17.3411],[82.1024,17.34],[82.0938,17.3404],[82.0916,17.347],[82.0939,17.3503],[82.095,17.3545],[82.0997,17.3549],[82.1048,17.3575],[82.1062,17.3634],[82.11,17.3636],[82.1122,17.366],[82.1114,17.3746],[82.1176,17.378],[82.122,17.3791],[82.1195,17.3828],[82.1166,17.3838],[82.1177,17.3881],[82.1162,17.392],[82.1085,17.3907],[82.1076,17.3871],[82.1053,17.3848],[82.1008,17.3856],[82.0981,17.3884],[82.0998,17.3933],[82.0983,17.3953],[82.0985,17.4008],[82.0942,17.4001],[82.0941,17.3955],[82.0918,17.3902],[82.0874,17.3885],[82.0841,17.3983],[82.0813,17.3977],[82.0818,17.4026],[82.075,17.4007],[82.0726,17.3985],[82.0769,17.3964],[82.0808,17.3919],[82.0769,17.3901],[82.0749,17.3847],[82.0702,17.384],[82.0681,17.3861],[82.0677,17.3902],[82.0617,17.3845],[82.0576,17.3828],[82.0568,17.3784],[82.0541,17.3753],[82.0515,17.3751],[82.0543,17.3659],[82.0614,17.364],[82.062,17.3594],[82.0596,17.3569],[82.0556,17.3478],[82.0556,17.3417],[82.0581,17.34],[82.0621,17.3313],[82.059,17.3284],[82.0586,17.3236],[82.0536,17.3161],[82.0607,17.3102],[82.0604,17.3068],[82.0638,17.3034],[82.0682,17.3044],[82.0732,17.3027],[82.0812,17.3016],[82.0853,17.3025],[82.0909,17.2987],[82.0903,17.2962],[82.0893,17.2978],[82.0709,17.3021],[82.0654,17.298],[82.0617,17.2969],[82.0594,17.2945],[82.0578,17.2992],[82.038,17.2949],[82.0383,17.2986],[82.0349,17.306],[82.0328,17.3051],[82.028,17.3073],[82.0242,17.3112],[82.0201,17.3099],[82.014,17.3112],[82.0108,17.3096],[82.0104,17.3141],[82.0052,17.3127],[81.9987,17.3088],[81.9915,17.3122],[81.9848,17.311],[81.9756,17.3136],[81.9741,17.3129],[81.9761,17.3027],[81.9629,17.2995],[81.9643,17.292],[81.9549,17.2918],[81.9513,17.2845],[81.9458,17.2849],[81.9441,17.2816],[81.9391,17.2804],[81.9241,17.2803],[81.9227,17.2759],[81.9139,17.277],[81.9169,17.2815],[81.9166,17.2862],[81.9198,17.2917],[81.9178,17.2938],[81.9204,17.2968],[81.9191,17.3022],[81.9217,17.3036],[81.9221,17.3067],[81.9261,17.3121],[81.9242,17.3134],[81.9191,17.3082],[81.9132,17.3043],[81.9107,17.3048],[81.9067,17.3091],[81.9017,17.3095],[81.8953,17.3132],[81.8907,17.3179],[81.886,17.3149],[81.8794,17.313],[81.8783,17.3081],[81.881,17.3042],[81.8819,17.2972],[81.8784,17.2931],[81.8729,17.2935],[81.8689,17.2894],[81.866,17.288],[81.8633,17.2916],[81.8589,17.2894],[81.8577,17.2956],[81.8547,17.2982],[81.8506,17.298],[81.846,17.3002],[81.8443,17.3032],[81.844,17.3077],[81.841,17.3099],[81.8341,17.3076],[81.8288,17.3095],[81.8251,17.3065],[81.8244,17.3041],[81.8262,17.3006],[81.8259,17.2967],[81.8228,17.2883],[81.8256,17.2821],[81.8272,17.2729],[81.8266,17.2582],[81.8247,17.259],[81.8156,17.2595],[81.8103,17.2589],[81.8075,17.2599],[81.8075,17.2508],[81.8064,17.2462],[81.7946,17.2443],[81.7862,17.2457],[81.7838,17.2479],[81.7754,17.2471],[81.7665,17.2498],[81.7648,17.2471],[81.7573,17.2416],[81.7582,17.2374],[81.7524,17.234],[81.7485,17.2382],[81.744,17.2386],[81.7413,17.2353],[81.7379,17.2355],[81.7299,17.2339],[81.7205,17.2356],[81.7175,17.2378],[81.7163,17.235],[81.7185,17.2317],[81.7169,17.2302],[81.719,17.2263],[81.7195,17.2219],[81.7149,17.2226],[81.7087,17.2247],[81.7018,17.2315],[81.697,17.2312],[81.6947,17.2298],[81.6858,17.231],[81.6819,17.2326],[81.6815,17.2352],[81.6876,17.2394],[81.687,17.2479],[81.6828,17.2488],[81.6799,17.2507],[81.679,17.2543],[81.6801,17.2579],[81.6764,17.2582],[81.6779,17.2531],[81.6735,17.2522],[81.666,17.2553],[81.6659,17.2592],[81.6615,17.2642],[81.6632,17.2657],[81.6725,17.2621],[81.6733,17.2643],[81.6646,17.2692],[81.6602,17.2695],[81.6577,17.2713],[81.6617,17.2819],[81.6717,17.2888],[81.6764,17.289],[81.6794,17.2926],[81.6781,17.3015],[81.6765,17.3042],[81.6724,17.3071],[81.6636,17.3121],[81.6584,17.3141],[81.6541,17.3171],[81.6458,17.3212],[81.6424,17.3237],[81.6335,17.326],[81.6268,17.3247],[81.6179,17.3273],[81.6143,17.3312],[81.6121,17.3355],[81.6107,17.3436],[81.6144,17.3499],[81.6123,17.3572],[81.6058,17.3693],[81.6042,17.3756],[81.6071,17.3894],[81.6096,17.3973],[81.6159,17.4002],[81.6139,17.4068],[81.6089,17.4103],[81.6038,17.4113],[81.597,17.4099],[81.5905,17.4056],[81.5858,17.4057],[81.5813,17.4116],[81.5793,17.4162],[81.5775,17.4277],[81.5747,17.4335],[81.5677,17.4361],[81.5637,17.4398],[81.5529,17.4398],[81.5412,17.4365],[81.5326,17.4389],[81.5278,17.4427],[81.5256,17.4465],[81.5181,17.4547],[81.5154,17.4604],[81.5134,17.4708],[81.5103,17.4748],[81.5051,17.4782],[81.4976,17.4813],[81.4925,17.4794],[81.4797,17.4691],[81.4712,17.467],[81.4652,17.4682],[81.4605,17.467],[81.4492,17.4623],[81.4457,17.4616],[81.4366,17.4622],[81.4261,17.4641],[81.4187,17.465],[81.4176,17.465],[81.4078,17.4643],[81.4004,17.4685],[81.3962,17.4699],[81.3944,17.4706],[81.3903,17.473],[81.3872,17.4802],[81.3846,17.4901],[81.3752,17.4946],[81.3702,17.4961],[81.3641,17.4988],[81.3535,17.5],[81.3497,17.4996],[81.3405,17.4951],[81.3355,17.4942],[81.3336,17.4937],[81.322,17.489],[81.3138,17.4872],[81.3075,17.4894],[81.3023,17.4913],[81.2964,17.4948],[81.2917,17.5028],[81.2909,17.5049],[81.2941,17.5138],[81.2925,17.5194],[81.2931,17.5228],[81.2931,17.5259],[81.2924,17.5278],[81.2916,17.5287],[81.2849,17.539],[81.282,17.5418],[81.2786,17.5486],[81.2787,17.5528],[81.2744,17.5573],[81.2692,17.5601],[81.2633,17.567],[81.2594,17.5698],[81.2563,17.5691],[81.255,17.5683],[81.2504,17.5678],[81.2462,17.5696],[81.2429,17.5691],[81.2373,17.5665],[81.2328,17.5659],[81.23,17.5658],[81.2225,17.5642],[81.2164,17.566],[81.2139,17.5683],[81.2119,17.5702],[81.2054,17.5713],[81.1942,17.57],[81.1843,17.5712],[81.1779,17.5737],[81.1681,17.5747],[81.166,17.5752],[81.1587,17.5766],[81.1483,17.5773],[81.144,17.5787],[81.1372,17.5809],[81.13,17.5847],[81.1274,17.5869],[81.1282,17.5922],[81.1275,17.5962],[81.1227,17.6022],[81.1206,17.6065],[81.1171,17.6163],[81.115,17.6188],[81.1126,17.6199],[81.1099,17.6203],[81.0981,17.6176],[81.0948,17.6162],[81.0842,17.6112],[81.0771,17.6092],[81.0721,17.6092],[81.0604,17.6081],[81.0524,17.6047],[81.0443,17.5993],[81.0367,17.5972],[81.0308,17.5969],[81.0229,17.5982],[81.0141,17.5985],[81.0086,17.6023],[81.0068,17.6088],[81.0071,17.6228],[81.0077,17.6277],[81.0078,17.6288],[81.0079,17.63],[81.0086,17.6323],[81.0087,17.6354],[81.0087,17.6375],[81.0086,17.6393],[81.0091,17.6416],[81.009,17.6447],[81.0038,17.6495],[80.9992,17.6512],[80.9973,17.6517],[80.9914,17.653],[80.9859,17.6529],[80.9788,17.6513],[80.9644,17.6461],[80.9601,17.6437],[80.9528,17.6374],[80.9446,17.6352],[80.9429,17.6343],[80.9354,17.6327],[80.9218,17.6342],[80.917,17.6365],[80.9132,17.6372],[80.9109,17.6379],[80.9095,17.6382],[80.9091,17.6382],[80.9125,17.6469],[80.9123,17.6533],[80.9097,17.6584],[80.9138,17.6637],[80.9151,17.6688],[80.9091,17.6739],[80.902,17.6777],[80.8984,17.6785],[80.8868,17.6769],[80.8861,17.6813],[80.8899,17.6854],[80.8929,17.6939],[80.8931,17.7066],[80.8918,17.7089],[80.89,17.7169],[80.8859,17.7302],[80.8859,17.7349],[80.8939,17.7437],[80.8974,17.7496],[80.901,17.7459],[80.9056,17.7463],[80.9071,17.7485],[80.9109,17.7484],[80.9171,17.7505],[80.9192,17.7565],[80.9253,17.7589],[80.9278,17.7613],[80.9457,17.76],[80.9549,17.7723],[80.9638,17.7773],[80.9654,17.7793],[80.9683,17.7779],[80.9757,17.7776],[80.977,17.7751],[80.9798,17.7656],[80.9837,17.7558],[80.992,17.7499],[81.016,17.7439],[81.0223,17.7487],[81.0252,17.7488],[81.03,17.7458],[81.0354,17.7445],[81.036,17.7399],[81.0383,17.7382],[81.041,17.7336],[81.0424,17.7272],[81.04,17.727],[81.0196,17.7202],[81.0301,17.719],[81.0373,17.7172],[81.0417,17.7172],[81.0475,17.7187],[81.0507,17.7167],[81.0562,17.7159],[81.0574,17.7134],[81.059,17.7048],[81.0662,17.6962],[81.0732,17.6965],[81.075,17.7023],[81.0775,17.7046],[81.0789,17.7088],[81.0785,17.7142],[81.0737,17.7103],[81.0666,17.7155],[81.0644,17.724],[81.0661,17.7279],[81.0644,17.7301],[81.0671,17.7329],[81.0744,17.727],[81.0775,17.7261],[81.0817,17.7225],[81.082,17.7184],[81.0858,17.7182],[81.0892,17.7215],[81.0894,17.7348],[81.086,17.7346],[81.0774,17.7519],[81.0751,17.76],[81.0847,17.7602],[81.0822,17.7739],[81.0854,17.775],[81.094,17.7759],[81.0912,17.783],[81.0875,17.7894],[81.0818,17.7944],[81.0911,17.8032],[81.0944,17.8095],[81.1024,17.8157],[81.1128,17.821],[81.1226,17.8236],[81.1273,17.8263],[81.1331,17.831],[81.1381,17.8372],[81.1461,17.8439],[81.1595,17.8516],[81.1652,17.8568],[81.17,17.8546],[81.1816,17.8512],[81.184,17.85],[81.1942,17.8481],[81.1995,17.8461],[81.2042,17.8419],[81.2143,17.8347],[81.2179,17.833],[81.2292,17.8301],[81.2365,17.826],[81.2394,17.8257],[81.2408,17.8229],[81.2452,17.8204],[81.249,17.8157],[81.2665,17.8088],[81.2766,17.8087],[81.2809,17.8081],[81.2905,17.8088],[81.3058,17.808],[81.3162,17.8117],[81.3252,17.8133],[81.3435,17.8098],[81.3484,17.8114],[81.354,17.8117],[81.358,17.809],[81.3706,17.8066],[81.3799,17.8024],[81.3865,17.7944],[81.3926,17.7935],[81.3932,17.8077],[81.3919,17.8147],[81.3959,17.8191],[81.4016,17.8203],[81.4105,17.8178],[81.4137,17.8131],[81.4173,17.8136],[81.4216,17.8184],[81.4259,17.8211],[81.4281,17.826],[81.4316,17.8301],[81.435,17.8313],[81.4373,17.8303],[81.4416,17.8243],[81.4446,17.8242],[81.4513,17.8272],[81.4604,17.8288],[81.4641,17.8309],[81.4696,17.8355],[81.4763,17.8363],[81.48,17.8302],[81.4821,17.8221],[81.4853,17.8198],[81.4862,17.8135],[81.489,17.812],[81.4955,17.8117],[81.5014,17.8149],[81.5059,17.8156],[81.5178,17.8157],[81.5224,17.8168],[81.5278,17.8209],[81.5321,17.8225],[81.5382,17.8211],[81.5453,17.8238],[81.5511,17.8246],[81.5642,17.8253],[81.5685,17.8322],[81.5711,17.8352],[81.575,17.8367],[81.5802,17.8365],[81.589,17.834],[81.5943,17.8336],[81.6078,17.8249],[81.6157,17.8215],[81.6181,17.8223],[81.6214,17.832],[81.625,17.8333],[81.6294,17.8314],[81.6398,17.8384],[81.6438,17.8434],[81.6458,17.8476],[81.6518,17.855],[81.6543,17.8625],[81.654,17.8673],[81.6579,17.8728],[81.6622,17.8807],[81.6714,17.8865],[81.6746,17.8875],[81.684,17.8842],[81.6878,17.8858],[81.6963,17.8995],[81.7008,17.8994],[81.7026,17.8932],[81.7011,17.8882],[81.7044,17.8815],[81.7048,17.8762],[81.7102,17.8712],[81.7196,17.8763],[81.7264,17.8785],[81.7344,17.8838],[81.7488,17.8919],[81.7516,17.8942],[81.7675,17.9051],[81.7709,17.9118],[81.7759,17.9116],[81.7804,17.9135],[81.7843,17.9171],[81.7912,17.9215],[81.7942,17.9267],[81.7944,17.9319],[81.7956,17.9346],[81.8018,17.9431],[81.8105,17.9507],[81.8176,17.9507],[81.8209,17.9519],[81.8273,17.9563],[81.8322,17.9577],[81.8392,17.9562],[81.843,17.9564],[81.8514,17.9593],[81.8646,17.9622],[81.8803,17.9675],[81.89,17.9726],[81.8928,17.9754],[81.9031,17.9758],[81.906,17.9777],[81.9086,17.9834],[81.9186,17.9901],[81.9213,17.9907],[81.9302,17.9889],[81.9369,17.9897],[81.9461,17.9953],[81.9516,17.9956],[81.9551,17.9977],[81.9625,17.9984],[81.9647,18.0002],[81.969,18.0057],[81.9742,18.0084],[81.9791,18.0137],[81.9841,18.018],[81.9886,18.0177],[81.9928,18.0211],[81.9945,18.0269],[82.0015,18.029],[82.0067,18.0283],[82.0091,18.0292],[82.0113,18.0343],[82.0064,18.0439],[82.0058,18.05],[82.0072,18.0556],[82.0201,18.0625],[82.026,18.0626],[82.0328,18.0684],[82.0369,18.0664],[82.0407,18.056],[82.05,18.0571],[82.0613,18.0545],[82.0653,18.0553],[82.067,18.0571],[82.0673,18.0608],[82.0712,18.0692],[82.0762,18.0743],[82.0876,18.0678],[82.0958,18.0666],[82.0966,18.062],[82.1017,18.0593],[82.1074,18.0622],[82.1125,18.0604],[82.1161,18.0611],[82.1203,18.0634],[82.1247,18.0587],[82.1326,18.0591],[82.1343,18.058],[82.1364,18.0494],[82.1387,18.0452],[82.1446,18.0479],[82.1462,18.0512],[82.1529,18.0469],[82.1578,18.0495],[82.1619,18.0496],[82.1685,18.0511],[82.1738,18.0414],[82.1805,18.0331],[82.184,18.0279],[82.1782,18.0198],[82.1836,18.0178],[82.1868,18.0146],[82.189,18.0143],[82.2031,18.0178],[82.2053,18.0132],[82.2101,18.0081],[82.2224,18.0009],[82.2381,18.0015],[82.2413,17.9985],[82.2439,17.9935],[82.2493,17.993],[82.2646,17.9956],[82.2689,18.0007],[82.2721,18.0116],[82.2737,18.0203],[82.2699,18.029],[82.2691,18.0333],[82.2658,18.0378],[82.2616,18.0409],[82.269,18.0447],[82.2696,18.0514],[82.2717,18.0557],[82.2771,18.0577],[82.2787,18.0605],[82.2831,18.0638],[82.288,18.0624],[82.2915,18.0684],[82.2945,18.0669],[82.2984,18.0668],[82.3011,18.0689],[82.3045,18.0678],[82.3035,18.0646],[82.3005,18.0633],[82.2987,18.0555],[82.2997,18.0542],[82.3066,18.0553],[82.31,18.0539],[82.3074,18.0498],[82.3075,18.0451],[82.3103,18.0445],[82.3173,18.0469],[82.3203,18.0444],[82.322,18.0472],[82.3191,18.057],[82.3224,18.0595],[82.3293,18.0583],[82.3325,18.054],[82.3322,18.0517],[82.3369,18.0517],[82.344,18.0581],[82.3451,18.0636],[82.3474,18.0698],[82.351,18.0738],[82.3516,18.0764],[82.3473,18.0794],[82.3492,18.0841],[82.3492,18.088],[82.3471,18.094],[82.3471,18.0977],[82.3387,18.0985],[82.338,18.0994],[82.3355,18.1065],[82.3357,18.1122],[82.3337,18.1189],[82.336,18.1247],[82.3343,18.1264],[82.3421,18.1364],[82.3388,18.1431],[82.3401,18.1501],[82.348,18.1452],[82.3545,18.1421],[82.3596,18.1356],[82.3633,18.1342],[82.3675,18.1366],[82.3686,18.1425],[82.3722,18.1477],[82.3652,18.1568],[82.3588,18.1624],[82.3535,18.171],[82.3503,18.1721],[82.3433,18.1725],[82.3371,18.1717],[82.3288,18.176],[82.322,18.1807],[82.3175,18.1823],[82.3145,18.1848],[82.3124,18.1927],[82.3135,18.1972],[82.3108,18.2035],[82.3134,18.2054],[82.3189,18.2071],[82.3248,18.21],[82.3284,18.2157],[82.3369,18.2238],[82.3316,18.2244],[82.3243,18.2308],[82.3265,18.2358],[82.3302,18.2364],[82.3363,18.2402],[82.336,18.2467],[82.332,18.2504],[82.335,18.2565],[82.3357,18.2606],[82.3396,18.2618],[82.34,18.2715],[82.3441,18.28],[82.3601,18.2804],[82.3649,18.2769],[82.3745,18.2805],[82.3853,18.2896],[82.3868,18.2929],[82.3919,18.2973],[82.3912,18.3097],[82.3947,18.315],[82.3926,18.3221],[82.3926,18.3252],[82.3887,18.328],[82.3838,18.329],[82.3771,18.3266],[82.375,18.328],[82.3675,18.3234],[82.367,18.3213],[82.3635,18.3178],[82.3557,18.3152],[82.3539,18.3166],[82.3486,18.3158],[82.3447,18.3192],[82.3393,18.3226],[82.3378,18.3274],[82.3437,18.3301],[82.3467,18.3284],[82.3524,18.3332],[82.3554,18.3378],[82.3624,18.3434],[82.3641,18.352],[82.3677,18.3531],[82.3695,18.3577],[82.3754,18.3585],[82.3812,18.3625],[82.3844,18.3656],[82.3841,18.3687],[82.3852,18.3761],[82.3836,18.3835],[82.3858,18.3855],[82.3811,18.3889],[82.3793,18.403],[82.3747,18.4058],[82.3701,18.4142],[82.3637,18.4208],[82.3701,18.426],[82.3758,18.4295],[82.3817,18.4319],[82.3828,18.4373],[82.3859,18.4417],[82.3862,18.4443],[82.3914,18.4476],[82.3958,18.4485],[82.3963,18.4532],[82.4024,18.4613],[82.403,18.4635],[82.4148,18.474],[82.4214,18.4767],[82.4274,18.482],[82.4322,18.4873],[82.434,18.4915],[82.4375,18.4947],[82.4341,18.4961],[82.4343,18.4988],[82.4367,18.5003],[82.4376,18.5054],[82.4423,18.5076],[82.4441,18.5129],[82.45,18.5161],[82.4553,18.5204],[82.4583,18.5241],[82.4616,18.5261],[82.4636,18.5317],[82.4681,18.5339],[82.4729,18.5416],[82.4796,18.5453],[82.4828,18.5482],[82.487,18.5491],[82.4914,18.5473],[82.4933,18.5432],[82.491,18.541],[82.4851,18.5428],[82.4827,18.542],[82.4812,18.5388],[82.4829,18.5358],[82.4874,18.532],[82.4858,18.5281],[82.4932,18.5244],[82.4958,18.5209],[82.5001,18.5183],[82.504,18.5133],[82.5108,18.5172],[82.5132,18.5178],[82.5249,18.516],[82.5279,18.5138],[82.5314,18.5086],[82.5266,18.5043],[82.5294,18.5002],[82.5262,18.4961],[82.5265,18.4941],[82.5316,18.4918],[82.5325,18.4864],[82.5274,18.4819],[82.5339,18.4775],[82.5301,18.4723],[82.5242,18.471],[82.5193,18.4669],[82.5204,18.4641],[82.5236,18.4629],[82.5279,18.4637],[82.5268,18.4596],[82.5329,18.4581],[82.5373,18.4447],[82.5403,18.4437],[82.544,18.4483],[82.5411,18.4528],[82.542,18.457],[82.549,18.4525],[82.5522,18.4545],[82.5549,18.453],[82.5563,18.4492],[82.5604,18.4489],[82.5605,18.4445],[82.5566,18.4432],[82.5579,18.4393],[82.5501,18.4327],[82.5512,18.4276],[82.546,18.4274],[82.5453,18.4223],[82.541,18.4214],[82.543,18.4132],[82.5467,18.4121],[82.535,18.4066],[82.5405,18.399],[82.5476,18.3974],[82.5523,18.3972],[82.5534,18.3944],[82.5563,18.3955],[82.5603,18.399],[82.563,18.3993],[82.5649,18.397],[82.571,18.3942],[82.5756,18.3959],[82.582,18.3876],[82.5842,18.3864],[82.5881,18.3913],[82.5925,18.3886],[82.5947,18.3889],[82.5966,18.3816],[82.6004,18.3787],[82.6048,18.3817],[82.6057,18.3751],[82.6028,18.3725],[82.6055,18.3694],[82.6071,18.3645],[82.617,18.3607],[82.6202,18.3603],[82.6189,18.3566],[82.6138,18.3503],[82.6068,18.3506],[82.6051,18.3521],[82.6016,18.3514],[82.6029,18.3431],[82.6082,18.3396],[82.6108,18.3316],[82.6085,18.3265],[82.6034,18.3247],[82.5995,18.3252],[82.5949,18.3286],[82.5931,18.327],[82.5876,18.3175],[82.5845,18.3195],[82.5813,18.3165],[82.5811,18.3142],[82.5849,18.3081],[82.5915,18.3084],[82.593,18.3103],[82.596,18.3094],[82.5964,18.3055],[82.5984,18.3035],[82.5944,18.2979],[82.5947,18.2911],[82.5913,18.2902],[82.5939,18.2849],[82.5916,18.28],[82.5881,18.2802],[82.5876,18.2754],[82.5958,18.2725],[82.597,18.268],[82.5962,18.265],[82.6015,18.2633],[82.6041,18.264],[82.606,18.2614],[82.6136,18.2579],[82.617,18.255],[82.6197,18.2494],[82.6233,18.2461],[82.6273,18.2443],[82.6318,18.2387],[82.6379,18.2362],[82.643,18.2401],[82.6454,18.2454],[82.6489,18.2506],[82.6496,18.2558],[82.6468,18.262],[82.642,18.2633],[82.6416,18.268],[82.6426,18.2711],[82.6477,18.272],[82.6499,18.2749],[82.6518,18.2801],[82.6506,18.2829],[82.6457,18.2852],[82.6435,18.2877],[82.643,18.2909],[82.6404,18.296],[82.6421,18.3013],[82.6443,18.3022],[82.6505,18.3015],[82.6544,18.2968],[82.6568,18.2958],[82.6612,18.2977],[82.6666,18.2977],[82.6722,18.3018],[82.6735,18.3048],[82.676,18.3062],[82.6803,18.3027],[82.6842,18.3032],[82.6917,18.3072],[82.6942,18.3119],[82.7013,18.3104],[82.7091,18.3128],[82.7081,18.3152],[82.7117,18.3203],[82.7142,18.3221],[82.7197,18.3232],[82.7255,18.323],[82.7342,18.3201],[82.7355,18.3228],[82.7404,18.3222],[82.738,18.3265],[82.7426,18.3298],[82.748,18.3288],[82.7512,18.3303],[82.7554,18.3298],[82.7566,18.3329],[82.7595,18.3336],[82.7584,18.3379],[82.7625,18.3385],[82.7648,18.3356],[82.774,18.3396],[82.7738,18.343],[82.7764,18.349],[82.7837,18.3547],[82.7905,18.3628],[82.7891,18.3702],[82.7844,18.3806],[82.7855,18.3829],[82.7935,18.3854],[82.7941,18.3884],[82.7914,18.3959],[82.7938,18.4008],[82.7996,18.4062],[82.796,18.4086],[82.7875,18.4101],[82.7877,18.4166],[82.7828,18.4221],[82.7823,18.4304],[82.7896,18.4348],[82.7959,18.4397],[82.7975,18.443],[82.8022,18.4462],[82.803,18.4488],[82.809,18.4502],[82.8159,18.4504],[82.8232,18.447],[82.8233,18.4436],[82.8303,18.4422],[82.835,18.4397],[82.8363,18.4368],[82.8406,18.436],[82.8456,18.433],[82.8471,18.4307],[82.8487,18.4229],[82.8524,18.4187],[82.8541,18.423],[82.8564,18.4249],[82.8585,18.423],[82.8639,18.4216],[82.8704,18.418],[82.8756,18.4197],[82.8767,18.4211],[82.882,18.4203],[82.8919,18.4236],[82.895,18.4236],[82.8961,18.4128],[82.8979,18.4022],[82.8928,18.3918],[82.8907,18.3893],[82.8935,18.3866],[82.8947,18.3807],[82.9022,18.3736],[82.9112,18.3725],[82.9133,18.3682],[82.9182,18.375],[82.9226,18.3749],[82.9259,18.3682],[82.9389,18.3609],[82.9475,18.3601],[82.9536,18.3613],[82.9553,18.3635],[82.9602,18.3661],[82.9668,18.3588],[82.9769,18.3628],[82.9824,18.3672],[82.9867,18.376],[82.9901,18.3805],[82.9924,18.3785],[82.9955,18.3817],[82.9969,18.3856],[83.0016,18.3826],[83.0065,18.3824],[83.0134,18.3879],[83.0165,18.3865],[83.0229,18.3909],[83.0255,18.3869],[83.0297,18.3859],[83.032,18.3834],[83.0395,18.3831],[83.0427,18.3794],[83.0488,18.3802],[83.0542,18.3799],[83.0601,18.385],[83.0622,18.3888],[83.0686,18.3954],[83.071,18.3969],[83.0771,18.4031]]]},"properties":{"district":"Alluri Sitharama Raju","st_nm":"Andhra Pradesh"}},{"type":"Feature","geometry":{"type":"Polygon","coordinates":[[[82.5584,17.5196],[82.5597,17.5082],[82.5592,17.5016],[82.5598,17.4933],[82.5681,17.492],[82.5691,17.486],[82.5749,17.4838],[82.5789,17.4813],[82.5806,17.4759],[82.5849,17.4741],[82.5858,17.4689],[82.591,17.4671],[82.5915,17.4648],[82.6022,17.4595],[82.6048,17.4602],[82.6042,17.4548],[82.5998,17.4475],[82.5988,17.4431],[82.5897,17.4357],[82.5844,17.4299],[82.5832,17.4246],[82.5803,17.4239],[82.5729,17.4161],[82.5606,17.4085],[82.5603,17.4016],[82.5577,17.3992],[82.5556,17.3896],[82.5524,17.3881],[82.5508,17.3852],[82.5509,17.3818],[82.5429,17.3736],[82.5475,17.3694],[82.548,17.3614],[82.5527,17.3575],[82.5553,17.3529],[82.5612,17.3539],[82.5668,17.3507],[82.5652,17.3421],[82.5603,17.342],[82.5589,17.3304],[82.5549,17.3241],[82.5474,17.325],[82.5468,17.3266],[82.5357,17.3271],[82.5345,17.3216],[82.5367,17.3163],[82.5367,17.3114],[82.5339,17.3055],[82.5255,17.3006],[82.5182,17.2993],[82.5215,17.2961],[82.5217,17.2843],[82.523,17.2816],[82.5229,17.2766],[82.5254,17.2753],[82.5258,17.2712],[82.53,17.2682],[82.5391,17.2633],[82.5418,17.2513],[82.5413,17.2483],[82.5377,17.2456],[82.5077,17.2249],[82.4923,17.2133],[82.4847,17.2083],[82.4633,17.1916],[82.4457,17.177],[82.4331,17.1661],[82.4192,17.1535],[82.4067,17.1421],[82.3673,17.1047],[82.3544,17.0929],[82.3491,17.0885],[82.3191,17.0589],[82.3072,17.0442],[82.2985,17.0317],[82.2946,17.0248],[82.2909,17.0164],[82.2849,17.0003],[82.2827,16.993],[82.28,16.9966],[82.2783,16.9896],[82.2814,16.9845],[82.2771,16.983],[82.2761,16.9765],[82.2812,16.977],[82.2838,16.9761],[82.2832,16.9707],[82.2746,16.9706],[82.2722,16.9664],[82.2684,16.9557],[82.2692,16.9506],[82.2711,16.9474],[82.2704,16.9422],[82.2638,16.9392],[82.257,16.9374],[82.2531,16.9379],[82.2481,16.9323],[82.2481,16.9229],[82.2474,16.9235],[82.2461,16.9149],[82.2444,16.9159],[82.2432,16.9085],[82.2385,16.9074],[82.2349,16.9084],[82.2317,16.9018],[82.232,16.8966],[82.2272,16.8945],[82.2272,16.8887],[82.224,16.8888],[82.2225,16.8826],[82.2105,16.8841],[82.2083,16.8718],[82.2034,16.8625],[82.2023,16.8562],[82.1988,16.8522],[82.192,16.8528],[82.1902,16.8538],[82.1837,16.8539],[82.1797,16.8511],[82.179,16.8566],[82.1756,16.8576],[82.168,16.8628],[82.1633,16.8632],[82.1609,16.8659],[82.1521,16.8673],[82.1486,16.8657],[82.1475,16.8626],[82.1513,16.8562],[82.1515,16.8446],[82.1527,16.8418],[82.1475,16.8349],[82.1439,16.8285],[82.1394,16.8289],[82.1335,16.8234],[82.1294,16.8245],[82.1274,16.8275],[82.1239,16.8292],[82.1255,16.8317],[82.1178,16.8344],[82.1113,16.835],[82.1068,16.8424],[82.101,16.8426],[82.0962,16.8334],[82.0893,16.8338],[82.0925,16.8374],[82.0923,16.8413],[82.0889,16.8455],[82.0862,16.8504],[82.0831,16.8508],[82.0834,16.8537],[82.0881,16.8537],[82.0962,16.8581],[82.0983,16.8603],[82.1014,16.8604],[82.1037,16.8624],[82.1083,16.8626],[82.1085,16.8644],[82.099,16.8701],[82.0936,16.8746],[82.0923,16.8768],[82.1025,16.8802],[82.1071,16.8824],[82.1071,16.8858],[82.105,16.8896],[82.1113,16.8875],[82.1155,16.8879],[82.1232,16.8971],[82.1333,16.8896],[82.1359,16.8924],[82.1406,16.8931],[82.1449,16.8977],[82.1482,16.9063],[82.1505,16.9101],[82.1547,16.9202],[82.1545,16.9234],[82.1484,16.9281],[82.1494,16.9307],[82.1532,16.935],[82.1599,16.9386],[82.1619,16.9429],[82.1641,16.9429],[82.1675,16.9517],[82.1732,16.949],[82.1801,16.9494],[82.184,16.9485],[82.1885,16.9566],[82.1919,16.9571],[82.1992,16.9689],[82.2092,16.9831],[82.2046,16.9829],[82.2007,16.9851],[82.1971,16.9799],[82.1951,16.9819],[82.1897,16.9828],[82.1849,16.9777],[82.1804,16.9803],[82.1815,16.9843],[82.1771,16.9869],[82.1771,16.9891],[82.1692,16.9904],[82.1661,16.9921],[82.1593,16.9929],[82.1573,16.992],[82.1546,16.9877],[82.1543,16.9826],[82.1473,16.9805],[82.1388,16.9836],[82.1258,16.9849],[82.1227,16.9797],[82.1152,16.97],[82.1019,16.9719],[82.1016,16.9637],[82.1003,16.959],[82.0871,16.9634],[82.0828,16.9616],[82.0721,16.9612],[82.0688,16.9716],[82.0661,16.9775],[82.065,16.9865],[82.065,16.9928],[82.0586,16.9936],[82.0603,16.9986],[82.0632,16.9989],[82.0633,17.0025],[82.0612,17.0097],[82.0615,17.0119],[82.0688,17.0137],[82.069,17.0192],[82.0721,17.0224],[82.074,17.0261],[82.0781,17.0285],[82.0788,17.0332],[82.0775,17.0386],[82.0747,17.0416],[82.0646,17.0407],[82.0631,17.0393],[82.0398,17.0393],[82.0336,17.0359],[82.0329,17.0448],[82.0343,17.0473],[82.0335,17.0556],[82.0319,17.0634],[82.0362,17.0633],[82.0402,17.0691],[82.0442,17.0702],[82.0474,17.0732],[82.0465,17.0787],[82.0476,17.0885],[82.0463,17.0913],[82.0402,17.0936],[82.038,17.0976],[82.0226,17.103],[82.0161,17.1081],[82.0119,17.1105],[81.9992,17.1197],[81.9929,17.1177],[81.9799,17.1205],[81.9719,17.1185],[81.965,17.1188],[81.9536,17.1158],[81.951,17.11],[81.9467,17.1089],[81.942,17.109],[81.9402,17.1044],[81.9331,17.1038],[81.9266,17.1047],[81.9239,17.1023],[81.9239,17.1037],[81.9199,17.1096],[81.9183,17.1165],[81.9181,17.1263],[81.9193,17.1342],[81.9167,17.1388],[81.916,17.1433],[81.9166,17.1538],[81.916,17.1602],[81.9173,17.1642],[81.9127,17.1665],[81.911,17.1702],[81.9059,17.1766],[81.9031,17.1835],[81.904,17.1867],[81.9074,17.1904],[81.9073,17.1922],[81.913,17.1933],[81.9206,17.1987],[81.9202,17.2035],[81.9187,17.2058],[81.9174,17.2125],[81.9121,17.2126],[81.9076,17.2146],[81.9019,17.2134],[81.8978,17.2149],[81.8979,17.2213],[81.8845,17.2185],[81.8821,17.2172],[81.878,17.2126],[81.8761,17.2128],[81.8735,17.2191],[81.8702,17.2169],[81.8734,17.2136],[81.8734,17.21],[81.8711,17.2088],[81.8719,17.2052],[81.871,17.1962],[81.8657,17.1975],[81.8573,17.1939],[81.8484,17.1927],[81.8455,17.1879],[81.8366,17.1869],[81.8265,17.1895],[81.8223,17.1901],[81.8181,17.1893],[81.8186,17.1941],[81.821,17.199],[81.8157,17.1999],[81.815,17.1951],[81.806,17.1971],[81.8042,17.2007],[81.8048,17.204],[81.8102,17.2111],[81.8109,17.2166],[81.8034,17.2169],[81.7917,17.2209],[81.785,17.2186],[81.7812,17.2196],[81.7829,17.2269],[81.7761,17.2345],[81.7734,17.2355],[81.7733,17.2431],[81.7754,17.2471],[81.7838,17.2479],[81.7862,17.2457],[81.7946,17.2443],[81.8064,17.2462],[81.8075,17.2508],[81.8075,17.2599],[81.8103,17.2589],[81.8156,17.2595],[81.8247,17.259],[81.8266,17.2582],[81.8272,17.2729],[81.8256,17.2821],[81.8228,17.2883],[81.8259,17.2967],[81.8262,17.3006],[81.8244,17.3041],[81.8251,17.3065],[81.8288,17.3095],[81.8341,17.3076],[81.841,17.3099],[81.844,17.3077],[81.8443,17.3032],[81.846,17.3002],[81.8506,17.298],[81.8547,17.2982],[81.8577,17.2956],[81.8589,17.2894],[81.8633,17.2916],[81.866,17.288],[81.8689,17.2894],[81.8729,17.2935],[81.8784,17.2931],[81.8819,17.2972],[81.881,17.3042],[81.8783,17.3081],[81.8794,17.313],[81.886,17.3149],[81.8907,17.3179],[81.8953,17.3132],[81.9017,17.3095],[81.9067,17.3091],[81.9107,17.3048],[81.9132,17.3043],[81.9191,17.3082],[81.9242,17.3134],[81.9261,17.3121],[81.9221,17.3067],[81.9217,17.3036],[81.9191,17.3022],[81.9204,17.2968],[81.9178,17.2938],[81.9198,17.2917],[81.9166,17.2862],[81.9169,17.2815],[81.9139,17.277],[81.9227,17.2759],[81.9241,17.2803],[81.9391,17.2804],[81.9441,17.2816],[81.9458,17.2849],[81.9513,17.2845],[81.9549,17.2918],[81.9643,17.292],[81.9629,17.2995],[81.9761,17.3027],[81.9741,17.3129],[81.9756,17.3136],[81.9848,17.311],[81.9915,17.3122],[81.9987,17.3088],[82.0052,17.3127],[82.0104,17.3141],[82.0108,17.3096],[82.014,17.3112],[82.0201,17.3099],[82.0242,17.3112],[82.028,17.3073],[82.0328,17.3051],[82.0349,17.306],[82.0383,17.2986],[82.038,17.2949],[82.0578,17.2992],[82.0594,17.2945],[82.0617,17.2969],[82.0654,17.298],[82.0709,17.3021],[82.0893,17.2978],[82.0903,17.2962],[82.0909,17.2987],[82.0853,17.3025],[82.0812,17.3016],[82.0732,17.3027],[82.0682,17.3044],[82.0638,17.3034],[82.0604,17.3068],[82.0607,17.3102],[82.0536,17.3161],[82.0586,17.3236],[82.059,17.3284],[82.0621,17.3313],[82.0581,17.34],[82.0556,17.3417],[82.0556,17.3478],[82.0596,17.3569],[82.062,17.3594],[82.0614,17.364],[82.0543,17.3659],[82.0515,17.3751],[82.0541,17.3753],[82.0568,17.3784],[82.0576,17.3828],[82.0617,17.3845],[82.0677,17.3902],[82.0681,17.3861],[82.0702,17.384],[82.0749,17.3847],[82.0769,17.3901],[82.0808,17.3919],[82.0769,17.3964],[82.0726,17.3985],[82.075,17.4007],[82.0818,17.4026],[82.0813,17.3977],[82.0841,17.3983],[82.0874,17.3885],[82.0918,17.3902],[82.0941,17.3955],[82.0942,17.4001],[82.0985,17.4008],[82.0983,17.3953],[82.0998,17.3933],[82.0981,17.3884],[82.1008,17.3856],[82.1053,17.3848],[82.1076,17.3871],[82.1085,17.3907],[82.1162,17.392],[82.1177,17.3881],[82.1166,17.3838],[82.1195,17.3828],[82.122,17.3791],[82.1176,17.378],[82.1114,17.3746],[82.1122,17.366],[82.11,17.3636],[82.1062,17.3634],[82.1048,17.3575],[82.0997,17.3549],[82.095,17.3545],[82.0939,17.3503],[82.0916,17.347],[82.0938,17.3404],[82.1024,17.34],[82.1043,17.3411],[82.1071,17.3355],[82.104,17.3326],[82.0993,17.3256],[82.1028,17.3249],[82.1151,17.3288],[82.1142,17.3258],[82.1201,17.3233],[82.1231,17.3234],[82.1222,17.3284],[82.1222,17.3383],[82.1248,17.3448],[82.1314,17.346],[82.1381,17.3439],[82.1389,17.3444],[82.1433,17.343],[82.1526,17.3468],[82.1525,17.3506],[82.1451,17.352],[82.1451,17.3561],[82.1473,17.3617],[82.139,17.3647],[82.1406,17.3677],[82.1465,17.3679],[82.1498,17.3721],[82.157,17.375],[82.1591,17.3767],[82.1635,17.3759],[82.1656,17.3796],[82.1683,17.3791],[82.1711,17.3762],[82.1828,17.3834],[82.1856,17.3867],[82.1926,17.3844],[82.1981,17.3792],[82.205,17.3836],[82.2177,17.389],[82.2174,17.3971],[82.2352,17.4099],[82.2399,17.4156],[82.2431,17.4175],[82.248,17.424],[82.2481,17.4255],[82.2525,17.4304],[82.2584,17.4349],[82.262,17.4353],[82.2673,17.4378],[82.2739,17.4381],[82.2794,17.4413],[82.2847,17.446],[82.2871,17.4558],[82.2867,17.4678],[82.2889,17.4766],[82.2913,17.4801],[82.2962,17.4826],[82.2999,17.4862],[82.3048,17.4882],[82.3135,17.4952],[82.3155,17.5002],[82.3254,17.507],[82.33,17.5109],[82.3336,17.511],[82.3313,17.5029],[82.3382,17.5006],[82.3408,17.496],[82.3446,17.4939],[82.3495,17.4998],[82.356,17.5057],[82.3633,17.51],[82.3753,17.5102],[82.3782,17.5069],[82.3757,17.5008],[82.3674,17.4891],[82.3728,17.4791],[82.3815,17.4775],[82.3877,17.4785],[82.4101,17.4665],[82.4171,17.4696],[82.4288,17.4707],[82.4313,17.4724],[82.4375,17.471],[82.44,17.4778],[82.4492,17.4791],[82.4507,17.4811],[82.4524,17.4883],[82.4541,17.4898],[82.4542,17.4944],[82.4523,17.4956],[82.4514,17.5026],[82.4503,17.5036],[82.4495,17.511],[82.4652,17.5114],[82.4681,17.5194],[82.466,17.5232],[82.4636,17.5246],[82.4606,17.5295],[82.4665,17.5312],[82.4715,17.5311],[82.4733,17.5283],[82.4764,17.5265],[82.4723,17.5211],[82.4742,17.5193],[82.4775,17.5196],[82.4797,17.5117],[82.4804,17.501],[82.4873,17.501],[82.4872,17.4992],[82.4944,17.5001],[82.496,17.5013],[82.4975,17.5067],[82.5022,17.509],[82.5044,17.5089],[82.5056,17.5029],[82.5108,17.5018],[82.5118,17.5028],[82.5173,17.5014],[82.522,17.5017],[82.5315,17.5043],[82.5317,17.5063],[82.539,17.5073],[82.546,17.5121],[82.5477,17.5143],[82.5491,17.5195],[82.5525,17.5271],[82.5567,17.5228],[82.5584,17.5196]]]},"properties":{"district":"Kakinada","st_nm":"Andhra Pradesh"}},{"type":"Feature","geometry":{"type":"Polygon","coordinates":[[[82.2092,16.9831],[82.1992,16.9689],[82.1919,16.9571],[82.1885,16.9566],[82.184,16.9485],[82.1801,16.9494],[82.1732,16.949],[82.1675,16.9517],[82.1641,16.9429],[82.1619,16.9429],[82.1599,16.9386],[82.1532,16.935],[82.1494,16.9307],[82.1484,16.9281],[82.1545,16.9234],[82.1547,16.9202],[82.1505,16.9101],[82.1482,16.9063],[82.1449,16.8977],[82.1406,16.8931],[82.1359,16.8924],[82.1333,16.8896],[82.1232,16.8971],[82.1155,16.8879],[82.1113,16.8875],[82.105,16.8896],[82.1071,16.8858],[82.1071,16.8824],[82.1025,16.8802],[82.0923,16.8768],[82.0937,16.8834],[82.0861,16.8817],[82.0791,16.8847],[82.0748,16.8852],[82.0726,16.8792],[82.0658,16.8808],[82.0583,16.8808],[82.0569,16.8747],[82.0472,16.8766],[82.0479,16.8811],[82.0438,16.8846],[82.0477,16.8957],[82.0454,16.8974],[82.0379,16.9001],[82.0392,16.9049],[82.036,16.9047],[82.0331,16.8982],[82.0292,16.8973],[82.0308,16.9042],[82.0239,16.9055],[82.0204,16.9053],[82.0198,16.9087],[82.0168,16.9084],[82.014,16.9101],[82.0127,16.9135],[82.0128,16.9177],[82.0033,16.9171],[82.0021,16.915],[81.9972,16.9109],[81.9943,16.8956],[81.9833,16.8957],[81.9818,16.8832],[81.987,16.8811],[81.9874,16.876],[81.9823,16.8653],[81.9749,16.8651],[81.9742,16.8599],[81.9788,16.8566],[81.976,16.8504],[81.9742,16.8503],[81.9722,16.845],[81.9698,16.8356],[81.9659,16.8231],[81.9559,16.8249],[81.9581,16.8316],[81.9579,16.8361],[81.9517,16.8382],[81.9531,16.854],[81.9543,16.8619],[81.9583,16.8668],[81.9574,16.8703],[81.9504,16.8769],[81.9556,16.8915],[81.9565,16.8995],[81.9534,16.8996],[81.9511,16.9065],[81.9468,16.9068],[81.9427,16.9111],[81.937,16.9131],[81.9367,16.9188],[81.9385,16.9237],[81.9375,16.925],[81.9387,16.9385],[81.9374,16.9437],[81.9382,16.9493],[81.9377,16.9589],[81.9393,16.9618],[81.9384,16.9663],[81.9352,16.9674],[81.9314,16.9663],[81.929,16.9713],[81.9252,16.9749],[81.9207,16.9761],[81.9175,16.9785],[81.9132,16.969],[81.9101,16.9689],[81.9081,16.9654],[81.9048,16.966],[81.9047,16.9605],[81.9002,16.9502],[81.8966,16.9486],[81.8888,16.9487],[81.8819,16.95],[81.8802,16.9447],[81.8626,16.9406],[81.8617,16.9355],[81.8691,16.9316],[81.867,16.9277],[81.8671,16.9229],[81.869,16.9178],[81.8686,16.9139],[81.863,16.906],[81.8719,16.9011],[81.8737,16.904],[81.8814,16.9028],[81.882,16.8979],[81.8794,16.8976],[81.8788,16.8937],[81.8817,16.893],[81.8825,16.8903],[81.8814,16.8818],[81.8748,16.8819],[81.8695,16.8777],[81.8693,16.8745],[81.8656,16.8673],[81.8675,16.8662],[81.869,16.861],[81.8672,16.8555],[81.8704,16.8501],[81.8689,16.8483],[81.8634,16.8489],[81.8628,16.8452],[81.8544,16.8479],[81.8512,16.8476],[81.8512,16.8583],[81.8491,16.8608],[81.8481,16.8683],[81.8467,16.8706],[81.8356,16.8725],[81.8312,16.8742],[81.8285,16.8728],[81.8303,16.8664],[81.8294,16.8651],[81.8227,16.8671],[81.8194,16.8669],[81.8074,16.8609],[81.8042,16.8581],[81.8018,16.8659],[81.803,16.8738],[81.8041,16.8761],[81.8019,16.8845],[81.7931,16.8962],[81.7905,16.9111],[81.7886,16.9282],[81.7867,16.9343],[81.7822,16.9408],[81.7781,16.945],[81.7758,16.9442],[81.7308,16.9446],[81.7371,16.9548],[81.741,16.9587],[81.7448,16.9641],[81.7455,16.9723],[81.7453,16.9839],[81.7441,16.9898],[81.7425,17.0066],[81.7418,17.0097],[81.7382,17.0168],[81.7361,17.0163],[81.7314,17.0207],[81.7311,17.0237],[81.7239,17.0383],[81.7245,17.0442],[81.7227,17.0512],[81.7203,17.0566],[81.7133,17.0646],[81.7111,17.0665],[81.7075,17.0723],[81.7038,17.0754],[81.6973,17.0842],[81.6935,17.0874],[81.6861,17.0918],[81.6806,17.094],[81.6796,17.0983],[81.6771,17.1023],[81.6756,17.1092],[81.6759,17.1139],[81.6749,17.1173],[81.6701,17.1222],[81.6685,17.1265],[81.6655,17.1302],[81.6633,17.1407],[81.663,17.1541],[81.6595,17.164],[81.6575,17.1713],[81.656,17.174],[81.6527,17.1846],[81.6464,17.1927],[81.6463,17.1943],[81.6422,17.2024],[81.6405,17.2076],[81.6421,17.214],[81.6412,17.2258],[81.642,17.2306],[81.6522,17.2445],[81.6539,17.248],[81.6543,17.2536],[81.6556,17.2598],[81.6558,17.2664],[81.6577,17.2713],[81.6602,17.2695],[81.6646,17.2692],[81.6733,17.2643],[81.6725,17.2621],[81.6632,17.2657],[81.6615,17.2642],[81.6659,17.2592],[81.666,17.2553],[81.6735,17.2522],[81.6779,17.2531],[81.6764,17.2582],[81.6801,17.2579],[81.679,17.2543],[81.6799,17.2507],[81.6828,17.2488],[81.687,17.2479],[81.6876,17.2394],[81.6815,17.2352],[81.6819,17.2326],[81.6858,17.231],[81.6947,17.2298],[81.697,17.2312],[81.7018,17.2315],[81.7087,17.2247],[81.7149,17.2226],[81.7195,17.2219],[81.719,17.2263],[81.7169,17.2302],[81.7185,17.2317],[81.7163,17.235],[81.7175,17.2378],[81.7205,17.2356],[81.7299,17.2339],[81.7379,17.2355],[81.7413,17.2353],[81.744,17.2386],[81.7485,17.2382],[81.7524,17.234],[81.7582,17.2374],[81.7573,17.2416],[81.7648,17.2471],[81.7665,17.2498],[81.7754,17.2471],[81.7733,17.2431],[81.7734,17.2355],[81.7761,17.2345],[81.7829,17.2269],[81.7812,17.2196],[81.785,17.2186],[81.7917,17.2209],[81.8034,17.2169],[81.8109,17.2166],[81.8102,17.2111],[81.8048,17.204],[81.8042,17.2007],[81.806,17.1971],[81.815,17.1951],[81.8157,17.1999],[81.821,17.199],[81.8186,17.1941],[81.8181,17.1893],[81.8223,17.1901],[81.8265,17.1895],[81.8366,17.1869],[81.8455,17.1879],[81.8484,17.1927],[81.8573,17.1939],[81.8657,17.1975],[81.871,17.1962],[81.8719,17.2052],[81.8711,17.2088],[81.8734,17.21],[81.8734,17.2136],[81.8702,17.2169],[81.8735,17.2191],[81.8761,17.2128],[81.878,17.2126],[81.8821,17.2172],[81.8845,17.2185],[81.8979,17.2213],[81.8978,17.2149],[81.9019,17.2134],[81.9076,17.2146],[81.9121,17.2126],[81.9174,17.2125],[81.9187,17.2058],[81.9202,17.2035],[81.9206,17.1987],[81.913,17.1933],[81.9073,17.1922],[81.9074,17.1904],[81.904,17.1867],[81.9031,17.1835],[81.9059,17.1766],[81.911,17.1702],[81.9127,17.1665],[81.9173,17.1642],[81.916,17.1602],[81.9166,17.1538],[81.916,17.1433],[81.9167,17.1388],[81.9193,17.1342],[81.9181,17.1263],[81.9183,17.1165],[81.9199,17.1096],[81.9239,17.1037],[81.9239,17.1023],[81.9266,17.1047],[81.9331,17.1038],[81.9402,17.1044],[81.942,17.109],[81.9467,17.1089],[81.951,17.11],[81.9536,17.1158],[81.965,17.1188],[81.9719,17.1185],[81.9799,17.1205],[81.9929,17.1177],[81.9992,17.1197],[82.0119,17.1105],[82.0161,17.1081],[82.0226,17.103],[82.038,17.0976],[82.0402,17.0936],[82.0463,17.0913],[82.0476,17.0885],[82.0465,17.0787],[82.0474,17.0732],[82.0442,17.0702],[82.0402,17.0691],[82.0362,17.0633],[82.0319,17.0634],[82.0335,17.0556],[82.0343,17.0473],[82.0329,17.0448],[82.0336,17.0359],[82.0398,17.0393],[82.0631,17.0393],[82.0646,17.0407],[82.0747,17.0416],[82.0775,17.0386],[82.0788,17.0332],[82.0781,17.0285],[82.074,17.0261],[82.0721,17.0224],[82.069,17.0192],[82.0688,17.0137],[82.0615,17.0119],[82.0612,17.0097],[82.0633,17.0025],[82.0632,16.9989],[82.0603,16.9986],[82.0586,16.9936],[82.065,16.9928],[82.065,16.9865],[82.0661,16.9775],[82.0688,16.9716],[82.0721,16.9612],[82.0828,16.9616],[82.0871,16.9634],[82.1003,16.959],[82.1016,16.9637],[82.1019,16.9719],[82.1152,16.97],[82.1227,16.9797],[82.1258,16.9849],[82.1388,16.9836],[82.1473,16.9805],[82.1543,16.9826],[82.1546,16.9877],[82.1573,16.992],[82.1593,16.9929],[82.1661,16.9921],[82.1692,16.9904],[82.1771,16.9891],[82.1771,16.9869],[82.1815,16.9843],[82.1804,16.9803],[82.1849,16.9777],[82.1897,16.9828],[82.1951,16.9819],[82.1971,16.9799],[82.2007,16.9851],[82.2046,16.9829],[82.2092,16.9831]]]},"properties":{"district":"East Godavari","st_nm":"Andhra Pradesh"}},{"type":"Feature","geometry":{"type":"Polygon","coordinates":[[[82.0923,16.8768],[82.0936,16.8746],[82.099,16.8701],[82.1085,16.8644],[82.1083,16.8626],[82.1037,16.8624],[82.1014,16.8604],[82.0983,16.8603],[82.0962,16.8581],[82.0881,16.8537],[82.0834,16.8537],[82.0831,16.8508],[82.0862,16.8504],[82.0889,16.8455],[82.0923,16.8413],[82.0925,16.8374],[82.0893,16.8338],[82.0962,16.8334],[82.101,16.8426],[82.1068,16.8424],[82.1113,16.835],[82.1178,16.8344],[82.1255,16.8317],[82.1239,16.8292],[82.1274,16.8275],[82.1294,16.8245],[82.1335,16.8234],[82.1394,16.8289],[82.1439,16.8285],[82.1475,16.8349],[82.1527,16.8418],[82.1515,16.8446],[82.1513,16.8562],[82.1475,16.8626],[82.1486,16.8657],[82.1521,16.8673],[82.1609,16.8659],[82.1633,16.8632],[82.168,16.8628],[82.1756,16.8576],[82.179,16.8566],[82.1797,16.8511],[82.1837,16.8539],[82.1902,16.8538],[82.192,16.8528],[82.1988,16.8522],[82.2023,16.8562],[82.2034,16.8625],[82.2083,16.8718],[82.2105,16.8841],[82.2225,16.8826],[82.224,16.8888],[82.2272,16.8887],[82.2272,16.8945],[82.232,16.8966],[82.2317,16.9018],[82.2349,16.9084],[82.2385,16.9074],[82.2432,16.9085],[82.2444,16.9159],[82.2461,16.9149],[82.2474,16.9235],[82.2481,16.9229],[82.248,16.917],[82.2494,16.9106],[82.2962,16.9441],[82.3027,16.9485],[82.3367,16.9731],[82.3346,16.9782],[82.3319,16.982],[82.3276,16.9838],[82.3245,16.9867],[82.3252,16.9916],[82.3282,16.9937],[82.3318,16.9932],[82.337,16.9905],[82.344,16.9855],[82.3513,16.9777],[82.3574,16.9669],[82.36,16.9602],[82.3615,16.9505],[82.3636,16.929],[82.3649,16.9116],[82.3641,16.9022],[82.363,16.895],[82.3613,16.878],[82.3569,16.8545],[82.3571,16.8439],[82.354,16.8311],[82.3527,16.822],[82.3514,16.8173],[82.3544,16.8161],[82.3491,16.7881],[82.3431,16.7664],[82.3409,16.7556],[82.3403,16.7455],[82.3413,16.7383],[82.3475,16.7351],[82.3573,16.7349],[82.362,16.7326],[82.3683,16.7262],[82.3692,16.7215],[82.3639,16.7127],[82.355,16.7014],[82.3492,16.6946],[82.3352,16.6775],[82.3295,16.6685],[82.3247,16.6591],[82.3202,16.6446],[82.3194,16.6375],[82.3194,16.6276],[82.3173,16.6136],[82.3173,16.6053],[82.3181,16.5979],[82.3212,16.5962],[82.3226,16.592],[82.3186,16.5806],[82.3138,16.5734],[82.3092,16.5696],[82.2845,16.557],[82.2563,16.5481],[82.2237,16.5359],[82.2149,16.5316],[82.2058,16.5282],[82.1772,16.514],[82.1589,16.5055],[82.1534,16.5021],[82.1401,16.496],[82.1296,16.4908],[82.1246,16.4891],[82.103,16.4784],[82.0665,16.4589],[82.0528,16.4508],[82.0321,16.4394],[82.0128,16.4295],[81.9942,16.4205],[81.9648,16.4059],[81.9485,16.3982],[81.9455,16.3964],[81.937,16.3936],[81.929,16.3932],[81.9053,16.3884],[81.8772,16.3813],[81.8699,16.3792],[81.8547,16.374],[81.8394,16.3677],[81.8163,16.3565],[81.7925,16.343],[81.7794,16.3364],[81.7701,16.3322],[81.7404,16.3197],[81.7296,16.3141],[81.7187,16.3092],[81.6973,16.3013],[81.6998,16.3046],[81.701,16.309],[81.7032,16.3113],[81.7106,16.3151],[81.7143,16.3201],[81.7161,16.3246],[81.7124,16.3275],[81.7129,16.3334],[81.7122,16.3355],[81.7146,16.3411],[81.7167,16.3485],[81.7151,16.3618],[81.7092,16.3761],[81.7058,16.3927],[81.7003,16.4015],[81.6972,16.4075],[81.6965,16.4134],[81.6988,16.4218],[81.7032,16.4307],[81.7116,16.4447],[81.7165,16.4474],[81.7205,16.4475],[81.726,16.445],[81.7296,16.4408],[81.7341,16.4252],[81.7369,16.4229],[81.7448,16.4234],[81.7544,16.4229],[81.7626,16.429],[81.7627,16.4308],[81.7699,16.4407],[81.7822,16.4507],[81.7839,16.4605],[81.7853,16.4635],[81.7887,16.4629],[81.799,16.477],[81.8045,16.4801],[81.807,16.4833],[81.8115,16.4834],[81.8164,16.4883],[81.8196,16.4901],[81.8237,16.4899],[81.8283,16.4912],[81.8424,16.4932],[81.846,16.4954],[81.8487,16.5014],[81.8476,16.5129],[81.8455,16.5192],[81.8455,16.5302],[81.8468,16.5338],[81.848,16.5387],[81.8518,16.5466],[81.8529,16.5542],[81.8544,16.5585],[81.8549,16.5708],[81.8565,16.5852],[81.8587,16.5956],[81.8587,16.5996],[81.8572,16.6117],[81.8491,16.6284],[81.8479,16.6327],[81.8432,16.6451],[81.8397,16.6506],[81.8353,16.6549],[81.8296,16.6601],[81.812,16.6784],[81.8068,16.6889],[81.8011,16.695],[81.7946,16.7],[81.7859,16.7075],[81.7856,16.7137],[81.7913,16.7268],[81.7947,16.7318],[81.7947,16.7374],[81.7901,16.7469],[81.7857,16.7516],[81.7722,16.7571],[81.764,16.762],[81.7577,16.7702],[81.7551,16.7748],[81.7492,16.7876],[81.7448,16.7929],[81.7447,16.7967],[81.7501,16.8059],[81.7465,16.8101],[81.7528,16.8226],[81.7528,16.8318],[81.7517,16.843],[81.7515,16.8518],[81.7464,16.8669],[81.7396,16.8725],[81.7342,16.8794],[81.7328,16.8878],[81.7313,16.9033],[81.7322,16.9138],[81.7242,16.914],[81.7283,16.9197],[81.7289,16.9232],[81.7278,16.9284],[81.7287,16.9392],[81.7308,16.9446],[81.7758,16.9442],[81.7781,16.945],[81.7822,16.9408],[81.7867,16.9343],[81.7886,16.9282],[81.7905,16.9111],[81.7931,16.8962],[81.8019,16.8845],[81.8041,16.8761],[81.803,16.8738],[81.8018,16.8659],[81.8042,16.8581],[81.8074,16.8609],[81.8194,16.8669],[81.8227,16.8671],[81.8294,16.8651],[81.8303,16.8664],[81.8285,16.8728],[81.8312,16.8742],[81.8356,16.8725],[81.8467,16.8706],[81.8481,16.8683],[81.8491,16.8608],[81.8512,16.8583],[81.8512,16.8476],[81.8544,16.8479],[81.8628,16.8452],[81.8634,16.8489],[81.8689,16.8483],[81.8704,16.8501],[81.8672,16.8555],[81.869,16.861],[81.8675,16.8662],[81.8656,16.8673],[81.8693,16.8745],[81.8695,16.8777],[81.8748,16.8819],[81.8814,16.8818],[81.8825,16.8903],[81.8817,16.893],[81.8788,16.8937],[81.8794,16.8976],[81.882,16.8979],[81.8814,16.9028],[81.8737,16.904],[81.8719,16.9011],[81.863,16.906],[81.8686,16.9139],[81.869,16.9178],[81.8671,16.9229],[81.867,16.9277],[81.8691,16.9316],[81.8617,16.9355],[81.8626,16.9406],[81.8802,16.9447],[81.8819,16.95],[81.8888,16.9487],[81.8966,16.9486],[81.9002,16.9502],[81.9047,16.9605],[81.9048,16.966],[81.9081,16.9654],[81.9101,16.9689],[81.9132,16.969],[81.9175,16.9785],[81.9207,16.9761],[81.9252,16.9749],[81.929,16.9713],[81.9314,16.9663],[81.9352,16.9674],[81.9384,16.9663],[81.9393,16.9618],[81.9377,16.9589],[81.9382,16.9493],[81.9374,16.9437],[81.9387,16.9385],[81.9375,16.925],[81.9385,16.9237],[81.9367,16.9188],[81.937,16.9131],[81.9427,16.9111],[81.9468,16.9068],[81.9511,16.9065],[81.9534,16.8996],[81.9565,16.8995],[81.9556,16.8915],[81.9504,16.8769],[81.9574,16.8703],[81.9583,16.8668],[81.9543,16.8619],[81.9531,16.854],[81.9517,16.8382],[81.9579,16.8361],[81.9581,16.8316],[81.9559,16.8249],[81.9659,16.8231],[81.9698,16.8356],[81.9722,16.845],[81.9742,16.8503],[81.976,16.8504],[81.9788,16.8566],[81.9742,16.8599],[81.9749,16.8651],[81.9823,16.8653],[81.9874,16.876],[81.987,16.8811],[81.9818,16.8832],[81.9833,16.8957],[81.9943,16.8956],[81.9972,16.9109],[82.0021,16.915],[82.0033,16.9171],[82.0128,16.9177],[82.0127,16.9135],[82.014,16.9101],[82.0168,16.9084],[82.0198,16.9087],[82.0204,16.9053],[82.0239,16.9055],[82.0308,16.9042],[82.0292,16.8973],[82.0331,16.8982],[82.036,16.9047],[82.0392,16.9049],[82.0379,16.9001],[82.0454,16.8974],[82.0477,16.8957],[82.0438,16.8846],[82.0479,16.8811],[82.0472,16.8766],[82.0569,16.8747],[82.0583,16.8808],[82.0658,16.8808],[82.0726,16.8792],[82.0748,16.8852],[82.0791,16.8847],[82.0861,16.8817],[82.0937,16.8834],[82.0923,16.8768]]]},"properties":{"district":"Konaseema","st_nm":"Andhra Pradesh"}},{"type":"Feature","geometry":{"type":"Polygon","coordinates":[[[81.7308,16.9446],[81.7287,16.9392],[81.7278,16.9284],[81.7289,16.9232],[81.7283,16.9197],[81.7242,16.914],[81.7322,16.9138],[81.7313,16.9033],[81.7328,16.8878],[81.7342,16.8794],[81.7396,16.8725],[81.7464,16.8669],[81.7515,16.8518],[81.7517,16.843],[81.7528,16.8318],[81.7528,16.8226],[81.7465,16.8101],[81.7501,16.8059],[81.7447,16.7967],[81.7448,16.7929],[81.7492,16.7876],[81.7551,16.7748],[81.7577,16.7702],[81.764,16.762],[81.7722,16.7571],[81.7857,16.7516],[81.7901,16.7469],[81.7947,16.7374],[81.7947,16.7318],[81.7913,16.7268],[81.7856,16.7137],[81.7859,16.7075],[81.7946,16.7],[81.8011,16.695],[81.788,16.695],[81.7874,16.6923],[81.7885,16.6858],[81.7832,16.6853],[81.7802,16.6829],[81.7713,16.6824],[81.7682,16.6814],[81.7677,16.6743],[81.7592,16.6745],[81.7582,16.676],[81.7607,16.6819],[81.7595,16.6877],[81.7592,16.6941],[81.7567,16.6992],[81.7547,16.6986],[81.7524,16.7049],[81.7489,16.7049],[81.7496,16.714],[81.7525,16.728],[81.7448,16.7304],[81.738,16.7251],[81.734,16.7273],[81.7202,16.7282],[81.7234,16.7443],[81.7217,16.7444],[81.7242,16.7556],[81.7241,16.759],[81.7262,16.7621],[81.7257,16.7707],[81.721,16.77],[81.7217,16.7641],[81.7113,16.7653],[81.7041,16.7647],[81.6962,16.7663],[81.6925,16.7646],[81.69,16.7667],[81.6821,16.7676],[81.6806,16.7613],[81.6769,16.765],[81.6767,16.7675],[81.6704,16.7668],[81.6685,16.775],[81.6552,16.7757],[81.6453,16.7786],[81.6464,16.7843],[81.6428,16.7853],[81.6351,16.7851],[81.6332,16.7885],[81.6249,16.7955],[81.6312,16.8006],[81.6357,16.8114],[81.6382,16.8233],[81.6398,16.8286],[81.6417,16.8303],[81.6481,16.8321],[81.6522,16.8374],[81.6535,16.8443],[81.656,16.8502],[81.6536,16.8543],[81.6514,16.852],[81.6485,16.8531],[81.6432,16.8568],[81.6373,16.8574],[81.6376,16.8596],[81.6316,16.8644],[81.63,16.8718],[81.6303,16.8795],[81.6282,16.8818],[81.6273,16.8871],[81.6246,16.8919],[81.6179,16.8946],[81.6153,16.8979],[81.6096,16.8988],[81.6076,16.9043],[81.602,16.9018],[81.5963,16.9045],[81.5902,16.9045],[81.5837,16.9013],[81.5799,16.9032],[81.577,16.9016],[81.5736,16.9019],[81.5733,16.9052],[81.5712,16.9067],[81.569,16.9112],[81.5664,16.9117],[81.5598,16.9161],[81.5533,16.9186],[81.5518,16.9261],[81.5536,16.929],[81.5537,16.9324],[81.5522,16.9365],[81.5466,16.9396],[81.5458,16.9424],[81.5391,16.9477],[81.536,16.948],[81.534,16.945],[81.5283,16.9443],[81.5268,16.9477],[81.5219,16.9473],[81.5126,16.9553],[81.5045,16.9565],[81.5006,16.9633],[81.4962,16.9632],[81.4942,16.9651],[81.4958,16.9679],[81.4944,16.9719],[81.4917,16.9724],[81.4903,16.9692],[81.4906,16.9627],[81.4932,16.9575],[81.4921,16.9528],[81.4876,16.949],[81.4865,16.9418],[81.4883,16.9382],[81.4877,16.9276],[81.4889,16.923],[81.4885,16.9175],[81.4861,16.909],[81.4798,16.9033],[81.477,16.9026],[81.473,16.8969],[81.4665,16.8971],[81.4618,16.8987],[81.4562,16.8995],[81.4451,16.8995],[81.4428,16.8958],[81.4473,16.8903],[81.4479,16.887],[81.4406,16.8764],[81.4331,16.8745],[81.4218,16.8685],[81.4145,16.868],[81.4061,16.8699],[81.3997,16.8705],[81.396,16.8651],[81.3909,16.8653],[81.3888,16.8762],[81.389,16.8813],[81.3908,16.8847],[81.3906,16.8912],[81.3941,16.8966],[81.3918,16.8998],[81.3899,16.9069],[81.3808,16.9086],[81.3743,16.9086],[81.3707,16.9028],[81.3638,16.8971],[81.3542,16.8966],[81.339,16.8977],[81.3367,16.8984],[81.3365,16.8922],[81.3338,16.8921],[81.3318,16.887],[81.3319,16.8824],[81.3367,16.8759],[81.3405,16.8688],[81.3395,16.8518],[81.3377,16.8466],[81.3377,16.8317],[81.3338,16.822],[81.3276,16.8217],[81.3241,16.8269],[81.3174,16.8276],[81.3117,16.8305],[81.3055,16.8302],[81.3047,16.8263],[81.3004,16.8268],[81.3011,16.8314],[81.2984,16.8333],[81.3002,16.8469],[81.3005,16.8525],[81.2886,16.8543],[81.2874,16.8554],[81.2789,16.8567],[81.2791,16.8511],[81.2815,16.8459],[81.2807,16.8391],[81.281,16.8344],[81.2827,16.8284],[81.2819,16.8236],[81.2754,16.8258],[81.2714,16.8209],[81.2665,16.8209],[81.2632,16.8231],[81.2638,16.8253],[81.263,16.833],[81.2603,16.84],[81.2595,16.8479],[81.2608,16.8527],[81.2585,16.8536],[81.2528,16.8535],[81.2489,16.8486],[81.2464,16.8478],[81.2412,16.8436],[81.2366,16.8445],[81.2321,16.8471],[81.228,16.8486],[81.2278,16.8572],[81.225,16.8611],[81.2175,16.8633],[81.2132,16.8633],[81.2131,16.8688],[81.2107,16.8766],[81.2124,16.8805],[81.2038,16.8838],[81.2033,16.8818],[81.1989,16.8819],[81.2007,16.888],[81.1934,16.8809],[81.1891,16.8752],[81.1811,16.8784],[81.1741,16.8806],[81.1676,16.881],[81.1612,16.8835],[81.1556,16.8838],[81.1526,16.8889],[81.148,16.8952],[81.1417,16.9013],[81.1361,16.9042],[81.1286,16.9066],[81.1251,16.906],[81.1099,16.909],[81.1053,16.9111],[81.0944,16.9112],[81.09,16.9092],[81.0869,16.9045],[81.0846,16.8987],[81.078,16.8917],[81.0724,16.8828],[81.0703,16.8735],[81.0654,16.8694],[81.0567,16.8699],[81.0529,16.8678],[81.0507,16.869],[81.0338,16.873],[81.0312,16.872],[81.0208,16.8715],[81.0147,16.8679],[81.0113,16.8685],[81.0004,16.8733],[80.9981,16.873],[80.9952,16.87],[80.989,16.8668],[80.9847,16.8657],[80.9827,16.8744],[80.9776,16.883],[80.9771,16.8892],[80.9738,16.8971],[80.9679,16.8986],[80.9661,16.9003],[80.9658,16.9042],[80.9603,16.9134],[80.9623,16.9191],[80.962,16.922],[80.9581,16.9238],[80.9563,16.9349],[80.9529,16.9384],[80.9522,16.941],[80.9475,16.9477],[80.9422,16.9487],[80.9417,16.953],[80.937,16.958],[80.9338,16.9597],[80.936,16.9676],[80.938,16.9719],[80.9352,16.9803],[80.9376,16.9839],[80.9421,16.9849],[80.9455,16.9883],[80.9491,16.9887],[80.9521,16.9912],[80.9512,16.9957],[80.9534,17.0001],[80.9572,17.0032],[80.9569,17.0053],[80.9598,17.0112],[80.9602,17.0223],[80.9627,17.0246],[80.9627,17.0298],[80.9642,17.0323],[80.9638,17.039],[80.9592,17.0486],[80.9558,17.0531],[80.954,17.0533],[80.9492,17.0573],[80.9438,17.0661],[80.9363,17.0676],[80.9337,17.0672],[80.93,17.07],[80.9211,17.0675],[80.9185,17.0646],[80.9148,17.0666],[80.908,17.0673],[80.9078,17.0696],[80.9011,17.0659],[80.8937,17.0655],[80.8865,17.0686],[80.8856,17.0711],[80.8812,17.0689],[80.8768,17.0698],[80.8766,17.0731],[80.8725,17.0762],[80.8689,17.0772],[80.8681,17.0824],[80.8732,17.0926],[80.8751,17.0952],[80.8738,17.0985],[80.8762,17.1045],[80.8754,17.1096],[80.8693,17.1187],[80.868,17.1216],[80.8693,17.127],[80.8741,17.1287],[80.8796,17.1342],[80.8786,17.1368],[80.8779,17.147],[80.8805,17.161],[80.8867,17.1583],[80.8934,17.1575],[80.9038,17.1544],[80.9098,17.1534],[80.9157,17.1535],[80.9239,17.1573],[80.9226,17.1603],[80.9228,17.1647],[80.9244,17.1671],[80.924,17.1738],[80.9253,17.1831],[80.9204,17.1892],[80.918,17.1895],[80.9182,17.1947],[80.9196,17.1998],[80.9179,17.2033],[80.9161,17.2111],[80.9163,17.2155],[80.9182,17.219],[80.9275,17.2204],[80.9398,17.2194],[80.9446,17.217],[80.9511,17.2114],[80.9531,17.2088],[80.9595,17.2043],[80.9679,17.2027],[80.9743,17.2006],[80.981,17.1962],[80.9868,17.1947],[80.9985,17.19],[81.0082,17.1918],[81.0105,17.1939],[81.0195,17.1936],[81.0304,17.1904],[81.0355,17.1923],[81.0428,17.2016],[81.0477,17.2054],[81.0544,17.216],[81.0562,17.2203],[81.055,17.2248],[81.0632,17.2216],[81.0757,17.2159],[81.079,17.2149],[81.0827,17.2171],[81.1028,17.2223],[81.12,17.2246],[81.1301,17.2248],[81.1425,17.2277],[81.1452,17.2289],[81.1619,17.2314],[81.1737,17.2306],[81.1759,17.2379],[81.1805,17.2428],[81.1823,17.2462],[81.1861,17.2481],[81.1876,17.2547],[81.1849,17.2569],[81.1782,17.2687],[81.1778,17.2713],[81.1792,17.2783],[81.1762,17.284],[81.1768,17.2879],[81.1797,17.299],[81.1808,17.3052],[81.1834,17.3111],[81.1864,17.3146],[81.1879,17.3212],[81.1897,17.3248],[81.2058,17.3253],[81.2098,17.3263],[81.2216,17.322],[81.2328,17.3208],[81.2389,17.3212],[81.2389,17.3239],[81.2444,17.3235],[81.2455,17.3261],[81.2581,17.322],[81.2604,17.3221],[81.2716,17.318],[81.275,17.3187],[81.2785,17.3239],[81.2884,17.3287],[81.2968,17.3386],[81.3005,17.3409],[81.3042,17.3454],[81.3064,17.3512],[81.3113,17.3605],[81.3159,17.3648],[81.3149,17.3706],[81.308,17.3791],[81.2994,17.3837],[81.2872,17.3852],[81.2831,17.3874],[81.2778,17.3884],[81.2675,17.3928],[81.2617,17.3931],[81.2547,17.3992],[81.2478,17.4008],[81.2451,17.4029],[81.2396,17.4096],[81.2341,17.4198],[81.2319,17.4281],[81.2271,17.438],[81.2113,17.4348],[81.2072,17.4238],[81.2044,17.4211],[81.2008,17.4213],[81.1955,17.4244],[81.1765,17.4325],[81.1725,17.4356],[81.1659,17.4374],[81.1606,17.4408],[81.1586,17.4438],[81.1592,17.4473],[81.164,17.4552],[81.1698,17.4607],[81.1687,17.4637],[81.1603,17.4759],[81.1566,17.4795],[81.1539,17.4788],[81.1498,17.4799],[81.1407,17.4846],[81.1362,17.4864],[81.1295,17.4857],[81.1243,17.4812],[81.1224,17.4772],[81.1107,17.4635],[81.1017,17.4565],[81.0984,17.4562],[81.0907,17.4582],[81.0815,17.4625],[81.0778,17.4633],[81.0694,17.4679],[81.0616,17.474],[81.0564,17.4754],[81.0533,17.4779],[81.0316,17.4869],[81.012,17.4927],[81.0072,17.5081],[81.0016,17.5241],[81,17.53],[80.9898,17.5361],[80.9835,17.5413],[80.9777,17.5472],[80.9703,17.5574],[80.9674,17.5628],[80.9615,17.5868],[80.9593,17.5898],[80.9542,17.5937],[80.9476,17.5941],[80.9316,17.5925],[80.9107,17.592],[80.9055,17.5908],[80.8987,17.5911],[80.8918,17.5931],[80.8774,17.6001],[80.8687,17.6047],[80.8607,17.608],[80.8525,17.6107],[80.8513,17.6181],[80.8513,17.6264],[80.8576,17.6314],[80.8623,17.6319],[80.8692,17.6342],[80.8844,17.6324],[80.8879,17.6309],[80.8907,17.6352],[80.8991,17.6397],[80.9091,17.6382],[80.9095,17.6382],[80.9109,17.6379],[80.9132,17.6372],[80.917,17.6365],[80.9218,17.6342],[80.9354,17.6327],[80.9429,17.6343],[80.9446,17.6352],[80.9528,17.6374],[80.9601,17.6437],[80.9644,17.6461],[80.9788,17.6513],[80.9859,17.6529],[80.9914,17.653],[80.9973,17.6517],[80.9992,17.6512],[81.0038,17.6495],[81.009,17.6447],[81.0091,17.6416],[81.0086,17.6393],[81.0087,17.6375],[81.0087,17.6354],[81.0086,17.6323],[81.0079,17.63],[81.0078,17.6288],[81.0077,17.6277],[81.0071,17.6228],[81.0068,17.6088],[81.0086,17.6023],[81.0141,17.5985],[81.0229,17.5982],[81.0308,17.5969],[81.0367,17.5972],[81.0443,17.5993],[81.0524,17.6047],[81.0604,17.6081],[81.0721,17.6092],[81.0771,17.6092],[81.0842,17.6112],[81.0948,17.6162],[81.0981,17.6176],[81.1099,17.6203],[81.1126,17.6199],[81.115,17.6188],[81.1171,17.6163],[81.1206,17.6065],[81.1227,17.6022],[81.1275,17.5962],[81.1282,17.5922],[81.1274,17.5869],[81.13,17.5847],[81.1372,17.5809],[81.144,17.5787],[81.1483,17.5773],[81.1587,17.5766],[81.166,17.5752],[81.1681,17.5747],[81.1779,17.5737],[81.1843,17.5712],[81.1942,17.57],[81.2054,17.5713],[81.2119,17.5702],[81.2139,17.5683],[81.2164,17.566],[81.2225,17.5642],[81.23,17.5658],[81.2328,17.5659],[81.2373,17.5665],[81.2429,17.5691],[81.2462,17.5696],[81.2504,17.5678],[81.255,17.5683],[81.2563,17.5691],[81.2594,17.5698],[81.2633,17.567],[81.2692,17.5601],[81.2744,17.5573],[81.2787,17.5528],[81.2786,17.5486],[81.282,17.5418],[81.2849,17.539],[81.2916,17.5287],[81.2924,17.5278],[81.2931,17.5259],[81.2931,17.5228],[81.2925,17.5194],[81.2941,17.5138],[81.2909,17.5049],[81.2917,17.5028],[81.2964,17.4948],[81.3023,17.4913],[81.3075,17.4894],[81.3138,17.4872],[81.322,17.489],[81.3336,17.4937],[81.3355,17.4942],[81.3405,17.4951],[81.3497,17.4996],[81.3535,17.5],[81.3641,17.4988],[81.3702,17.4961],[81.3752,17.4946],[81.3846,17.4901],[81.3872,17.4802],[81.3903,17.473],[81.3944,17.4706],[81.3962,17.4699],[81.4004,17.4685],[81.4078,17.4643],[81.4176,17.465],[81.4187,17.465],[81.4261,17.4641],[81.4366,17.4622],[81.4457,17.4616],[81.4492,17.4623],[81.4605,17.467],[81.4652,17.4682],[81.4712,17.467],[81.4797,17.4691],[81.4925,17.4794],[81.4976,17.4813],[81.5051,17.4782],[81.5103,17.4748],[81.5134,17.4708],[81.5154,17.4604],[81.5181,17.4547],[81.5256,17.4465],[81.5278,17.4427],[81.5326,17.4389],[81.5412,17.4365],[81.5529,17.4398],[81.5637,17.4398],[81.5677,17.4361],[81.5747,17.4335],[81.5775,17.4277],[81.5793,17.4162],[81.5813,17.4116],[81.5858,17.4057],[81.5905,17.4056],[81.597,17.4099],[81.6038,17.4113],[81.6089,17.4103],[81.6139,17.4068],[81.6159,17.4002],[81.6096,17.3973],[81.6071,17.3894],[81.6042,17.3756],[81.6058,17.3693],[81.6123,17.3572],[81.6144,17.3499],[81.6107,17.3436],[81.6121,17.3355],[81.6143,17.3312],[81.6179,17.3273],[81.6268,17.3247],[81.6335,17.326],[81.6424,17.3237],[81.6458,17.3212],[81.6541,17.3171],[81.6584,17.3141],[81.6636,17.3121],[81.6724,17.3071],[81.6765,17.3042],[81.6781,17.3015],[81.6794,17.2926],[81.6764,17.289],[81.6717,17.2888],[81.6617,17.2819],[81.6577,17.2713],[81.6558,17.2664],[81.6556,17.2598],[81.6543,17.2536],[81.6539,17.248],[81.6522,17.2445],[81.642,17.2306],[81.6412,17.2258],[81.6421,17.214],[81.6405,17.2076],[81.6422,17.2024],[81.6463,17.1943],[81.6464,17.1927],[81.6527,17.1846],[81.656,17.174],[81.6575,17.1713],[81.6595,17.164],[81.663,17.1541],[81.6633,17.1407],[81.6655,17.1302],[81.6685,17.1265],[81.6701,17.1222],[81.6749,17.1173],[81.6759,17.1139],[81.6756,17.1092],[81.6771,17.1023],[81.6796,17.0983],[81.6806,17.094],[81.6861,17.0918],[81.6935,17.0874],[81.6973,17.0842],[81.7038,17.0754],[81.7075,17.0723],[81.7111,17.0665],[81.7133,17.0646],[81.7203,17.0566],[81.7227,17.0512],[81.7245,17.0442],[81.7239,17.0383],[81.7311,17.0237],[81.7314,17.0207],[81.7361,17.0163],[81.7382,17.0168],[81.7418,17.0097],[81.7425,17.0066],[81.7441,16.9898],[81.7453,16.9839],[81.7455,16.9723],[81.7448,16.9641],[81.741,16.9587],[81.7371,16.9548],[81.7308,16.9446]]]},"properties":{"district":"Polavaram","st_nm":"Andhra Pradesh"}},{"type":"Feature","geometry":{"type":"Polygon","coordinates":[[[81.8353,16.6549],[81.8397,16.6506],[81.8432,16.6451],[81.8479,16.6327],[81.8491,16.6284],[81.8572,16.6117],[81.8587,16.5996],[81.8587,16.5956],[81.8565,16.5852],[81.8549,16.5708],[81.8544,16.5585],[81.8529,16.5542],[81.8518,16.5466],[81.848,16.5387],[81.8468,16.5338],[81.8455,16.5302],[81.8455,16.5192],[81.8476,16.5129],[81.8487,16.5014],[81.846,16.4954],[81.8424,16.4932],[81.8283,16.4912],[81.8237,16.4899],[81.8196,16.4901],[81.8164,16.4883],[81.8115,16.4834],[81.807,16.4833],[81.8045,16.4801],[81.799,16.477],[81.7887,16.4629],[81.7853,16.4635],[81.7839,16.4605],[81.7822,16.4507],[81.7699,16.4407],[81.7627,16.4308],[81.7626,16.429],[81.7544,16.4229],[81.7448,16.4234],[81.7369,16.4229],[81.7341,16.4252],[81.7296,16.4408],[81.726,16.445],[81.7205,16.4475],[81.7165,16.4474],[81.7116,16.4447],[81.7032,16.4307],[81.6988,16.4218],[81.6965,16.4134],[81.6972,16.4075],[81.7003,16.4015],[81.7058,16.3927],[81.7092,16.3761],[81.7151,16.3618],[81.7167,16.3485],[81.7146,16.3411],[81.7122,16.3355],[81.7129,16.3334],[81.7124,16.3275],[81.7161,16.3246],[81.7143,16.3201],[81.703,16.3191],[81.7004,16.3233],[81.6952,16.322],[81.6964,16.3158],[81.6937,16.3155],[81.6921,16.3226],[81.6924,16.3265],[81.6843,16.3311],[81.6727,16.3328],[81.6612,16.3334],[81.6461,16.335],[81.6404,16.3353],[81.6206,16.3378],[81.6158,16.3387],[81.594,16.3413],[81.5721,16.3436],[81.5615,16.3441],[81.5591,16.3467],[81.5536,16.353],[81.5523,16.3601],[81.5482,16.3683],[81.5472,16.3741],[81.5441,16.3779],[81.5304,16.3784],[81.5214,16.3803],[81.5166,16.376],[81.5148,16.3727],[81.5118,16.3705],[81.5083,16.3699],[81.4996,16.3702],[81.4947,16.3694],[81.4896,16.3719],[81.485,16.3781],[81.4821,16.3854],[81.4736,16.394],[81.4717,16.3971],[81.4647,16.3977],[81.4615,16.3995],[81.4569,16.4044],[81.4527,16.4051],[81.4483,16.4016],[81.4425,16.3983],[81.4372,16.3988],[81.4344,16.4016],[81.4321,16.4064],[81.4279,16.41],[81.4258,16.418],[81.4222,16.4201],[81.4147,16.4186],[81.4106,16.4211],[81.4038,16.4268],[81.4018,16.4284],[81.3996,16.4334],[81.4021,16.438],[81.3972,16.4419],[81.3907,16.4399],[81.3879,16.4426],[81.3889,16.4448],[81.3834,16.447],[81.3792,16.4512],[81.376,16.4568],[81.3735,16.4584],[81.3753,16.4633],[81.3791,16.4664],[81.3735,16.4736],[81.3686,16.4756],[81.368,16.4823],[81.3702,16.4873],[81.37,16.4909],[81.3719,16.4971],[81.3701,16.4993],[81.3657,16.5003],[81.3643,16.5051],[81.3622,16.5071],[81.3565,16.5069],[81.3516,16.5047],[81.3464,16.507],[81.3431,16.5046],[81.3381,16.5049],[81.3321,16.5101],[81.3336,16.5132],[81.3391,16.5127],[81.3376,16.519],[81.3391,16.5261],[81.3433,16.5312],[81.3416,16.5345],[81.342,16.5398],[81.3445,16.5499],[81.3463,16.5524],[81.3449,16.5582],[81.3475,16.5636],[81.3485,16.5682],[81.3458,16.5732],[81.3479,16.5799],[81.3465,16.5845],[81.3468,16.5905],[81.3486,16.5926],[81.3539,16.592],[81.354,16.5941],[81.3577,16.5972],[81.3546,16.6106],[81.3492,16.609],[81.3446,16.6063],[81.3383,16.6093],[81.3336,16.6126],[81.3274,16.6184],[81.3264,16.626],[81.328,16.6277],[81.3303,16.6363],[81.3313,16.6573],[81.3338,16.6695],[81.3329,16.6799],[81.3294,16.6876],[81.3374,16.6908],[81.3453,16.6911],[81.3483,16.6935],[81.3507,16.691],[81.3531,16.6922],[81.3522,16.6784],[81.343,16.6749],[81.3427,16.6705],[81.3437,16.6656],[81.3414,16.6644],[81.3439,16.6581],[81.3515,16.6612],[81.3573,16.6622],[81.3583,16.6637],[81.3758,16.6658],[81.3898,16.6661],[81.394,16.667],[81.4071,16.6657],[81.4105,16.6649],[81.4181,16.6655],[81.4284,16.6627],[81.4321,16.6604],[81.4384,16.6626],[81.4439,16.6634],[81.4462,16.6658],[81.4461,16.6685],[81.4484,16.6707],[81.4531,16.6723],[81.4534,16.6759],[81.4585,16.6766],[81.465,16.6762],[81.4723,16.6782],[81.4722,16.6815],[81.4742,16.6881],[81.4893,16.6885],[81.4931,16.6873],[81.4931,16.6811],[81.492,16.6736],[81.5006,16.6699],[81.4991,16.6643],[81.5067,16.6625],[81.5064,16.6661],[81.5113,16.6656],[81.5142,16.6687],[81.5143,16.673],[81.5249,16.6719],[81.5321,16.6722],[81.5325,16.6656],[81.5396,16.6649],[81.5402,16.6575],[81.539,16.6523],[81.543,16.6523],[81.5447,16.6505],[81.5443,16.6467],[81.5515,16.6427],[81.5558,16.6445],[81.5607,16.6492],[81.5634,16.6564],[81.5606,16.658],[81.5536,16.6667],[81.5537,16.67],[81.556,16.6791],[81.5661,16.6798],[81.5711,16.6818],[81.5708,16.6914],[81.5761,16.6918],[81.5791,16.6933],[81.5813,16.6988],[81.5842,16.7032],[81.5899,16.7013],[81.592,16.7034],[81.5981,16.7026],[81.599,16.7085],[81.5955,16.7089],[81.5963,16.7207],[81.5937,16.7222],[81.5847,16.7224],[81.5798,16.7235],[81.5689,16.7227],[81.566,16.7307],[81.5661,16.7349],[81.568,16.7402],[81.5678,16.7461],[81.5661,16.7488],[81.5639,16.7606],[81.5601,16.7595],[81.5521,16.761],[81.5502,16.751],[81.5476,16.7438],[81.5467,16.7364],[81.5372,16.7371],[81.5319,16.7383],[81.5251,16.7311],[81.5222,16.7342],[81.5154,16.7361],[81.5117,16.7292],[81.5088,16.7292],[81.5043,16.7265],[81.501,16.727],[81.499,16.7292],[81.4937,16.7302],[81.4917,16.7335],[81.4886,16.7355],[81.4841,16.7351],[81.4792,16.7369],[81.4766,16.7345],[81.4755,16.7302],[81.4711,16.7312],[81.4686,16.7259],[81.4617,16.7272],[81.4608,16.7251],[81.4515,16.7259],[81.4499,16.724],[81.4469,16.7286],[81.4482,16.7341],[81.4432,16.7356],[81.4434,16.7448],[81.4413,16.7506],[81.4421,16.7535],[81.4401,16.758],[81.4531,16.7565],[81.4651,16.7548],[81.4665,16.7578],[81.4698,16.7602],[81.4805,16.758],[81.476,16.7637],[81.4749,16.7685],[81.4758,16.7767],[81.4724,16.7803],[81.4796,16.7913],[81.4829,16.7977],[81.4898,16.7966],[81.4953,16.8089],[81.4982,16.8137],[81.4927,16.8148],[81.4861,16.8184],[81.4876,16.8255],[81.4844,16.8264],[81.481,16.8346],[81.4809,16.8408],[81.4783,16.8419],[81.4793,16.847],[81.4754,16.8578],[81.4748,16.8642],[81.4711,16.8638],[81.4696,16.8657],[81.4649,16.867],[81.4579,16.8709],[81.4608,16.8774],[81.4615,16.884],[81.463,16.8878],[81.4618,16.8987],[81.4665,16.8971],[81.473,16.8969],[81.477,16.9026],[81.4798,16.9033],[81.4861,16.909],[81.4885,16.9175],[81.4889,16.923],[81.4877,16.9276],[81.4883,16.9382],[81.4865,16.9418],[81.4876,16.949],[81.4921,16.9528],[81.4932,16.9575],[81.4906,16.9627],[81.4903,16.9692],[81.4917,16.9724],[81.4944,16.9719],[81.4958,16.9679],[81.4942,16.9651],[81.4962,16.9632],[81.5006,16.9633],[81.5045,16.9565],[81.5126,16.9553],[81.5219,16.9473],[81.5268,16.9477],[81.5283,16.9443],[81.534,16.945],[81.536,16.948],[81.5391,16.9477],[81.5458,16.9424],[81.5466,16.9396],[81.5522,16.9365],[81.5537,16.9324],[81.5536,16.929],[81.5518,16.9261],[81.5533,16.9186],[81.5598,16.9161],[81.5664,16.9117],[81.569,16.9112],[81.5712,16.9067],[81.5733,16.9052],[81.5736,16.9019],[81.577,16.9016],[81.5799,16.9032],[81.5837,16.9013],[81.5902,16.9045],[81.5963,16.9045],[81.602,16.9018],[81.6076,16.9043],[81.6096,16.8988],[81.6153,16.8979],[81.6179,16.8946],[81.6246,16.8919],[81.6273,16.8871],[81.6282,16.8818],[81.6303,16.8795],[81.63,16.8718],[81.6316,16.8644],[81.6376,16.8596],[81.6373,16.8574],[81.6432,16.8568],[81.6485,16.8531],[81.6514,16.852],[81.6536,16.8543],[81.656,16.8502],[81.6535,16.8443],[81.6522,16.8374],[81.6481,16.8321],[81.6417,16.8303],[81.6398,16.8286],[81.6382,16.8233],[81.6357,16.8114],[81.6312,16.8006],[81.6249,16.7955],[81.6332,16.7885],[81.6351,16.7851],[81.6428,16.7853],[81.6464,16.7843],[81.6453,16.7786],[81.6552,16.7757],[81.6685,16.775],[81.6704,16.7668],[81.6767,16.7675],[81.6769,16.765],[81.6806,16.7613],[81.6821,16.7676],[81.69,16.7667],[81.6925,16.7646],[81.6962,16.7663],[81.7041,16.7647],[81.7113,16.7653],[81.7217,16.7641],[81.721,16.77],[81.7257,16.7707],[81.7262,16.7621],[81.7241,16.759],[81.7242,16.7556],[81.7217,16.7444],[81.7234,16.7443],[81.7202,16.7282],[81.734,16.7273],[81.738,16.7251],[81.7448,16.7304],[81.7525,16.728],[81.7496,16.714],[81.7489,16.7049],[81.7524,16.7049],[81.7547,16.6986],[81.7567,16.6992],[81.7592,16.6941],[81.7595,16.6877],[81.7607,16.6819],[81.7582,16.676],[81.7592,16.6745],[81.7677,16.6743],[81.7682,16.6814],[81.7713,16.6824],[81.7802,16.6829],[81.7832,16.6853],[81.7885,16.6858],[81.7874,16.6923],[81.788,16.695],[81.8011,16.695],[81.8068,16.6889],[81.812,16.6784],[81.8296,16.6601],[81.8353,16.6549]]]},"properties":{"district":"West Godavari","st_nm":"Andhra Pradesh"}},{"type":"Feature","geometry":{"type":"Polygon","coordinates":[[[81.5515,16.6427],[81.5443,16.6467],[81.5447,16.6505],[81.543,16.6523],[81.539,16.6523],[81.5402,16.6575],[81.5396,16.6649],[81.5325,16.6656],[81.5321,16.6722],[81.5249,16.6719],[81.5143,16.673],[81.5142,16.6687],[81.5113,16.6656],[81.5064,16.6661],[81.5067,16.6625],[81.4991,16.6643],[81.5006,16.6699],[81.492,16.6736],[81.4931,16.6811],[81.4931,16.6873],[81.4893,16.6885],[81.4742,16.6881],[81.4722,16.6815],[81.4723,16.6782],[81.465,16.6762],[81.4585,16.6766],[81.4534,16.6759],[81.4531,16.6723],[81.4484,16.6707],[81.4461,16.6685],[81.4462,16.6658],[81.4439,16.6634],[81.4384,16.6626],[81.4321,16.6604],[81.4284,16.6627],[81.4181,16.6655],[81.4105,16.6649],[81.4071,16.6657],[81.394,16.667],[81.3898,16.6661],[81.3758,16.6658],[81.3583,16.6637],[81.3573,16.6622],[81.3515,16.6612],[81.3439,16.6581],[81.3414,16.6644],[81.3437,16.6656],[81.3427,16.6705],[81.343,16.6749],[81.3522,16.6784],[81.3531,16.6922],[81.3507,16.691],[81.3483,16.6935],[81.3453,16.6911],[81.3374,16.6908],[81.3294,16.6876],[81.3329,16.6799],[81.3338,16.6695],[81.3313,16.6573],[81.3303,16.6363],[81.328,16.6277],[81.3264,16.626],[81.3274,16.6184],[81.3336,16.6126],[81.3383,16.6093],[81.3446,16.6063],[81.3492,16.609],[81.3546,16.6106],[81.3577,16.5972],[81.354,16.5941],[81.3539,16.592],[81.3486,16.5926],[81.3468,16.5905],[81.3465,16.5845],[81.3479,16.5799],[81.3458,16.5732],[81.3485,16.5682],[81.3475,16.5636],[81.3449,16.5582],[81.3463,16.5524],[81.3445,16.5499],[81.342,16.5398],[81.3416,16.5345],[81.3433,16.5312],[81.3391,16.5261],[81.3376,16.519],[81.3391,16.5127],[81.3336,16.5132],[81.3321,16.5101],[81.3381,16.5049],[81.3431,16.5046],[81.3464,16.507],[81.3516,16.5047],[81.3565,16.5069],[81.3622,16.5071],[81.3643,16.5051],[81.3657,16.5003],[81.3701,16.4993],[81.3719,16.4971],[81.37,16.4909],[81.3702,16.4873],[81.368,16.4823],[81.3686,16.4756],[81.3735,16.4736],[81.3791,16.4664],[81.3753,16.4633],[81.3735,16.4584],[81.376,16.4568],[81.3792,16.4512],[81.3834,16.447],[81.3889,16.4448],[81.3879,16.4426],[81.3907,16.4399],[81.3972,16.4419],[81.4021,16.438],[81.3996,16.4334],[81.4018,16.4284],[81.3955,16.421],[81.389,16.4189],[81.3847,16.4149],[81.3865,16.4101],[81.3817,16.4081],[81.3711,16.4068],[81.3569,16.4061],[81.3435,16.4059],[81.3466,16.4096],[81.3316,16.4148],[81.3321,16.4177],[81.3197,16.4192],[81.3202,16.4239],[81.3242,16.4285],[81.3256,16.4377],[81.3243,16.448],[81.3221,16.4496],[81.3213,16.4591],[81.3147,16.4588],[81.3134,16.4572],[81.2993,16.4543],[81.2919,16.4537],[81.2991,16.449],[81.3014,16.4461],[81.3044,16.4388],[81.298,16.4368],[81.2825,16.4265],[81.2786,16.4295],[81.2719,16.424],[81.2658,16.4179],[81.257,16.4062],[81.2543,16.4034],[81.238,16.4117],[81.2304,16.4132],[81.227,16.4168],[81.2278,16.4253],[81.2233,16.4224],[81.2198,16.4229],[81.2145,16.4198],[81.2092,16.4117],[81.2067,16.4092],[81.2051,16.4039],[81.2049,16.3987],[81.203,16.3897],[81.2023,16.3814],[81.1856,16.3845],[81.1793,16.3847],[81.1722,16.3866],[81.1722,16.3932],[81.1734,16.397],[81.1725,16.4028],[81.1626,16.4032],[81.1593,16.4045],[81.1578,16.403],[81.1575,16.3985],[81.1543,16.3921],[81.1503,16.3939],[81.1484,16.3864],[81.1431,16.3785],[81.1397,16.3765],[81.1329,16.3791],[81.1282,16.3797],[81.1219,16.3821],[81.1166,16.3813],[81.1129,16.3855],[81.1087,16.3882],[81.105,16.3848],[81.1025,16.3807],[81.0957,16.3817],[81.0917,16.3801],[81.0831,16.3831],[81.0785,16.3901],[81.0795,16.3948],[81.075,16.3975],[81.0711,16.3954],[81.0619,16.3985],[81.0632,16.4074],[81.0621,16.4116],[81.059,16.4121],[81.057,16.4175],[81.0526,16.4177],[81.0444,16.4207],[81.0457,16.4346],[81.0476,16.4371],[81.0526,16.4382],[81.0581,16.4372],[81.0614,16.4378],[81.0627,16.4402],[81.0672,16.4416],[81.0675,16.4381],[81.0726,16.4369],[81.0765,16.4337],[81.0812,16.4318],[81.0826,16.4373],[81.0801,16.4393],[81.0833,16.4423],[81.0819,16.4447],[81.0844,16.4494],[81.075,16.4537],[81.0756,16.4572],[81.0866,16.4524],[81.0906,16.4573],[81.0861,16.4609],[81.0896,16.462],[81.0931,16.4679],[81.09,16.4695],[81.0911,16.4736],[81.0834,16.4791],[81.0827,16.4827],[81.087,16.4894],[81.0892,16.4954],[81.0956,16.4924],[81.0959,16.49],[81.1011,16.4913],[81.1069,16.498],[81.1116,16.4974],[81.1141,16.5085],[81.1181,16.5124],[81.1091,16.5176],[81.1008,16.5212],[81.102,16.5293],[81.1035,16.5328],[81.1021,16.5377],[81.1048,16.5397],[81.1043,16.5482],[81.1058,16.5523],[81.1007,16.5552],[81.0967,16.5525],[81.0926,16.5529],[81.0923,16.5628],[81.0956,16.5684],[81.1017,16.572],[81.1059,16.5808],[81.1003,16.5876],[81.0835,16.5764],[81.085,16.5809],[81.0776,16.5751],[81.0713,16.5763],[81.0625,16.5704],[81.0485,16.5702],[81.0453,16.568],[81.0414,16.5671],[81.0385,16.5625],[81.0355,16.5643],[81.0318,16.5629],[81.0269,16.5629],[81.0225,16.5578],[81.0175,16.5619],[81.0118,16.5615],[81.0085,16.5785],[81.0072,16.5823],[81.0075,16.5861],[81.0016,16.5891],[81.0012,16.5952],[80.9959,16.5989],[80.9908,16.6044],[80.9771,16.6233],[80.9728,16.6264],[80.9737,16.6311],[80.9703,16.6382],[80.9694,16.646],[80.9645,16.6529],[80.9559,16.6635],[80.9538,16.6647],[80.954,16.6709],[80.9557,16.6708],[80.9527,16.6727],[80.9487,16.6729],[80.9386,16.6749],[80.9417,16.682],[80.9418,16.6863],[80.9382,16.6877],[80.937,16.6906],[80.9343,16.6903],[80.931,16.6935],[80.9252,16.6954],[80.9244,16.6992],[80.928,16.7016],[80.9277,16.7046],[80.9203,16.7077],[80.9151,16.7063],[80.9084,16.7107],[80.9046,16.7102],[80.9019,16.7136],[80.8998,16.7086],[80.8958,16.7081],[80.8934,16.7126],[80.8904,16.7143],[80.8837,16.714],[80.8771,16.7128],[80.8754,16.7106],[80.8784,16.7039],[80.8776,16.697],[80.8737,16.6915],[80.8683,16.6939],[80.8657,16.693],[80.8565,16.6978],[80.8569,16.6957],[80.8549,16.6908],[80.8513,16.6884],[80.8536,16.6838],[80.8541,16.6777],[80.8521,16.6733],[80.8558,16.6688],[80.858,16.6687],[80.8625,16.6651],[80.8673,16.6625],[80.8705,16.6619],[80.8788,16.6563],[80.8871,16.6541],[80.8844,16.6454],[80.8845,16.639],[80.8837,16.6288],[80.8805,16.6177],[80.8763,16.6191],[80.8735,16.6166],[80.8689,16.622],[80.8652,16.622],[80.8617,16.6248],[80.8579,16.6228],[80.848,16.6104],[80.8361,16.6142],[80.8359,16.6182],[80.833,16.6187],[80.8336,16.6226],[80.8311,16.6311],[80.8316,16.6353],[80.836,16.6433],[80.8243,16.6527],[80.8248,16.6604],[80.8223,16.6643],[80.8229,16.67],[80.8218,16.6725],[80.8168,16.6734],[80.8151,16.6694],[80.8129,16.6698],[80.8084,16.6603],[80.8112,16.6596],[80.8173,16.6561],[80.8177,16.6513],[80.8035,16.6377],[80.7988,16.6349],[80.7955,16.6361],[80.7927,16.6428],[80.784,16.6313],[80.7819,16.6249],[80.7779,16.6225],[80.7767,16.6249],[80.7719,16.6269],[80.7677,16.6245],[80.7592,16.6295],[80.7514,16.6291],[80.7477,16.6269],[80.7433,16.6273],[80.7411,16.6247],[80.7399,16.6199],[80.7272,16.6236],[80.7173,16.6256],[80.6971,16.6266],[80.6912,16.6305],[80.6879,16.6336],[80.686,16.6386],[80.6868,16.6509],[80.6859,16.6598],[80.6871,16.6666],[80.6899,16.6733],[80.6938,16.6796],[80.6992,16.6859],[80.7053,16.6949],[80.7088,16.7014],[80.7145,16.709],[80.7233,16.7193],[80.7282,16.7283],[80.7323,16.7336],[80.7386,16.7439],[80.7392,16.7463],[80.7453,16.7571],[80.7478,16.764],[80.7524,16.7699],[80.7548,16.7746],[80.7594,16.7793],[80.7608,16.7846],[80.7653,16.7864],[80.7665,16.789],[80.767,16.7971],[80.7722,16.8076],[80.7765,16.8099],[80.7744,16.8146],[80.7755,16.8193],[80.7776,16.821],[80.7761,16.8244],[80.7765,16.8342],[80.7744,16.8387],[80.7707,16.8402],[80.7701,16.8465],[80.772,16.8505],[80.7847,16.8557],[80.7919,16.8578],[80.7944,16.8594],[80.797,16.8659],[80.7988,16.874],[80.7972,16.8795],[80.7976,16.8821],[80.8133,16.8807],[80.826,16.879],[80.83,16.88],[80.8444,16.886],[80.8476,16.8915],[80.8515,16.9051],[80.8535,16.9085],[80.8472,16.9136],[80.8365,16.924],[80.8255,16.9265],[80.825,16.9302],[80.8254,16.9383],[80.8265,16.9455],[80.8278,16.9636],[80.8294,16.9668],[80.8283,16.9733],[80.8258,16.9764],[80.8251,16.9821],[80.8256,16.9898],[80.8197,16.9916],[80.8095,16.9971],[80.8006,16.9999],[80.7923,17.0093],[80.7892,17.015],[80.7819,17.0207],[80.7795,17.0218],[80.7825,17.0279],[80.7913,17.0393],[80.7927,17.0422],[80.7963,17.0535],[80.7993,17.0607],[80.8038,17.0574],[80.8106,17.0547],[80.8253,17.0531],[80.8327,17.0507],[80.8416,17.0452],[80.8449,17.0392],[80.8558,17.0462],[80.8581,17.0508],[80.864,17.0563],[80.8658,17.0604],[80.8704,17.0676],[80.8734,17.07],[80.8768,17.0698],[80.8812,17.0689],[80.8856,17.0711],[80.8865,17.0686],[80.8937,17.0655],[80.9011,17.0659],[80.9078,17.0696],[80.908,17.0673],[80.9148,17.0666],[80.9185,17.0646],[80.9211,17.0675],[80.93,17.07],[80.9337,17.0672],[80.9363,17.0676],[80.9438,17.0661],[80.9492,17.0573],[80.954,17.0533],[80.9558,17.0531],[80.9592,17.0486],[80.9638,17.039],[80.9642,17.0323],[80.9627,17.0298],[80.9627,17.0246],[80.9602,17.0223],[80.9598,17.0112],[80.9569,17.0053],[80.9572,17.0032],[80.9534,17.0001],[80.9512,16.9957],[80.9521,16.9912],[80.9491,16.9887],[80.9455,16.9883],[80.9421,16.9849],[80.9376,16.9839],[80.9352,16.9803],[80.938,16.9719],[80.936,16.9676],[80.9338,16.9597],[80.937,16.958],[80.9417,16.953],[80.9422,16.9487],[80.9475,16.9477],[80.9522,16.941],[80.9529,16.9384],[80.9563,16.9349],[80.9581,16.9238],[80.962,16.922],[80.9623,16.9191],[80.9603,16.9134],[80.9658,16.9042],[80.9661,16.9003],[80.9679,16.8986],[80.9738,16.8971],[80.9771,16.8892],[80.9776,16.883],[80.9827,16.8744],[80.9847,16.8657],[80.989,16.8668],[80.9952,16.87],[80.9981,16.873],[81.0004,16.8733],[81.0113,16.8685],[81.0147,16.8679],[81.0208,16.8715],[81.0312,16.872],[81.0338,16.873],[81.0507,16.869],[81.0529,16.8678],[81.0567,16.8699],[81.0654,16.8694],[81.0703,16.8735],[81.0724,16.8828],[81.078,16.8917],[81.0846,16.8987],[81.0869,16.9045],[81.09,16.9092],[81.0944,16.9112],[81.1053,16.9111],[81.1099,16.909],[81.1251,16.906],[81.1286,16.9066],[81.1361,16.9042],[81.1417,16.9013],[81.148,16.8952],[81.1526,16.8889],[81.1556,16.8838],[81.1612,16.8835],[81.1676,16.881],[81.1741,16.8806],[81.1811,16.8784],[81.1891,16.8752],[81.1934,16.8809],[81.2007,16.888],[81.1989,16.8819],[81.2033,16.8818],[81.2038,16.8838],[81.2124,16.8805],[81.2107,16.8766],[81.2131,16.8688],[81.2132,16.8633],[81.2175,16.8633],[81.225,16.8611],[81.2278,16.8572],[81.228,16.8486],[81.2321,16.8471],[81.2366,16.8445],[81.2412,16.8436],[81.2464,16.8478],[81.2489,16.8486],[81.2528,16.8535],[81.2585,16.8536],[81.2608,16.8527],[81.2595,16.8479],[81.2603,16.84],[81.263,16.833],[81.2638,16.8253],[81.2632,16.8231],[81.2665,16.8209],[81.2714,16.8209],[81.2754,16.8258],[81.2819,16.8236],[81.2827,16.8284],[81.281,16.8344],[81.2807,16.8391],[81.2815,16.8459],[81.2791,16.8511],[81.2789,16.8567],[81.2874,16.8554],[81.2886,16.8543],[81.3005,16.8525],[81.3002,16.8469],[81.2984,16.8333],[81.3011,16.8314],[81.3004,16.8268],[81.3047,16.8263],[81.3055,16.8302],[81.3117,16.8305],[81.3174,16.8276],[81.3241,16.8269],[81.3276,16.8217],[81.3338,16.822],[81.3377,16.8317],[81.3377,16.8466],[81.3395,16.8518],[81.3405,16.8688],[81.3367,16.8759],[81.3319,16.8824],[81.3318,16.887],[81.3338,16.8921],[81.3365,16.8922],[81.3367,16.8984],[81.339,16.8977],[81.3542,16.8966],[81.3638,16.8971],[81.3707,16.9028],[81.3743,16.9086],[81.3808,16.9086],[81.3899,16.9069],[81.3918,16.8998],[81.3941,16.8966],[81.3906,16.8912],[81.3908,16.8847],[81.389,16.8813],[81.3888,16.8762],[81.3909,16.8653],[81.396,16.8651],[81.3997,16.8705],[81.4061,16.8699],[81.4145,16.868],[81.4218,16.8685],[81.4331,16.8745],[81.4406,16.8764],[81.4479,16.887],[81.4473,16.8903],[81.4428,16.8958],[81.4451,16.8995],[81.4562,16.8995],[81.4618,16.8987],[81.463,16.8878],[81.4615,16.884],[81.4608,16.8774],[81.4579,16.8709],[81.4649,16.867],[81.4696,16.8657],[81.4711,16.8638],[81.4748,16.8642],[81.4754,16.8578],[81.4793,16.847],[81.4783,16.8419],[81.4809,16.8408],[81.481,16.8346],[81.4844,16.8264],[81.4876,16.8255],[81.4861,16.8184],[81.4927,16.8148],[81.4982,16.8137],[81.4953,16.8089],[81.4898,16.7966],[81.4829,16.7977],[81.4796,16.7913],[81.4724,16.7803],[81.4758,16.7767],[81.4749,16.7685],[81.476,16.7637],[81.4805,16.758],[81.4698,16.7602],[81.4665,16.7578],[81.4651,16.7548],[81.4531,16.7565],[81.4401,16.758],[81.4421,16.7535],[81.4413,16.7506],[81.4434,16.7448],[81.4432,16.7356],[81.4482,16.7341],[81.4469,16.7286],[81.4499,16.724],[81.4515,16.7259],[81.4608,16.7251],[81.4617,16.7272],[81.4686,16.7259],[81.4711,16.7312],[81.4755,16.7302],[81.4766,16.7345],[81.4792,16.7369],[81.4841,16.7351],[81.4886,16.7355],[81.4917,16.7335],[81.4937,16.7302],[81.499,16.7292],[81.501,16.727],[81.5043,16.7265],[81.5088,16.7292],[81.5117,16.7292],[81.5154,16.7361],[81.5222,16.7342],[81.5251,16.7311],[81.5319,16.7383],[81.5372,16.7371],[81.5467,16.7364],[81.5476,16.7438],[81.5502,16.751],[81.5521,16.761],[81.5601,16.7595],[81.5639,16.7606],[81.5661,16.7488],[81.5678,16.7461],[81.568,16.7402],[81.5661,16.7349],[81.566,16.7307],[81.5689,16.7227],[81.5798,16.7235],[81.5847,16.7224],[81.5937,16.7222],[81.5963,16.7207],[81.5955,16.7089],[81.599,16.7085],[81.5981,16.7026],[81.592,16.7034],[81.5899,16.7013],[81.5842,16.7032],[81.5813,16.6988],[81.5791,16.6933],[81.5761,16.6918],[81.5708,16.6914],[81.5711,16.6818],[81.5661,16.6798],[81.556,16.6791],[81.5537,16.67],[81.5536,16.6667],[81.5606,16.658],[81.5634,16.6564],[81.5607,16.6492],[81.5558,16.6445],[81.5515,16.6427]],[[80.9718,16.6654],[80.9721,16.6727],[80.9707,16.6781],[80.9798,16.6785],[80.9821,16.6793],[80.9892,16.6775],[80.9903,16.6802],[80.9999,16.6762],[81.0075,16.6719],[81.0023,16.6667],[81.0007,16.6638],[81.0093,16.6585],[81.016,16.6536],[81.018,16.6493],[81.0103,16.6348],[81.0085,16.6337],[81.0003,16.6339],[80.9953,16.6353],[80.9956,16.6374],[80.991,16.6414],[80.9848,16.6477],[80.9768,16.6602],[80.9767,16.6636],[80.9718,16.6654]],[[80.9813,16.7241],[80.9809,16.7233],[80.9695,16.7266],[80.9661,16.7212],[80.9616,16.7166],[80.9613,16.7125],[80.9595,16.7108],[80.9561,16.703],[80.9536,16.7009],[80.946,16.7024],[80.9471,16.7062],[80.9397,16.711],[80.9308,16.7129],[80.9329,16.7171],[80.9363,16.7268],[80.9457,16.7374],[80.9488,16.7402],[80.9507,16.7437],[80.9511,16.749],[80.9478,16.751],[80.9472,16.7535],[80.9554,16.7552],[80.96,16.7585],[80.9664,16.7596],[80.9684,16.7623],[80.9745,16.7595],[80.9756,16.7573],[80.982,16.7541],[80.9869,16.7527],[80.9943,16.7488],[80.9998,16.7471],[80.9987,16.7413],[80.9964,16.7373],[80.9941,16.7293],[80.9887,16.7224],[80.9813,16.7241]]]},"properties":{"district":"Eluru","st_nm":"Andhra Pradesh"}},{"type":"Feature","geometry":{"type":"Polygon","coordinates":[[[80.7993,17.0607],[80.7963,17.0535],[80.7927,17.0422],[80.7913,17.0393],[80.7825,17.0279],[80.7795,17.0218],[80.7819,17.0207],[80.7892,17.015],[80.7923,17.0093],[80.8006,16.9999],[80.8095,16.9971],[80.8197,16.9916],[80.8256,16.9898],[80.8251,16.9821],[80.8258,16.9764],[80.8283,16.9733],[80.8294,16.9668],[80.8278,16.9636],[80.8265,16.9455],[80.8254,16.9383],[80.825,16.9302],[80.8255,16.9265],[80.8365,16.924],[80.8472,16.9136],[80.8535,16.9085],[80.8515,16.9051],[80.8476,16.8915],[80.8444,16.886],[80.83,16.88],[80.826,16.879],[80.8133,16.8807],[80.7976,16.8821],[80.7972,16.8795],[80.7988,16.874],[80.797,16.8659],[80.7944,16.8594],[80.7919,16.8578],[80.7847,16.8557],[80.772,16.8505],[80.7701,16.8465],[80.7707,16.8402],[80.7744,16.8387],[80.7765,16.8342],[80.7761,16.8244],[80.7776,16.821],[80.7755,16.8193],[80.7744,16.8146],[80.7765,16.8099],[80.7722,16.8076],[80.767,16.7971],[80.7665,16.789],[80.7653,16.7864],[80.7608,16.7846],[80.7594,16.7793],[80.7548,16.7746],[80.7524,16.7699],[80.7478,16.764],[80.7453,16.7571],[80.7392,16.7463],[80.7386,16.7439],[80.7323,16.7336],[80.7282,16.7283],[80.7233,16.7193],[80.7145,16.709],[80.7088,16.7014],[80.7053,16.6949],[80.6992,16.6859],[80.6938,16.6796],[80.6899,16.6733],[80.6848,16.6728],[80.678,16.6618],[80.6753,16.6564],[80.6721,16.6522],[80.6681,16.6535],[80.6645,16.6525],[80.6611,16.6419],[80.6579,16.6414],[80.657,16.6363],[80.6536,16.6254],[80.6539,16.6213],[80.6489,16.6059],[80.6522,16.6007],[80.6511,16.5987],[80.646,16.5956],[80.644,16.5904],[80.638,16.5864],[80.6339,16.5857],[80.6311,16.5814],[80.6271,16.5829],[80.6236,16.5732],[80.6227,16.5681],[80.6261,16.5671],[80.6227,16.5637],[80.6227,16.5605],[80.619,16.5532],[80.6227,16.5531],[80.6324,16.55],[80.6394,16.5472],[80.6433,16.5444],[80.6466,16.5536],[80.6425,16.5566],[80.6467,16.5628],[80.6517,16.5606],[80.654,16.5623],[80.6602,16.5597],[80.658,16.5471],[80.674,16.544],[80.68,16.5425],[80.6765,16.5268],[80.6801,16.5249],[80.6779,16.5214],[80.6817,16.5158],[80.6832,16.5154],[80.6802,16.5047],[80.6761,16.4959],[80.6715,16.4889],[80.6774,16.4862],[80.6769,16.4821],[80.6715,16.4814],[80.6681,16.4833],[80.6641,16.4878],[80.6586,16.4878],[80.6526,16.48],[80.6426,16.4866],[80.6319,16.4929],[80.6233,16.4973],[80.6166,16.5019],[80.6052,16.5064],[80.5908,16.5127],[80.5915,16.5154],[80.5889,16.5171],[80.5845,16.5199],[80.5834,16.518],[80.5732,16.5234],[80.5549,16.5331],[80.5544,16.5417],[80.5397,16.552],[80.5289,16.5627],[80.4981,16.5798],[80.466,16.591],[80.4552,16.5903],[80.4273,16.5879],[80.4092,16.5845],[80.3811,16.5864],[80.3673,16.5876],[80.3647,16.593],[80.3426,16.6053],[80.3309,16.6117],[80.3189,16.6099],[80.3001,16.6108],[80.2802,16.6121],[80.268,16.612],[80.2539,16.611],[80.2506,16.6115],[80.2418,16.615],[80.2269,16.6191],[80.2195,16.6218],[80.2077,16.6275],[80.1977,16.6337],[80.1879,16.6376],[80.1802,16.6427],[80.1658,16.6415],[80.1624,16.6417],[80.1562,16.6437],[80.1425,16.6492],[80.1385,16.6522],[80.1363,16.6571],[80.1366,16.6688],[80.1407,16.6782],[80.1482,16.6869],[80.1482,16.6892],[80.1451,16.6982],[80.1407,16.7052],[80.1404,16.7121],[80.1434,16.7207],[80.1442,16.7264],[80.1437,16.7346],[80.1386,16.7522],[80.1351,16.7591],[80.1338,16.7636],[80.1336,16.7703],[80.1315,16.7777],[80.1313,16.783],[80.1315,16.7889],[80.1307,16.7954],[80.129,16.8013],[80.1254,16.8091],[80.1198,16.8161],[80.1172,16.8207],[80.1116,16.824],[80.103,16.8236],[80.0985,16.8223],[80.0896,16.8212],[80.0791,16.8189],[80.0727,16.8182],[80.0702,16.8219],[80.062,16.8241],[80.0535,16.8286],[80.0487,16.8323],[80.0463,16.8361],[80.0465,16.853],[80.0314,16.8521],[80.0204,16.8541],[80.0179,16.8536],[80.0069,16.8607],[80.004,16.8614],[80.0025,16.8679],[80.0026,16.8721],[80.0047,16.8749],[80.0046,16.8786],[80.0098,16.8897],[80.0167,16.9117],[80.0173,16.9171],[80.0227,16.9166],[80.0257,16.9178],[80.0378,16.9204],[80.0404,16.9193],[80.0446,16.9299],[80.0511,16.9367],[80.0519,16.9413],[80.0486,16.9469],[80.0488,16.9505],[80.0529,16.9594],[80.0574,16.9626],[80.0581,16.9647],[80.0566,16.9709],[80.071,16.9701],[80.0851,16.9698],[80.0885,16.9681],[80.0928,16.9683],[80.0954,16.9779],[80.0953,16.9843],[80.0971,16.99],[80.1031,16.9903],[80.1126,16.987],[80.1216,16.9876],[80.1218,16.9914],[80.1298,16.9921],[80.142,16.9906],[80.1442,16.9971],[80.147,17.0019],[80.1513,17.0051],[80.1527,17.0075],[80.1561,17.0073],[80.1604,17.0051],[80.1666,17.0056],[80.1691,17.0165],[80.1774,17.0169],[80.1794,17.0197],[80.184,17.0215],[80.1864,17.0212],[80.191,17.027],[80.1909,17.0331],[80.1932,17.0411],[80.1955,17.044],[80.2036,17.039],[80.1978,17.0273],[80.199,17.0259],[80.2003,17.0187],[80.208,17.0117],[80.2176,17.0087],[80.221,17.0088],[80.2253,17.0158],[80.2293,17.0132],[80.2354,17.0075],[80.2393,17.0053],[80.2395,17.003],[80.249,17.0015],[80.2561,17.0011],[80.2557,16.9991],[80.2643,16.9976],[80.2662,17.0018],[80.2695,17.0042],[80.2766,17.0053],[80.2809,17.0081],[80.2832,17.0076],[80.2932,16.9961],[80.2901,16.9818],[80.2924,16.9769],[80.2977,16.9766],[80.3066,16.9736],[80.3047,16.9606],[80.3027,16.9542],[80.306,16.9531],[80.3154,16.9485],[80.3123,16.9398],[80.3127,16.923],[80.312,16.9174],[80.3189,16.9128],[80.3231,16.9068],[80.3243,16.9014],[80.3234,16.8934],[80.321,16.8803],[80.322,16.8789],[80.3333,16.8764],[80.3387,16.8767],[80.3437,16.8744],[80.343,16.8679],[80.3403,16.8604],[80.3477,16.8596],[80.3528,16.8577],[80.3657,16.8552],[80.3729,16.8521],[80.3719,16.8408],[80.3735,16.84],[80.3778,16.842],[80.3791,16.8384],[80.3737,16.8319],[80.3732,16.8286],[80.3756,16.8224],[80.3779,16.8198],[80.3812,16.8162],[80.3851,16.8184],[80.3841,16.8231],[80.3852,16.8254],[80.3887,16.8251],[80.3901,16.8285],[80.3958,16.8292],[80.3983,16.8333],[80.4026,16.8321],[80.4043,16.8333],[80.4069,16.8425],[80.4073,16.8488],[80.4022,16.8492],[80.3925,16.8489],[80.3859,16.8498],[80.3782,16.853],[80.3815,16.8552],[80.3784,16.8621],[80.38,16.8642],[80.3833,16.8653],[80.3848,16.8636],[80.3948,16.8599],[80.4062,16.8547],[80.412,16.8534],[80.4128,16.852],[80.423,16.8508],[80.4262,16.8498],[80.4282,16.8465],[80.428,16.8381],[80.431,16.8379],[80.4379,16.8337],[80.4406,16.8307],[80.4484,16.8269],[80.4525,16.8228],[80.4566,16.8219],[80.461,16.8195],[80.464,16.8201],[80.4659,16.8165],[80.4633,16.8042],[80.464,16.7949],[80.4745,16.7942],[80.485,16.7918],[80.4906,16.7872],[80.4937,16.7829],[80.4995,16.7817],[80.5036,16.779],[80.5154,16.7756],[80.5267,16.7746],[80.5298,16.7754],[80.5412,16.7757],[80.5512,16.775],[80.5692,16.7686],[80.5735,16.7722],[80.5771,16.7794],[80.5803,16.7801],[80.5836,16.7835],[80.5853,16.783],[80.5897,16.7871],[80.5923,16.788],[80.5961,16.7926],[80.6017,16.7938],[80.6073,16.7938],[80.6049,16.7978],[80.5989,16.7994],[80.597,16.8015],[80.5936,16.8024],[80.5901,16.8076],[80.5873,16.8087],[80.5861,16.8118],[80.5807,16.8163],[80.5798,16.8191],[80.5768,16.8211],[80.5749,16.8266],[80.5653,16.8268],[80.5625,16.8331],[80.5641,16.8374],[80.5687,16.8451],[80.5707,16.8594],[80.5682,16.8668],[80.568,16.8697],[80.5766,16.8796],[80.5844,16.882],[80.5917,16.8826],[80.5952,16.885],[80.5953,16.8889],[80.5924,16.9007],[80.5867,16.9018],[80.587,16.9052],[80.5919,16.907],[80.5949,16.9129],[80.6003,16.9172],[80.5958,16.9243],[80.591,16.9235],[80.5888,16.9281],[80.5834,16.9292],[80.5804,16.9327],[80.5813,16.9349],[80.5788,16.9373],[80.5695,16.9414],[80.5654,16.9445],[80.5461,16.9567],[80.5327,16.9618],[80.5302,16.9588],[80.5257,16.9479],[80.5041,16.9569],[80.4964,16.9546],[80.4945,16.9503],[80.4943,16.9461],[80.4924,16.9354],[80.4929,16.9281],[80.4835,16.9311],[80.4756,16.9356],[80.4604,16.948],[80.4468,16.9556],[80.441,16.9564],[80.4279,16.9605],[80.4062,16.964],[80.3902,16.9688],[80.3785,16.9735],[80.3635,16.9759],[80.37,16.985],[80.3736,16.9873],[80.3773,16.9919],[80.3813,16.9992],[80.3859,17.0042],[80.3868,17.0085],[80.3902,17.0103],[80.3995,17.0124],[80.406,17.0158],[80.4064,17.0265],[80.4,17.033],[80.3951,17.0362],[80.3956,17.0464],[80.3974,17.0529],[80.3926,17.0555],[80.39,17.0626],[80.3845,17.0676],[80.3924,17.0777],[80.4,17.0824],[80.4029,17.0819],[80.4041,17.0869],[80.4074,17.0875],[80.4097,17.0923],[80.4186,17.0921],[80.4169,17.0877],[80.418,17.0789],[80.4171,17.0729],[80.4226,17.0664],[80.4248,17.0619],[80.4266,17.061],[80.4309,17.0557],[80.4322,17.051],[80.4382,17.0375],[80.4556,17.0343],[80.4638,17.0304],[80.4683,17.0451],[80.4706,17.0501],[80.4805,17.0515],[80.4904,17.0518],[80.493,17.0593],[80.4951,17.0618],[80.5037,17.0665],[80.5061,17.076],[80.5099,17.0854],[80.5027,17.0899],[80.504,17.0949],[80.5132,17.1114],[80.5134,17.1214],[80.5262,17.1177],[80.534,17.12],[80.5413,17.1246],[80.5436,17.125],[80.5489,17.1315],[80.553,17.1335],[80.5615,17.1325],[80.5664,17.1368],[80.571,17.1432],[80.5775,17.1499],[80.5791,17.1532],[80.5915,17.147],[80.5967,17.1449],[80.6028,17.1394],[80.6052,17.1356],[80.6147,17.1324],[80.6198,17.128],[80.6223,17.1294],[80.6274,17.1296],[80.6361,17.1283],[80.6402,17.1253],[80.6436,17.1242],[80.6407,17.1164],[80.6479,17.1115],[80.6537,17.1104],[80.6658,17.1047],[80.6699,17.1016],[80.6676,17.0954],[80.6636,17.0933],[80.6614,17.0902],[80.6568,17.0891],[80.655,17.0874],[80.6516,17.0787],[80.6496,17.0715],[80.6567,17.0687],[80.6653,17.0677],[80.6694,17.0702],[80.6728,17.0673],[80.6763,17.0711],[80.6892,17.074],[80.6934,17.0741],[80.6964,17.078],[80.6979,17.0826],[80.7042,17.0808],[80.7096,17.0819],[80.7344,17.0776],[80.738,17.0794],[80.7438,17.0767],[80.7456,17.0775],[80.7523,17.0713],[80.7636,17.0667],[80.7732,17.0662],[80.7799,17.0651],[80.7815,17.064],[80.7872,17.0641],[80.7981,17.0615],[80.7993,17.0607]]]},"properties":{"district":"NTR","st_nm":"Andhra Pradesh"}},{"type":"Feature","geometry":{"type":"MultiPolygon","coordinates":[[[[80.9557,16.6708],[80.954,16.6709],[80.9538,16.6647],[80.9559,16.6635],[80.9645,16.6529],[80.9694,16.646],[80.9703,16.6382],[80.9737,16.6311],[80.9728,16.6264],[80.9771,16.6233],[80.9908,16.6044],[80.9959,16.5989],[81.0012,16.5952],[81.0016,16.5891],[81.0075,16.5861],[81.0072,16.5823],[81.0085,16.5785],[81.0118,16.5615],[81.0175,16.5619],[81.0225,16.5578],[81.0269,16.5629],[81.0318,16.5629],[81.0355,16.5643],[81.0385,16.5625],[81.0414,16.5671],[81.0453,16.568],[81.0485,16.5702],[81.0625,16.5704],[81.0713,16.5763],[81.0776,16.5751],[81.085,16.5809],[81.0835,16.5764],[81.1003,16.5876],[81.1059,16.5808],[81.1017,16.572],[81.0956,16.5684],[81.0923,16.5628],[81.0926,16.5529],[81.0967,16.5525],[81.1007,16.5552],[81.1058,16.5523],[81.1043,16.5482],[81.1048,16.5397],[81.1021,16.5377],[81.1035,16.5328],[81.102,16.5293],[81.1008,16.5212],[81.1091,16.5176],[81.1181,16.5124],[81.1141,16.5085],[81.1116,16.4974],[81.1069,16.498],[81.1011,16.4913],[81.0959,16.49],[81.0956,16.4924],[81.0892,16.4954],[81.087,16.4894],[81.0827,16.4827],[81.0834,16.4791],[81.0911,16.4736],[81.09,16.4695],[81.0931,16.4679],[81.0896,16.462],[81.0861,16.4609],[81.0906,16.4573],[81.0866,16.4524],[81.0756,16.4572],[81.075,16.4537],[81.0844,16.4494],[81.0819,16.4447],[81.0833,16.4423],[81.0801,16.4393],[81.0826,16.4373],[81.0812,16.4318],[81.0765,16.4337],[81.0726,16.4369],[81.0675,16.4381],[81.0672,16.4416],[81.0627,16.4402],[81.0614,16.4378],[81.0581,16.4372],[81.0526,16.4382],[81.0476,16.4371],[81.0457,16.4346],[81.0444,16.4207],[81.0526,16.4177],[81.057,16.4175],[81.059,16.4121],[81.0621,16.4116],[81.0632,16.4074],[81.0619,16.3985],[81.0711,16.3954],[81.075,16.3975],[81.0795,16.3948],[81.0785,16.3901],[81.0831,16.3831],[81.0917,16.3801],[81.0957,16.3817],[81.1025,16.3807],[81.105,16.3848],[81.1087,16.3882],[81.1129,16.3855],[81.1166,16.3813],[81.1219,16.3821],[81.1282,16.3797],[81.1329,16.3791],[81.1397,16.3765],[81.1431,16.3785],[81.1484,16.3864],[81.1503,16.3939],[81.1543,16.3921],[81.1575,16.3985],[81.1578,16.403],[81.1593,16.4045],[81.1626,16.4032],[81.1725,16.4028],[81.1734,16.397],[81.1722,16.3932],[81.1722,16.3866],[81.1793,16.3847],[81.1856,16.3845],[81.2023,16.3814],[81.203,16.3897],[81.2049,16.3987],[81.2051,16.4039],[81.2067,16.4092],[81.2092,16.4117],[81.2145,16.4198],[81.2198,16.4229],[81.2233,16.4224],[81.2278,16.4253],[81.227,16.4168],[81.2304,16.4132],[81.238,16.4117],[81.2543,16.4034],[81.257,16.4062],[81.2658,16.4179],[81.2719,16.424],[81.2786,16.4295],[81.2825,16.4265],[81.298,16.4368],[81.3044,16.4388],[81.3014,16.4461],[81.2991,16.449],[81.2919,16.4537],[81.2993,16.4543],[81.3134,16.4572],[81.3147,16.4588],[81.3213,16.4591],[81.3221,16.4496],[81.3243,16.448],[81.3256,16.4377],[81.3242,16.4285],[81.3202,16.4239],[81.3197,16.4192],[81.3321,16.4177],[81.3316,16.4148],[81.3466,16.4096],[81.3435,16.4059],[81.3569,16.4061],[81.3711,16.4068],[81.3817,16.4081],[81.3865,16.4101],[81.3847,16.4149],[81.389,16.4189],[81.3955,16.421],[81.4018,16.4284],[81.4038,16.4268],[81.4106,16.4211],[81.4147,16.4186],[81.4222,16.4201],[81.4258,16.418],[81.4279,16.41],[81.4321,16.4064],[81.4344,16.4016],[81.4372,16.3988],[81.4425,16.3983],[81.4483,16.4016],[81.4527,16.4051],[81.4569,16.4044],[81.4615,16.3995],[81.4647,16.3977],[81.4717,16.3971],[81.4736,16.394],[81.4821,16.3854],[81.485,16.3781],[81.4896,16.3719],[81.4947,16.3694],[81.4996,16.3702],[81.5083,16.3699],[81.5118,16.3705],[81.5148,16.3727],[81.5166,16.376],[81.5214,16.3803],[81.5304,16.3784],[81.5441,16.3779],[81.5472,16.3741],[81.5482,16.3683],[81.5523,16.3601],[81.5536,16.353],[81.5591,16.3467],[81.5606,16.3447],[81.5347,16.3469],[81.5224,16.3486],[81.5191,16.3495],[81.5099,16.3495],[81.5006,16.3488],[81.4984,16.3497],[81.4887,16.3504],[81.4839,16.3523],[81.4765,16.3528],[81.4618,16.352],[81.4508,16.3508],[81.4259,16.3471],[81.4243,16.3471],[81.4029,16.342],[81.4002,16.3423],[81.3937,16.3403],[81.3896,16.3399],[81.3755,16.3355],[81.357,16.3289],[81.3454,16.3243],[81.329,16.3172],[81.3096,16.3069],[81.2971,16.2993],[81.2803,16.2875],[81.2697,16.2787],[81.2654,16.2735],[81.25,16.2568],[81.2463,16.2524],[81.2363,16.2388],[81.2339,16.2339],[81.2249,16.2192],[81.2184,16.206],[81.2144,16.197],[81.2112,16.1881],[81.211,16.1855],[81.207,16.1762],[81.2049,16.1669],[81.2039,16.1604],[81.2053,16.1519],[81.2029,16.1467],[81.2027,16.1395],[81.1949,16.1172],[81.1909,16.1073],[81.1862,16.0983],[81.1851,16.0941],[81.1768,16.0793],[81.1719,16.0719],[81.162,16.0544],[81.1607,16.0531],[81.1549,16.041],[81.1454,16.0273],[81.1409,16.01],[81.14,15.9999],[81.1403,15.9936],[81.1437,15.9826],[81.1436,15.9761],[81.1398,15.9727],[81.1298,15.9725],[81.1299,15.9664],[81.1223,15.959],[81.1116,15.9511],[81.1013,15.9416],[81.0952,15.9365],[81.0789,15.9211],[81.0718,15.914],[81.0668,15.9082],[81.0606,15.8998],[81.0477,15.8845],[81.0392,15.8762],[81.0287,15.8652],[81.02,15.855],[81.0087,15.8396],[81.0052,15.8337],[81.0027,15.8278],[80.9999,15.8191],[81,15.8105],[81.0016,15.804],[81.0048,15.8],[81.0153,15.8046],[81.0184,15.8023],[81.0237,15.7922],[81.0239,15.7868],[81.022,15.775],[81.0196,15.771],[81.0148,15.7661],[81.012,15.7669],[81.002,15.7591],[81.0007,15.7558],[80.9966,15.7513],[80.9835,15.7422],[80.9638,15.7305],[80.9535,15.7249],[80.953,15.7225],[80.9439,15.7193],[80.9369,15.7185],[80.9341,15.7206],[80.9332,15.7237],[80.9284,15.724],[80.9269,15.7218],[80.9013,15.7167],[80.8857,15.714],[80.8562,15.7101],[80.8397,15.7098],[80.8341,15.7108],[80.8343,15.7258],[80.8325,15.7384],[80.8325,15.7431],[80.8364,15.7567],[80.8433,15.7765],[80.8469,15.7829],[80.8528,15.7968],[80.8562,15.8072],[80.8617,15.8094],[80.8627,15.8254],[80.8649,15.8279],[80.8715,15.8439],[80.8806,15.8571],[80.8862,15.8564],[80.8895,15.8682],[80.8947,15.8816],[80.897,15.8891],[80.8987,15.8987],[80.9027,15.9172],[80.8946,15.9231],[80.8968,15.9335],[80.8984,15.9355],[80.8982,15.9421],[80.8966,15.9436],[80.8978,15.9536],[80.8962,15.9542],[80.8965,15.9654],[80.89,15.9608],[80.8924,15.9698],[80.8908,15.9764],[80.8902,15.9907],[80.8913,16.0004],[80.8895,16.0089],[80.8882,16.0194],[80.8832,16.0334],[80.8795,16.0456],[80.8768,16.0528],[80.8804,16.0544],[80.8804,16.0608],[80.8818,16.0631],[80.8807,16.0687],[80.8768,16.0676],[80.8738,16.0791],[80.8755,16.08],[80.8723,16.0895],[80.8666,16.091],[80.8677,16.1056],[80.8551,16.1039],[80.8544,16.1097],[80.8562,16.115],[80.8636,16.1271],[80.8615,16.1358],[80.859,16.1385],[80.8571,16.1466],[80.8532,16.1507],[80.8485,16.1627],[80.84,16.1737],[80.8401,16.1749],[80.8338,16.1885],[80.8284,16.1988],[80.8335,16.2033],[80.8377,16.2113],[80.8412,16.2156],[80.8206,16.2179],[80.8208,16.2207],[80.8177,16.2343],[80.8175,16.241],[80.8151,16.2417],[80.805,16.2398],[80.803,16.2422],[80.8039,16.2543],[80.8011,16.2639],[80.798,16.2762],[80.7977,16.2831],[80.7897,16.2852],[80.7865,16.2868],[80.7785,16.2943],[80.7753,16.2998],[80.7741,16.3041],[80.7672,16.3096],[80.7605,16.3163],[80.7521,16.3266],[80.7478,16.3303],[80.7403,16.3428],[80.7377,16.3532],[80.7353,16.3595],[80.7266,16.3786],[80.7253,16.3808],[80.7248,16.3814],[80.7073,16.3997],[80.6867,16.4147],[80.6755,16.4233],[80.6741,16.425],[80.6745,16.4423],[80.6659,16.4406],[80.6651,16.445],[80.6629,16.4493],[80.6636,16.4546],[80.6698,16.4644],[80.6696,16.4664],[80.6642,16.4726],[80.6526,16.48],[80.6586,16.4878],[80.6641,16.4878],[80.6681,16.4833],[80.6715,16.4814],[80.6769,16.4821],[80.6774,16.4862],[80.6715,16.4889],[80.6761,16.4959],[80.6802,16.5047],[80.6832,16.5154],[80.6817,16.5158],[80.6779,16.5214],[80.6801,16.5249],[80.6765,16.5268],[80.68,16.5425],[80.674,16.544],[80.658,16.5471],[80.6602,16.5597],[80.654,16.5623],[80.6517,16.5606],[80.6467,16.5628],[80.6425,16.5566],[80.6466,16.5536],[80.6433,16.5444],[80.6394,16.5472],[80.6324,16.55],[80.6227,16.5531],[80.619,16.5532],[80.6227,16.5605],[80.6227,16.5637],[80.6261,16.5671],[80.6227,16.5681],[80.6236,16.5732],[80.6271,16.5829],[80.6311,16.5814],[80.6339,16.5857],[80.638,16.5864],[80.644,16.5904],[80.646,16.5956],[80.6511,16.5987],[80.6522,16.6007],[80.6489,16.6059],[80.6539,16.6213],[80.6536,16.6254],[80.657,16.6363],[80.6579,16.6414],[80.6611,16.6419],[80.6645,16.6525],[80.6681,16.6535],[80.6721,16.6522],[80.6753,16.6564],[80.678,16.6618],[80.6848,16.6728],[80.6899,16.6733],[80.6871,16.6666],[80.6859,16.6598],[80.6868,16.6509],[80.686,16.6386],[80.6879,16.6336],[80.6912,16.6305],[80.6971,16.6266],[80.7173,16.6256],[80.7272,16.6236],[80.7399,16.6199],[80.7411,16.6247],[80.7433,16.6273],[80.7477,16.6269],[80.7514,16.6291],[80.7592,16.6295],[80.7677,16.6245],[80.7719,16.6269],[80.7767,16.6249],[80.7779,16.6225],[80.7819,16.6249],[80.784,16.6313],[80.7927,16.6428],[80.7955,16.6361],[80.7988,16.6349],[80.8035,16.6377],[80.8177,16.6513],[80.8173,16.6561],[80.8112,16.6596],[80.8084,16.6603],[80.8129,16.6698],[80.8151,16.6694],[80.8168,16.6734],[80.8218,16.6725],[80.8229,16.67],[80.8223,16.6643],[80.8248,16.6604],[80.8243,16.6527],[80.836,16.6433],[80.8316,16.6353],[80.8311,16.6311],[80.8336,16.6226],[80.833,16.6187],[80.8359,16.6182],[80.8361,16.6142],[80.848,16.6104],[80.8579,16.6228],[80.8617,16.6248],[80.8652,16.622],[80.8689,16.622],[80.8735,16.6166],[80.8763,16.6191],[80.8805,16.6177],[80.8837,16.6288],[80.8845,16.639],[80.8844,16.6454],[80.8871,16.6541],[80.8788,16.6563],[80.8705,16.6619],[80.8673,16.6625],[80.8625,16.6651],[80.858,16.6687],[80.8558,16.6688],[80.8521,16.6733],[80.8541,16.6777],[80.8536,16.6838],[80.8513,16.6884],[80.8549,16.6908],[80.8569,16.6957],[80.8565,16.6978],[80.8657,16.693],[80.8683,16.6939],[80.8737,16.6915],[80.8776,16.697],[80.8784,16.7039],[80.8754,16.7106],[80.8771,16.7128],[80.8837,16.714],[80.8904,16.7143],[80.8934,16.7126],[80.8958,16.7081],[80.8998,16.7086],[80.9019,16.7136],[80.9046,16.7102],[80.9084,16.7107],[80.9151,16.7063],[80.9203,16.7077],[80.9277,16.7046],[80.928,16.7016],[80.9244,16.6992],[80.9252,16.6954],[80.931,16.6935],[80.9343,16.6903],[80.937,16.6906],[80.9382,16.6877],[80.9418,16.6863],[80.9417,16.682],[80.9386,16.6749],[80.9487,16.6729],[80.9527,16.6727],[80.9557,16.6708]]],[[[80.9998,16.7471],[80.9987,16.7413],[80.9964,16.7373],[80.9941,16.7293],[80.9887,16.7224],[80.9813,16.7241],[80.9809,16.7233],[80.9695,16.7266],[80.9661,16.7212],[80.9616,16.7166],[80.9613,16.7125],[80.9595,16.7108],[80.9561,16.703],[80.9536,16.7009],[80.946,16.7024],[80.9471,16.7062],[80.9397,16.711],[80.9308,16.7129],[80.9329,16.7171],[80.9363,16.7268],[80.9457,16.7374],[80.9488,16.7402],[80.9507,16.7437],[80.9511,16.749],[80.9478,16.751],[80.9472,16.7535],[80.9554,16.7552],[80.96,16.7585],[80.9664,16.7596],[80.9684,16.7623],[80.9745,16.7595],[80.9756,16.7573],[80.982,16.7541],[80.9869,16.7527],[80.9943,16.7488],[80.9998,16.7471]]],[[[80.9903,16.6802],[80.9999,16.6762],[81.0075,16.6719],[81.0023,16.6667],[81.0007,16.6638],[81.0093,16.6585],[81.016,16.6536],[81.018,16.6493],[81.0103,16.6348],[81.0085,16.6337],[81.0003,16.6339],[80.9953,16.6353],[80.9956,16.6374],[80.991,16.6414],[80.9848,16.6477],[80.9768,16.6602],[80.9767,16.6636],[80.9718,16.6654],[80.9721,16.6727],[80.9707,16.6781],[80.9798,16.6785],[80.9821,16.6793],[80.9892,16.6775],[80.9903,16.6802]]]]},"properties":{"district":"Krishna","st_nm":"Andhra Pradesh"}},{"type":"Feature","geometry":{"type":"Polygon","coordinates":[[[80.4092,16.5845],[80.4273,16.5879],[80.4261,16.5754],[80.424,16.5629],[80.428,16.5586],[80.4238,16.5502],[80.4169,16.5505],[80.4096,16.532],[80.4079,16.5318],[80.4067,16.5256],[80.4095,16.5253],[80.4079,16.5195],[80.4073,16.5077],[80.4175,16.5065],[80.4199,16.5054],[80.4183,16.4916],[80.421,16.4842],[80.4293,16.48],[80.4264,16.4766],[80.4114,16.4794],[80.3981,16.4812],[80.3927,16.4762],[80.3812,16.4783],[80.3789,16.4712],[80.3781,16.4643],[80.3737,16.4655],[80.3695,16.4652],[80.3674,16.4586],[80.3648,16.4595],[80.3477,16.4628],[80.3429,16.4625],[80.34,16.4663],[80.3381,16.4634],[80.3343,16.4629],[80.3238,16.4645],[80.3179,16.4632],[80.3129,16.4535],[80.3087,16.4543],[80.3078,16.4345],[80.3033,16.4257],[80.2948,16.4274],[80.2898,16.4292],[80.2806,16.4292],[80.2767,16.4215],[80.2748,16.4171],[80.2697,16.41],[80.2553,16.4151],[80.2534,16.4147],[80.2395,16.4159],[80.2378,16.4113],[80.2352,16.4112],[80.2316,16.4086],[80.2256,16.401],[80.2263,16.4],[80.2234,16.3943],[80.2199,16.3948],[80.2183,16.3892],[80.2246,16.3868],[80.2276,16.3867],[80.2302,16.3824],[80.2254,16.3697],[80.231,16.3659],[80.2277,16.3628],[80.2259,16.355],[80.2178,16.3503],[80.2206,16.3475],[80.2208,16.3435],[80.2171,16.3395],[80.2148,16.3395],[80.2052,16.3422],[80.1993,16.3457],[80.1998,16.347],[80.1962,16.3514],[80.1949,16.3561],[80.1856,16.3585],[80.1815,16.3589],[80.1803,16.3565],[80.1806,16.3512],[80.1766,16.329],[80.1749,16.3237],[80.1603,16.3262],[80.158,16.3181],[80.1577,16.3142],[80.1621,16.3122],[80.1584,16.3075],[80.1574,16.3035],[80.1405,16.3044],[80.1357,16.3053],[80.1247,16.3104],[80.1213,16.2995],[80.1224,16.2953],[80.124,16.2831],[80.1259,16.2769],[80.1264,16.2719],[80.1273,16.2703],[80.1354,16.2671],[80.1445,16.2647],[80.1438,16.2625],[80.1524,16.2586],[80.1553,16.2644],[80.1634,16.2703],[80.171,16.2641],[80.1783,16.2635],[80.1785,16.2739],[80.1767,16.2785],[80.1907,16.2767],[80.1921,16.268],[80.2002,16.2639],[80.1999,16.2623],[80.2202,16.258],[80.2181,16.2529],[80.2188,16.2496],[80.2308,16.2463],[80.2388,16.2586],[80.2427,16.2652],[80.2381,16.2667],[80.2431,16.2713],[80.2446,16.2738],[80.2527,16.2726],[80.2602,16.2698],[80.2647,16.269],[80.2716,16.2699],[80.2801,16.2661],[80.2815,16.2682],[80.2859,16.2697],[80.2945,16.2805],[80.3016,16.2852],[80.3074,16.287],[80.3104,16.2861],[80.3138,16.293],[80.3104,16.2938],[80.3119,16.2999],[80.3159,16.3028],[80.3222,16.3094],[80.326,16.309],[80.3278,16.3137],[80.3297,16.3155],[80.3343,16.3155],[80.3372,16.3135],[80.3397,16.3098],[80.3353,16.3061],[80.3382,16.3007],[80.3412,16.3],[80.3427,16.3032],[80.3428,16.3093],[80.3467,16.3146],[80.3502,16.3133],[80.3515,16.3092],[80.3486,16.3053],[80.3513,16.3025],[80.3512,16.2978],[80.3467,16.2954],[80.3466,16.2862],[80.3434,16.2785],[80.3395,16.2718],[80.3328,16.2658],[80.3301,16.2661],[80.3278,16.2629],[80.3236,16.2513],[80.3189,16.2465],[80.3158,16.2483],[80.3138,16.2443],[80.31,16.2402],[80.3062,16.2327],[80.3003,16.2291],[80.2892,16.2154],[80.2859,16.2177],[80.2801,16.2178],[80.2763,16.2065],[80.2746,16.1994],[80.2808,16.199],[80.2852,16.1961],[80.287,16.1917],[80.2965,16.1896],[80.2937,16.1813],[80.2945,16.1795],[80.293,16.1666],[80.2892,16.1623],[80.2825,16.1629],[80.281,16.1607],[80.2779,16.1609],[80.2759,16.1562],[80.2732,16.1556],[80.2737,16.1509],[80.276,16.1487],[80.2751,16.1443],[80.2782,16.1432],[80.275,16.1361],[80.2761,16.133],[80.2738,16.1289],[80.2689,16.1281],[80.2665,16.1235],[80.2723,16.119],[80.2741,16.1158],[80.2817,16.1114],[80.2844,16.1064],[80.2898,16.1034],[80.2846,16.0936],[80.2812,16.0926],[80.2732,16.0944],[80.2669,16.0971],[80.2621,16.0968],[80.2566,16.0978],[80.2558,16.0952],[80.2513,16.0954],[80.2492,16.0918],[80.2446,16.0906],[80.2436,16.0882],[80.237,16.0866],[80.2357,16.084],[80.2269,16.088],[80.2261,16.0866],[80.2308,16.0826],[80.2283,16.0741],[80.2282,16.0707],[80.2297,16.0657],[80.2321,16.0622],[80.2297,16.059],[80.231,16.0474],[80.2297,16.0379],[80.2297,16.0322],[80.2194,16.0333],[80.1945,16.0386],[80.1897,16.0386],[80.1877,16.0259],[80.1814,16.0267],[80.1822,16.0346],[80.1703,16.0365],[80.1579,16.0413],[80.1544,16.0417],[80.1549,16.0459],[80.1489,16.0463],[80.1442,16.0455],[80.1372,16.0457],[80.1354,16.0403],[80.1342,16.0292],[80.1342,16.0225],[80.1328,16.02],[80.1351,16.0174],[80.1249,16.0192],[80.1208,16.0207],[80.1085,16.0155],[80.1051,16.0154],[80.1002,16.0116],[80.0974,16.0113],[80.0907,16.0135],[80.0861,16.0209],[80.0878,16.0292],[80.0846,16.0399],[80.0849,16.0444],[80.0837,16.048],[80.0844,16.0518],[80.0826,16.0553],[80.0797,16.0563],[80.0823,16.063],[80.0793,16.0656],[80.0732,16.0688],[80.0707,16.0793],[80.074,16.0923],[80.0682,16.095],[80.0663,16.0944],[80.0612,16.0894],[80.0472,16.0855],[80.0404,16.0927],[80.0413,16.096],[80.0448,16.1017],[80.0514,16.1198],[80.0502,16.1241],[80.0518,16.1291],[80.0502,16.131],[80.0491,16.129],[80.0435,16.1302],[80.041,16.1274],[80.0334,16.123],[80.0317,16.1178],[80.0207,16.1148],[80.0151,16.1171],[80.0125,16.117],[80.0101,16.1194],[80.0114,16.126],[80.0072,16.1301],[80.0062,16.134],[79.9988,16.1364],[80.0006,16.1402],[79.9925,16.1418],[79.9868,16.1409],[79.974,16.1458],[79.9762,16.1504],[79.9721,16.1544],[79.9666,16.1562],[79.9542,16.1632],[79.9521,16.1611],[79.9522,16.1536],[79.9537,16.1516],[79.9487,16.1436],[79.9448,16.1391],[79.9423,16.14],[79.9368,16.1389],[79.9327,16.1322],[79.9278,16.1318],[79.9204,16.1392],[79.9127,16.1439],[79.9016,16.1491],[79.891,16.1513],[79.889,16.1524],[79.8784,16.1547],[79.8758,16.1503],[79.868,16.1408],[79.8659,16.1352],[79.8664,16.1325],[79.8749,16.1289],[79.8697,16.1182],[79.8689,16.1119],[79.8737,16.1122],[79.8682,16.0965],[79.8742,16.0953],[79.8814,16.0926],[79.8837,16.0877],[79.8833,16.0861],[79.8898,16.0851],[79.8902,16.0867],[79.8949,16.0875],[79.8956,16.0835],[79.8952,16.0774],[79.9022,16.0777],[79.9155,16.0751],[79.9146,16.0719],[79.9192,16.07],[79.9188,16.0667],[79.9202,16.0634],[79.9194,16.0524],[79.9168,16.0473],[79.9088,16.0459],[79.9065,16.0439],[79.9015,16.0422],[79.8801,16.0393],[79.8785,16.0347],[79.8751,16.0347],[79.8729,16.0297],[79.8696,16.0306],[79.8675,16.0225],[79.8664,16.022],[79.8645,16.005],[79.865,15.9964],[79.874,15.9991],[79.8793,15.9998],[79.891,15.9954],[79.8904,15.9913],[79.8911,15.9872],[79.9034,15.9834],[79.8997,15.9766],[79.8981,15.9716],[79.908,15.9679],[79.9117,15.9675],[79.9084,15.9603],[79.9087,15.9555],[79.9031,15.9425],[79.9002,15.9453],[79.8965,15.947],[79.894,15.9393],[79.886,15.9419],[79.8811,15.9405],[79.8805,15.9376],[79.8762,15.9356],[79.8777,15.9251],[79.8741,15.9207],[79.8697,15.9169],[79.8639,15.9176],[79.8565,15.9206],[79.8468,15.9229],[79.8489,15.9288],[79.8382,15.9317],[79.8344,15.9321],[79.816,15.9369],[79.7998,15.9392],[79.7915,15.9415],[79.7895,15.9369],[79.7863,15.919],[79.7836,15.9154],[79.7752,15.9073],[79.7691,15.9077],[79.7635,15.9032],[79.762,15.8998],[79.755,15.8996],[79.7557,15.8959],[79.754,15.8893],[79.7553,15.8835],[79.753,15.8701],[79.7471,15.8592],[79.7518,15.8563],[79.7531,15.8537],[79.7537,15.8474],[79.7642,15.8454],[79.773,15.842],[79.7706,15.8311],[79.771,15.8252],[79.7666,15.8267],[79.7637,15.8234],[79.7507,15.8258],[79.7432,15.8257],[79.7389,15.8271],[79.7332,15.8351],[79.7276,15.8361],[79.7189,15.8355],[79.7117,15.8371],[79.717,15.8455],[79.7197,15.859],[79.7159,15.8636],[79.7145,15.8673],[79.7024,15.8734],[79.6941,15.8762],[79.689,15.876],[79.69,15.8826],[79.6915,15.8872],[79.6951,15.8945],[79.6933,15.8982],[79.6888,15.9001],[79.6871,15.8982],[79.6826,15.9012],[79.6819,15.9039],[79.6763,15.9037],[79.6705,15.9074],[79.6709,15.91],[79.6628,15.9176],[79.658,15.9183],[79.6555,15.921],[79.6494,15.9136],[79.6432,15.9113],[79.6355,15.9071],[79.6327,15.9102],[79.6286,15.9117],[79.6228,15.9167],[79.6149,15.9215],[79.6118,15.9224],[79.615,15.9297],[79.6145,15.9333],[79.6111,15.934],[79.6038,15.9381],[79.6005,15.9379],[79.5903,15.9408],[79.572,15.9373],[79.5589,15.9485],[79.5614,15.9552],[79.5596,15.9639],[79.5609,15.969],[79.5654,15.9788],[79.5682,15.9832],[79.5675,15.9857],[79.571,15.9966],[79.5723,16.0044],[79.5686,16.0085],[79.5659,16.009],[79.5628,16.0123],[79.5671,16.0177],[79.5611,16.029],[79.5634,16.0339],[79.5575,16.0441],[79.554,16.0484],[79.5526,16.0523],[79.5527,16.0558],[79.5501,16.0596],[79.5476,16.0666],[79.5461,16.0745],[79.553,16.086],[79.5538,16.0895],[79.5532,16.0987],[79.5559,16.1008],[79.5539,16.1037],[79.5524,16.1088],[79.5522,16.1132],[79.5475,16.1198],[79.5445,16.1202],[79.5436,16.1239],[79.5379,16.1335],[79.5385,16.1372],[79.5367,16.1417],[79.5395,16.1474],[79.5405,16.1559],[79.5396,16.1588],[79.537,16.1603],[79.5361,16.1641],[79.5381,16.1709],[79.5424,16.1734],[79.5467,16.1733],[79.5519,16.1794],[79.5522,16.1843],[79.5557,16.1884],[79.5588,16.1943],[79.5603,16.2007],[79.5604,16.2047],[79.5563,16.2143],[79.5582,16.2196],[79.5618,16.2227],[79.5631,16.2271],[79.5612,16.2326],[79.5626,16.237],[79.559,16.2425],[79.5606,16.2489],[79.5603,16.262],[79.5619,16.2683],[79.566,16.2775],[79.5636,16.2795],[79.5573,16.2805],[79.55,16.2846],[79.5417,16.2962],[79.5354,16.307],[79.5271,16.2985],[79.4995,16.2917],[79.4961,16.2915],[79.4789,16.2924],[79.4722,16.2916],[79.4464,16.3039],[79.3896,16.2514],[79.3699,16.2338],[79.3366,16.2298],[79.3245,16.2294],[79.2951,16.2157],[79.2841,16.2096],[79.2614,16.1963],[79.2576,16.1948],[79.2484,16.1807],[79.2459,16.1789],[79.2206,16.164],[79.2143,16.1846],[79.2162,16.2258],[79.2146,16.2277],[79.2194,16.2317],[79.2221,16.2358],[79.2224,16.246],[79.224,16.2553],[79.2239,16.2593],[79.225,16.2685],[79.2243,16.2709],[79.226,16.275],[79.2302,16.2811],[79.2312,16.2943],[79.2308,16.297],[79.2314,16.3071],[79.2312,16.3162],[79.2338,16.3222],[79.2343,16.335],[79.2329,16.3374],[79.224,16.3427],[79.2217,16.3457],[79.2151,16.3496],[79.2105,16.357],[79.2105,16.3632],[79.2119,16.3658],[79.2121,16.3748],[79.2084,16.3805],[79.2077,16.3849],[79.209,16.3966],[79.2096,16.4071],[79.2099,16.4262],[79.2113,16.4465],[79.2135,16.4511],[79.2187,16.4549],[79.2326,16.4588],[79.2332,16.4606],[79.2229,16.4723],[79.2165,16.4792],[79.2146,16.4847],[79.2167,16.5005],[79.2197,16.5098],[79.224,16.5189],[79.2283,16.5253],[79.2321,16.5276],[79.2427,16.5299],[79.248,16.5346],[79.2501,16.5399],[79.2492,16.5461],[79.2511,16.5506],[79.2526,16.5601],[79.2569,16.5663],[79.2609,16.5675],[79.2684,16.5661],[79.2769,16.5621],[79.2849,16.5611],[79.292,16.5624],[79.2984,16.5654],[79.3063,16.5731],[79.3089,16.5748],[79.316,16.5749],[79.3268,16.5771],[79.3367,16.5822],[79.3437,16.5827],[79.3472,16.5803],[79.3551,16.5791],[79.3762,16.5829],[79.394,16.5806],[79.4175,16.58],[79.4207,16.5815],[79.4284,16.5866],[79.4337,16.5921],[79.4359,16.603],[79.4399,16.6137],[79.4463,16.6195],[79.4577,16.6233],[79.4642,16.6233],[79.4727,16.6222],[79.4811,16.6227],[79.4867,16.6252],[79.4932,16.6326],[79.4955,16.6342],[79.5031,16.6366],[79.5121,16.6358],[79.5227,16.6323],[79.5253,16.6314],[79.5379,16.6317],[79.5443,16.6339],[79.5618,16.644],[79.5744,16.6492],[79.5844,16.6593],[79.589,16.6669],[79.5916,16.6698],[79.5968,16.6729],[79.5995,16.6735],[79.6049,16.6721],[79.6189,16.6644],[79.6244,16.6624],[79.633,16.6607],[79.6372,16.6618],[79.6448,16.6681],[79.6496,16.6708],[79.6579,16.6829],[79.663,16.6876],[79.6717,16.6902],[79.6806,16.6944],[79.6842,16.6949],[79.6903,16.6933],[79.7005,16.6916],[79.7072,16.6915],[79.712,16.69],[79.721,16.6904],[79.7256,16.6924],[79.7298,16.6971],[79.7326,16.7021],[79.7379,16.7091],[79.7418,16.7169],[79.7464,16.7206],[79.7653,16.7276],[79.772,16.7307],[79.7761,16.7315],[79.786,16.7305],[79.789,16.7287],[79.7933,16.724],[79.797,16.7138],[79.8118,16.6951],[79.8171,16.6921],[79.8214,16.6919],[79.8291,16.6946],[79.8362,16.6983],[79.8478,16.7052],[79.8522,16.706],[79.8582,16.705],[79.8774,16.6976],[79.8832,16.6911],[79.8865,16.6843],[79.8872,16.6771],[79.8882,16.6744],[79.8896,16.6598],[79.8921,16.6528],[79.8952,16.6478],[79.9018,16.6415],[79.9074,16.6354],[79.9117,16.6334],[79.9141,16.6327],[79.9314,16.6313],[79.9352,16.6318],[79.9493,16.6355],[79.9532,16.6386],[79.9588,16.6409],[79.9647,16.6447],[79.9733,16.6571],[79.9781,16.6628],[79.988,16.6822],[79.9954,16.6992],[79.9977,16.7022],[80.0046,16.7079],[80.0085,16.7095],[80.0143,16.7093],[80.0243,16.7112],[80.0317,16.7158],[80.034,16.7234],[80.0384,16.7305],[80.0458,16.7368],[80.0493,16.7388],[80.0538,16.7433],[80.0556,16.7484],[80.0555,16.7532],[80.054,16.7629],[80.0549,16.768],[80.0639,16.7819],[80.0669,16.788],[80.0694,16.7965],[80.0701,16.8029],[80.0698,16.8097],[80.0727,16.8182],[80.0791,16.8189],[80.0896,16.8212],[80.0985,16.8223],[80.103,16.8236],[80.1116,16.824],[80.1172,16.8207],[80.1198,16.8161],[80.1254,16.8091],[80.129,16.8013],[80.1307,16.7954],[80.1315,16.7889],[80.1313,16.783],[80.1315,16.7777],[80.1336,16.7703],[80.1338,16.7636],[80.1351,16.7591],[80.1386,16.7522],[80.1437,16.7346],[80.1442,16.7264],[80.1434,16.7207],[80.1404,16.7121],[80.1407,16.7052],[80.1451,16.6982],[80.1482,16.6892],[80.1482,16.6869],[80.1407,16.6782],[80.1366,16.6688],[80.1363,16.6571],[80.1385,16.6522],[80.1425,16.6492],[80.1562,16.6437],[80.1624,16.6417],[80.1658,16.6415],[80.1802,16.6427],[80.1879,16.6376],[80.1977,16.6337],[80.2077,16.6275],[80.2195,16.6218],[80.2269,16.6191],[80.2418,16.615],[80.2506,16.6115],[80.2539,16.611],[80.268,16.612],[80.2802,16.6121],[80.3001,16.6108],[80.3189,16.6099],[80.3309,16.6117],[80.3426,16.6053],[80.3647,16.593],[80.3673,16.5876],[80.3811,16.5864],[80.4092,16.5845]]]},"properties":{"district":"Palnadu","st_nm":"Andhra Pradesh"}},{"type":"Feature","geometry":{"type":"Polygon","coordinates":[[[80.4273,16.5879],[80.4552,16.5903],[80.466,16.591],[80.4981,16.5798],[80.5289,16.5627],[80.5397,16.552],[80.5544,16.5417],[80.5549,16.5331],[80.5732,16.5234],[80.5834,16.518],[80.5845,16.5199],[80.5889,16.5171],[80.5915,16.5154],[80.5908,16.5127],[80.6052,16.5064],[80.6166,16.5019],[80.6233,16.4973],[80.6319,16.4929],[80.6426,16.4866],[80.6526,16.48],[80.6642,16.4726],[80.6696,16.4664],[80.6698,16.4644],[80.6636,16.4546],[80.6629,16.4493],[80.6651,16.445],[80.6659,16.4406],[80.6745,16.4423],[80.6741,16.425],[80.6755,16.4233],[80.6867,16.4147],[80.7073,16.3997],[80.7248,16.3814],[80.7253,16.3808],[80.7266,16.3786],[80.7353,16.3595],[80.7377,16.3532],[80.7403,16.3428],[80.7478,16.3303],[80.7521,16.3266],[80.7605,16.3163],[80.7672,16.3096],[80.7741,16.3041],[80.7753,16.2998],[80.7785,16.2943],[80.7865,16.2868],[80.7897,16.2852],[80.7977,16.2831],[80.798,16.2762],[80.8011,16.2639],[80.8039,16.2543],[80.803,16.2422],[80.8,16.2416],[80.7919,16.242],[80.7824,16.2453],[80.7792,16.2471],[80.7779,16.2502],[80.7817,16.2565],[80.7784,16.2566],[80.7749,16.25],[80.7586,16.2548],[80.7561,16.247],[80.75,16.2482],[80.7488,16.2423],[80.7527,16.2424],[80.7484,16.2316],[80.7454,16.2331],[80.7372,16.2351],[80.7354,16.2427],[80.7264,16.246],[80.7253,16.2437],[80.7196,16.2449],[80.7166,16.234],[80.7144,16.2312],[80.7021,16.2308],[80.7002,16.2285],[80.6921,16.2285],[80.6902,16.212],[80.6858,16.1999],[80.6781,16.199],[80.6729,16.1941],[80.6716,16.1946],[80.6596,16.1945],[80.6582,16.196],[80.6494,16.1948],[80.647,16.1983],[80.6461,16.2026],[80.6439,16.2055],[80.6431,16.2143],[80.6338,16.214],[80.6207,16.2201],[80.6233,16.2248],[80.621,16.2263],[80.6184,16.2229],[80.6153,16.2219],[80.6082,16.2233],[80.6068,16.2284],[80.6052,16.2302],[80.6053,16.2347],[80.6037,16.2357],[80.5968,16.2358],[80.5916,16.2371],[80.5898,16.2331],[80.5882,16.2266],[80.5828,16.2293],[80.5814,16.2252],[80.5758,16.2131],[80.5733,16.2099],[80.5711,16.2041],[80.5611,16.2046],[80.5569,16.2031],[80.5564,16.1989],[80.5578,16.1894],[80.5619,16.1836],[80.5632,16.1756],[80.5535,16.1788],[80.5493,16.1745],[80.5491,16.1727],[80.5437,16.1649],[80.5525,16.1636],[80.55,16.1492],[80.5428,16.1417],[80.545,16.1363],[80.5531,16.1337],[80.5568,16.1425],[80.5621,16.1519],[80.5718,16.1507],[80.5696,16.143],[80.5708,16.1393],[80.5696,16.131],[80.5694,16.1216],[80.5799,16.1168],[80.5804,16.1126],[80.5859,16.1079],[80.5886,16.1041],[80.5962,16.1024],[80.5917,16.0756],[80.5919,16.0654],[80.5906,16.0608],[80.5918,16.0545],[80.596,16.0529],[80.5984,16.0482],[80.5919,16.0471],[80.5877,16.0453],[80.5828,16.0408],[80.5871,16.0345],[80.5807,16.0247],[80.5753,16.0278],[80.5739,16.0264],[80.5626,16.0316],[80.5614,16.0271],[80.5607,16.0135],[80.5557,16.0122],[80.5492,16.0132],[80.5465,16.0064],[80.5384,16.0105],[80.5353,15.9967],[80.5247,16.0002],[80.5287,16.0078],[80.5291,16.0146],[80.5221,16.0142],[80.518,16.0103],[80.512,16.0032],[80.5054,16.0029],[80.5023,15.9993],[80.4973,15.9967],[80.4937,15.9979],[80.4996,16.0055],[80.4919,16.0092],[80.4833,16.0112],[80.4791,16.0084],[80.4683,16.0093],[80.4639,16.0108],[80.4586,16.011],[80.4551,16.0039],[80.4523,16.0038],[80.4526,16],[80.4558,15.9934],[80.4537,15.9933],[80.4522,15.9885],[80.4515,15.9816],[80.4467,15.9828],[80.4384,15.9836],[80.4338,15.9834],[80.4257,15.9809],[80.4243,15.9903],[80.4252,15.9998],[80.4097,16.0011],[80.3913,16.007],[80.3862,16.0113],[80.3808,16.0113],[80.3713,16.013],[80.3715,16.0158],[80.3657,16.0169],[80.366,16.0193],[80.3589,16.0213],[80.3586,16.027],[80.345,16.029],[80.343,16.0238],[80.3396,16.0214],[80.3369,16.0213],[80.3355,16.0151],[80.3251,16.0186],[80.3277,16.0256],[80.3183,16.0296],[80.3136,16.0291],[80.3156,16.0378],[80.3183,16.0447],[80.3108,16.0471],[80.3103,16.0502],[80.3061,16.054],[80.3018,16.0555],[80.3004,16.0516],[80.2935,16.0535],[80.2924,16.0508],[80.284,16.0493],[80.2664,16.0515],[80.2624,16.0534],[80.2612,16.046],[80.2455,16.0522],[80.24,16.0526],[80.2371,16.0373],[80.2297,16.0379],[80.231,16.0474],[80.2297,16.059],[80.2321,16.0622],[80.2297,16.0657],[80.2282,16.0707],[80.2283,16.0741],[80.2308,16.0826],[80.2261,16.0866],[80.2269,16.088],[80.2357,16.084],[80.237,16.0866],[80.2436,16.0882],[80.2446,16.0906],[80.2492,16.0918],[80.2513,16.0954],[80.2558,16.0952],[80.2566,16.0978],[80.2621,16.0968],[80.2669,16.0971],[80.2732,16.0944],[80.2812,16.0926],[80.2846,16.0936],[80.2898,16.1034],[80.2844,16.1064],[80.2817,16.1114],[80.2741,16.1158],[80.2723,16.119],[80.2665,16.1235],[80.2689,16.1281],[80.2738,16.1289],[80.2761,16.133],[80.275,16.1361],[80.2782,16.1432],[80.2751,16.1443],[80.276,16.1487],[80.2737,16.1509],[80.2732,16.1556],[80.2759,16.1562],[80.2779,16.1609],[80.281,16.1607],[80.2825,16.1629],[80.2892,16.1623],[80.293,16.1666],[80.2945,16.1795],[80.2937,16.1813],[80.2965,16.1896],[80.287,16.1917],[80.2852,16.1961],[80.2808,16.199],[80.2746,16.1994],[80.2763,16.2065],[80.2801,16.2178],[80.2859,16.2177],[80.2892,16.2154],[80.3003,16.2291],[80.3062,16.2327],[80.31,16.2402],[80.3138,16.2443],[80.3158,16.2483],[80.3189,16.2465],[80.3236,16.2513],[80.3278,16.2629],[80.3301,16.2661],[80.3328,16.2658],[80.3395,16.2718],[80.3434,16.2785],[80.3466,16.2862],[80.3467,16.2954],[80.3512,16.2978],[80.3513,16.3025],[80.3486,16.3053],[80.3515,16.3092],[80.3502,16.3133],[80.3467,16.3146],[80.3428,16.3093],[80.3427,16.3032],[80.3412,16.3],[80.3382,16.3007],[80.3353,16.3061],[80.3397,16.3098],[80.3372,16.3135],[80.3343,16.3155],[80.3297,16.3155],[80.3278,16.3137],[80.326,16.309],[80.3222,16.3094],[80.3159,16.3028],[80.3119,16.2999],[80.3104,16.2938],[80.3138,16.293],[80.3104,16.2861],[80.3074,16.287],[80.3016,16.2852],[80.2945,16.2805],[80.2859,16.2697],[80.2815,16.2682],[80.2801,16.2661],[80.2716,16.2699],[80.2647,16.269],[80.2602,16.2698],[80.2527,16.2726],[80.2446,16.2738],[80.2431,16.2713],[80.2381,16.2667],[80.2427,16.2652],[80.2388,16.2586],[80.2308,16.2463],[80.2188,16.2496],[80.2181,16.2529],[80.2202,16.258],[80.1999,16.2623],[80.2002,16.2639],[80.1921,16.268],[80.1907,16.2767],[80.1767,16.2785],[80.1785,16.2739],[80.1783,16.2635],[80.171,16.2641],[80.1634,16.2703],[80.1553,16.2644],[80.1524,16.2586],[80.1438,16.2625],[80.1445,16.2647],[80.1354,16.2671],[80.1273,16.2703],[80.1264,16.2719],[80.1259,16.2769],[80.124,16.2831],[80.1224,16.2953],[80.1213,16.2995],[80.1247,16.3104],[80.1357,16.3053],[80.1405,16.3044],[80.1574,16.3035],[80.1584,16.3075],[80.1621,16.3122],[80.1577,16.3142],[80.158,16.3181],[80.1603,16.3262],[80.1749,16.3237],[80.1766,16.329],[80.1806,16.3512],[80.1803,16.3565],[80.1815,16.3589],[80.1856,16.3585],[80.1949,16.3561],[80.1962,16.3514],[80.1998,16.347],[80.1993,16.3457],[80.2052,16.3422],[80.2148,16.3395],[80.2171,16.3395],[80.2208,16.3435],[80.2206,16.3475],[80.2178,16.3503],[80.2259,16.355],[80.2277,16.3628],[80.231,16.3659],[80.2254,16.3697],[80.2302,16.3824],[80.2276,16.3867],[80.2246,16.3868],[80.2183,16.3892],[80.2199,16.3948],[80.2234,16.3943],[80.2263,16.4],[80.2256,16.401],[80.2316,16.4086],[80.2352,16.4112],[80.2378,16.4113],[80.2395,16.4159],[80.2534,16.4147],[80.2553,16.4151],[80.2697,16.41],[80.2748,16.4171],[80.2767,16.4215],[80.2806,16.4292],[80.2898,16.4292],[80.2948,16.4274],[80.3033,16.4257],[80.3078,16.4345],[80.3087,16.4543],[80.3129,16.4535],[80.3179,16.4632],[80.3238,16.4645],[80.3343,16.4629],[80.3381,16.4634],[80.34,16.4663],[80.3429,16.4625],[80.3477,16.4628],[80.3648,16.4595],[80.3674,16.4586],[80.3695,16.4652],[80.3737,16.4655],[80.3781,16.4643],[80.3789,16.4712],[80.3812,16.4783],[80.3927,16.4762],[80.3981,16.4812],[80.4114,16.4794],[80.4264,16.4766],[80.4293,16.48],[80.421,16.4842],[80.4183,16.4916],[80.4199,16.5054],[80.4175,16.5065],[80.4073,16.5077],[80.4079,16.5195],[80.4095,16.5253],[80.4067,16.5256],[80.4079,16.5318],[80.4096,16.532],[80.4169,16.5505],[80.4238,16.5502],[80.428,16.5586],[80.424,16.5629],[80.4261,16.5754],[80.4273,16.5879]]]},"properties":{"district":"Guntur","st_nm":"Andhra Pradesh"}},{"type":"Feature","geometry":{"type":"Polygon","coordinates":[[[80.8412,16.2156],[80.8377,16.2113],[80.8335,16.2033],[80.8284,16.1988],[80.8338,16.1885],[80.8401,16.1749],[80.84,16.1737],[80.8485,16.1627],[80.8532,16.1507],[80.8571,16.1466],[80.859,16.1385],[80.8615,16.1358],[80.8636,16.1271],[80.8562,16.115],[80.8544,16.1097],[80.8551,16.1039],[80.8677,16.1056],[80.8666,16.091],[80.8723,16.0895],[80.8755,16.08],[80.8738,16.0791],[80.8768,16.0676],[80.8807,16.0687],[80.8818,16.0631],[80.8804,16.0608],[80.8804,16.0544],[80.8768,16.0528],[80.8795,16.0456],[80.8832,16.0334],[80.8882,16.0194],[80.8895,16.0089],[80.8913,16.0004],[80.8902,15.9907],[80.8908,15.9764],[80.8924,15.9698],[80.89,15.9608],[80.8965,15.9654],[80.8962,15.9542],[80.8978,15.9536],[80.8966,15.9436],[80.8982,15.9421],[80.8984,15.9355],[80.8968,15.9335],[80.8946,15.9231],[80.9027,15.9172],[80.8987,15.8987],[80.897,15.8891],[80.8947,15.8816],[80.8895,15.8682],[80.8862,15.8564],[80.8806,15.8571],[80.8715,15.8439],[80.8649,15.8279],[80.8627,15.8254],[80.8617,15.8094],[80.8562,15.8072],[80.8528,15.7968],[80.8469,15.7829],[80.8433,15.7765],[80.8364,15.7567],[80.8325,15.7431],[80.8325,15.7384],[80.8343,15.7258],[80.8341,15.7108],[80.8274,15.7115],[80.82,15.7144],[80.8158,15.7202],[80.8101,15.725],[80.8078,15.7323],[80.8052,15.7341],[80.7964,15.7447],[80.7916,15.7537],[80.7902,15.7626],[80.7882,15.7661],[80.7834,15.7706],[80.7794,15.7762],[80.7784,15.7813],[80.7792,15.7932],[80.7829,15.8004],[80.7837,15.794],[80.7827,15.79],[80.7884,15.786],[80.7878,15.7803],[80.7887,15.7733],[80.7923,15.7683],[80.7918,15.7609],[80.7945,15.7589],[80.7978,15.7526],[80.8003,15.7531],[80.801,15.7478],[80.8032,15.744],[80.812,15.7503],[80.8119,15.7599],[80.8104,15.7657],[80.8057,15.7743],[80.8037,15.7816],[80.8038,15.7852],[80.7985,15.7962],[80.7964,15.8028],[80.7943,15.8151],[80.7993,15.8177],[80.8063,15.8152],[80.8094,15.816],[80.8123,15.8296],[80.8119,15.8324],[80.8092,15.8377],[80.8061,15.8416],[80.7987,15.8493],[80.7938,15.8529],[80.789,15.858],[80.7871,15.8558],[80.7884,15.8482],[80.791,15.8425],[80.7895,15.8399],[80.7908,15.836],[80.7889,15.8337],[80.7922,15.8307],[80.7915,15.8281],[80.7877,15.8307],[80.7861,15.8339],[80.787,15.8377],[80.7828,15.8413],[80.7797,15.8457],[80.7773,15.8531],[80.7735,15.8569],[80.7588,15.8647],[80.7517,15.8708],[80.7403,15.8746],[80.7225,15.8784],[80.7031,15.8803],[80.6972,15.8805],[80.6899,15.8794],[80.6763,15.8794],[80.6553,15.8787],[80.6451,15.8776],[80.6374,15.8752],[80.6117,15.8713],[80.5922,15.8671],[80.5685,15.8605],[80.5475,15.8529],[80.5338,15.8483],[80.5137,15.8415],[80.49,15.8324],[80.4807,15.8285],[80.463,15.8205],[80.4416,15.81],[80.4176,15.7968],[80.4061,15.7905],[80.3771,15.7728],[80.3684,15.7669],[80.3497,15.7534],[80.3318,15.7382],[80.3182,15.7257],[80.3092,15.7167],[80.2955,15.702],[80.2822,15.686],[80.2797,15.6809],[80.2656,15.6573],[80.257,15.6434],[80.2496,15.6295],[80.2446,15.6189],[80.242,15.6109],[80.237,15.6115],[80.2193,15.6148],[80.213,15.6155],[80.1979,15.6183],[80.1807,15.6201],[80.1762,15.6212],[80.1746,15.624],[80.1748,15.6312],[80.1795,15.6367],[80.1768,15.6405],[80.1754,15.6461],[80.1722,15.6469],[80.1718,15.6527],[80.1762,15.6664],[80.1778,15.6772],[80.1807,15.6875],[80.1866,15.6863],[80.1924,15.6939],[80.195,15.701],[80.193,15.7075],[80.1884,15.7097],[80.191,15.7146],[80.1943,15.7183],[80.1982,15.7259],[80.1966,15.7268],[80.2005,15.7332],[80.2029,15.7332],[80.2066,15.7381],[80.2095,15.7448],[80.2114,15.752],[80.2074,15.7543],[80.2048,15.7601],[80.2063,15.7641],[80.1973,15.7688],[80.1914,15.7639],[80.1875,15.7588],[80.1906,15.7551],[80.1879,15.7476],[80.1858,15.7367],[80.1831,15.7374],[80.1775,15.733],[80.1723,15.7243],[80.1656,15.7264],[80.1643,15.7199],[80.1514,15.6989],[80.1493,15.6976],[80.1451,15.6978],[80.1408,15.6993],[80.1378,15.6907],[80.132,15.6931],[80.1259,15.7005],[80.1193,15.7009],[80.1122,15.7005],[80.1112,15.6963],[80.1122,15.6895],[80.1194,15.6854],[80.1284,15.6826],[80.1234,15.6694],[80.1156,15.6698],[80.1111,15.6723],[80.0976,15.6757],[80.1003,15.6812],[80.0923,15.6831],[80.0876,15.6871],[80.0801,15.6857],[80.0744,15.6855],[80.0723,15.6827],[80.0692,15.6822],[80.0667,15.6928],[80.0633,15.6961],[80.057,15.6956],[80.0517,15.6987],[80.0491,15.7028],[80.036,15.7091],[80.034,15.7048],[80.0243,15.6907],[80.0253,15.688],[80.0238,15.6846],[80.019,15.6865],[80.0193,15.6913],[80.0069,15.6939],[79.9967,15.6973],[79.9893,15.7009],[79.9823,15.7],[79.9794,15.7009],[79.9746,15.7049],[79.974,15.709],[79.9713,15.7151],[79.9683,15.7144],[79.9655,15.7085],[79.9608,15.7101],[79.956,15.7091],[79.953,15.7049],[79.9513,15.6994],[79.9476,15.6992],[79.9424,15.7012],[79.9394,15.687],[79.9342,15.6886],[79.9285,15.6916],[79.9219,15.6937],[79.9116,15.7016],[79.9025,15.7002],[79.8997,15.7005],[79.895,15.7063],[79.8921,15.7083],[79.8915,15.7142],[79.895,15.7172],[79.9002,15.7172],[79.9032,15.7212],[79.9054,15.7217],[79.9077,15.7335],[79.9165,15.736],[79.9205,15.7468],[79.9188,15.752],[79.908,15.7628],[79.9098,15.768],[79.9123,15.7778],[79.9163,15.7844],[79.918,15.7931],[79.9171,15.8056],[79.9177,15.8122],[79.9166,15.8145],[79.9185,15.823],[79.9208,15.8294],[79.9293,15.8275],[79.9354,15.8295],[79.9444,15.8316],[79.9425,15.8393],[79.9439,15.8443],[79.9481,15.8516],[79.945,15.8529],[79.9371,15.8541],[79.9279,15.8586],[79.9208,15.8656],[79.9058,15.8714],[79.9096,15.8784],[79.8994,15.8878],[79.8947,15.8885],[79.8943,15.8937],[79.8916,15.9005],[79.8947,15.9033],[79.8921,15.9083],[79.8862,15.9122],[79.8832,15.9179],[79.8805,15.9185],[79.8777,15.9251],[79.8762,15.9356],[79.8805,15.9376],[79.8811,15.9405],[79.886,15.9419],[79.894,15.9393],[79.8965,15.947],[79.9002,15.9453],[79.9031,15.9425],[79.9087,15.9555],[79.9084,15.9603],[79.9117,15.9675],[79.908,15.9679],[79.8981,15.9716],[79.8997,15.9766],[79.9034,15.9834],[79.8911,15.9872],[79.8904,15.9913],[79.891,15.9954],[79.8793,15.9998],[79.874,15.9991],[79.865,15.9964],[79.8645,16.005],[79.8664,16.022],[79.8675,16.0225],[79.8696,16.0306],[79.8729,16.0297],[79.8751,16.0347],[79.8785,16.0347],[79.8801,16.0393],[79.9015,16.0422],[79.9065,16.0439],[79.9088,16.0459],[79.9168,16.0473],[79.9194,16.0524],[79.9202,16.0634],[79.9188,16.0667],[79.9192,16.07],[79.9146,16.0719],[79.9155,16.0751],[79.9022,16.0777],[79.8952,16.0774],[79.8956,16.0835],[79.8949,16.0875],[79.8902,16.0867],[79.8898,16.0851],[79.8833,16.0861],[79.8837,16.0877],[79.8814,16.0926],[79.8742,16.0953],[79.8682,16.0965],[79.8737,16.1122],[79.8689,16.1119],[79.8697,16.1182],[79.8749,16.1289],[79.8664,16.1325],[79.8659,16.1352],[79.868,16.1408],[79.8758,16.1503],[79.8784,16.1547],[79.889,16.1524],[79.891,16.1513],[79.9016,16.1491],[79.9127,16.1439],[79.9204,16.1392],[79.9278,16.1318],[79.9327,16.1322],[79.9368,16.1389],[79.9423,16.14],[79.9448,16.1391],[79.9487,16.1436],[79.9537,16.1516],[79.9522,16.1536],[79.9521,16.1611],[79.9542,16.1632],[79.9666,16.1562],[79.9721,16.1544],[79.9762,16.1504],[79.974,16.1458],[79.9868,16.1409],[79.9925,16.1418],[80.0006,16.1402],[79.9988,16.1364],[80.0062,16.134],[80.0072,16.1301],[80.0114,16.126],[80.0101,16.1194],[80.0125,16.117],[80.0151,16.1171],[80.0207,16.1148],[80.0317,16.1178],[80.0334,16.123],[80.041,16.1274],[80.0435,16.1302],[80.0491,16.129],[80.0502,16.131],[80.0518,16.1291],[80.0502,16.1241],[80.0514,16.1198],[80.0448,16.1017],[80.0413,16.096],[80.0404,16.0927],[80.0472,16.0855],[80.0612,16.0894],[80.0663,16.0944],[80.0682,16.095],[80.074,16.0923],[80.0707,16.0793],[80.0732,16.0688],[80.0793,16.0656],[80.0823,16.063],[80.0797,16.0563],[80.0826,16.0553],[80.0844,16.0518],[80.0837,16.048],[80.0849,16.0444],[80.0846,16.0399],[80.0878,16.0292],[80.0861,16.0209],[80.0907,16.0135],[80.0974,16.0113],[80.1002,16.0116],[80.1051,16.0154],[80.1085,16.0155],[80.1208,16.0207],[80.1249,16.0192],[80.1351,16.0174],[80.1328,16.02],[80.1342,16.0225],[80.1342,16.0292],[80.1354,16.0403],[80.1372,16.0457],[80.1442,16.0455],[80.1489,16.0463],[80.1549,16.0459],[80.1544,16.0417],[80.1579,16.0413],[80.1703,16.0365],[80.1822,16.0346],[80.1814,16.0267],[80.1877,16.0259],[80.1897,16.0386],[80.1945,16.0386],[80.2194,16.0333],[80.2297,16.0322],[80.2297,16.0379],[80.2371,16.0373],[80.24,16.0526],[80.2455,16.0522],[80.2612,16.046],[80.2624,16.0534],[80.2664,16.0515],[80.284,16.0493],[80.2924,16.0508],[80.2935,16.0535],[80.3004,16.0516],[80.3018,16.0555],[80.3061,16.054],[80.3103,16.0502],[80.3108,16.0471],[80.3183,16.0447],[80.3156,16.0378],[80.3136,16.0291],[80.3183,16.0296],[80.3277,16.0256],[80.3251,16.0186],[80.3355,16.0151],[80.3369,16.0213],[80.3396,16.0214],[80.343,16.0238],[80.345,16.029],[80.3586,16.027],[80.3589,16.0213],[80.366,16.0193],[80.3657,16.0169],[80.3715,16.0158],[80.3713,16.013],[80.3808,16.0113],[80.3862,16.0113],[80.3913,16.007],[80.4097,16.0011],[80.4252,15.9998],[80.4243,15.9903],[80.4257,15.9809],[80.4338,15.9834],[80.4384,15.9836],[80.4467,15.9828],[80.4515,15.9816],[80.4522,15.9885],[80.4537,15.9933],[80.4558,15.9934],[80.4526,16],[80.4523,16.0038],[80.4551,16.0039],[80.4586,16.011],[80.4639,16.0108],[80.4683,16.0093],[80.4791,16.0084],[80.4833,16.0112],[80.4919,16.0092],[80.4996,16.0055],[80.4937,15.9979],[80.4973,15.9967],[80.5023,15.9993],[80.5054,16.0029],[80.512,16.0032],[80.518,16.0103],[80.5221,16.0142],[80.5291,16.0146],[80.5287,16.0078],[80.5247,16.0002],[80.5353,15.9967],[80.5384,16.0105],[80.5465,16.0064],[80.5492,16.0132],[80.5557,16.0122],[80.5607,16.0135],[80.5614,16.0271],[80.5626,16.0316],[80.5739,16.0264],[80.5753,16.0278],[80.5807,16.0247],[80.5871,16.0345],[80.5828,16.0408],[80.5877,16.0453],[80.5919,16.0471],[80.5984,16.0482],[80.596,16.0529],[80.5918,16.0545],[80.5906,16.0608],[80.5919,16.0654],[80.5917,16.0756],[80.5962,16.1024],[80.5886,16.1041],[80.5859,16.1079],[80.5804,16.1126],[80.5799,16.1168],[80.5694,16.1216],[80.5696,16.131],[80.5708,16.1393],[80.5696,16.143],[80.5718,16.1507],[80.5621,16.1519],[80.5568,16.1425],[80.5531,16.1337],[80.545,16.1363],[80.5428,16.1417],[80.55,16.1492],[80.5525,16.1636],[80.5437,16.1649],[80.5491,16.1727],[80.5493,16.1745],[80.5535,16.1788],[80.5632,16.1756],[80.5619,16.1836],[80.5578,16.1894],[80.5564,16.1989],[80.5569,16.2031],[80.5611,16.2046],[80.5711,16.2041],[80.5733,16.2099],[80.5758,16.2131],[80.5814,16.2252],[80.5828,16.2293],[80.5882,16.2266],[80.5898,16.2331],[80.5916,16.2371],[80.5968,16.2358],[80.6037,16.2357],[80.6053,16.2347],[80.6052,16.2302],[80.6068,16.2284],[80.6082,16.2233],[80.6153,16.2219],[80.6184,16.2229],[80.621,16.2263],[80.6233,16.2248],[80.6207,16.2201],[80.6338,16.214],[80.6431,16.2143],[80.6439,16.2055],[80.6461,16.2026],[80.647,16.1983],[80.6494,16.1948],[80.6582,16.196],[80.6596,16.1945],[80.6716,16.1946],[80.6729,16.1941],[80.6781,16.199],[80.6858,16.1999],[80.6902,16.212],[80.6921,16.2285],[80.7002,16.2285],[80.7021,16.2308],[80.7144,16.2312],[80.7166,16.234],[80.7196,16.2449],[80.7253,16.2437],[80.7264,16.246],[80.7354,16.2427],[80.7372,16.2351],[80.7454,16.2331],[80.7484,16.2316],[80.7527,16.2424],[80.7488,16.2423],[80.75,16.2482],[80.7561,16.247],[80.7586,16.2548],[80.7749,16.25],[80.7784,16.2566],[80.7817,16.2565],[80.7779,16.2502],[80.7792,16.2471],[80.7824,16.2453],[80.7919,16.242],[80.8,16.2416],[80.803,16.2422],[80.805,16.2398],[80.8151,16.2417],[80.8175,16.241],[80.8177,16.2343],[80.8208,16.2207],[80.8206,16.2179],[80.8412,16.2156]],[[80.2715,15.7706],[80.2677,15.7677],[80.2589,15.7581],[80.2574,15.7553],[80.2452,15.7621],[80.237,15.7673],[80.2292,15.7744],[80.2221,15.7793],[80.2215,15.7818],[80.2253,15.7922],[80.224,15.804],[80.2249,15.8068],[80.2338,15.8031],[80.2435,15.7999],[80.2476,15.7978],[80.2522,15.7931],[80.2579,15.7887],[80.265,15.7854],[80.2733,15.7788],[80.2696,15.7729],[80.2715,15.7706]]]},"properties":{"district":"Bapatla","st_nm":"Andhra Pradesh"}},{"type":"Feature","geometry":{"type":"Polygon","coordinates":[[[79.5417,16.2962],[79.55,16.2846],[79.5573,16.2805],[79.5636,16.2795],[79.566,16.2775],[79.5619,16.2683],[79.5603,16.262],[79.5606,16.2489],[79.559,16.2425],[79.5626,16.237],[79.5612,16.2326],[79.5631,16.2271],[79.5618,16.2227],[79.5582,16.2196],[79.5563,16.2143],[79.5604,16.2047],[79.5603,16.2007],[79.5588,16.1943],[79.5557,16.1884],[79.5522,16.1843],[79.5519,16.1794],[79.5467,16.1733],[79.5424,16.1734],[79.5381,16.1709],[79.5361,16.1641],[79.537,16.1603],[79.5396,16.1588],[79.5405,16.1559],[79.5395,16.1474],[79.5367,16.1417],[79.5385,16.1372],[79.5379,16.1335],[79.5436,16.1239],[79.5445,16.1202],[79.5475,16.1198],[79.5522,16.1132],[79.5524,16.1088],[79.5539,16.1037],[79.5559,16.1008],[79.5532,16.0987],[79.5538,16.0895],[79.553,16.086],[79.5461,16.0745],[79.5476,16.0666],[79.5501,16.0596],[79.5527,16.0558],[79.5526,16.0523],[79.554,16.0484],[79.5575,16.0441],[79.5634,16.0339],[79.5611,16.029],[79.5671,16.0177],[79.5628,16.0123],[79.5659,16.009],[79.5686,16.0085],[79.5723,16.0044],[79.571,15.9966],[79.5675,15.9857],[79.5682,15.9832],[79.5654,15.9788],[79.5609,15.969],[79.5596,15.9639],[79.5614,15.9552],[79.5589,15.9485],[79.572,15.9373],[79.5903,15.9408],[79.6005,15.9379],[79.6038,15.9381],[79.6111,15.934],[79.6145,15.9333],[79.615,15.9297],[79.6118,15.9224],[79.6149,15.9215],[79.6228,15.9167],[79.6286,15.9117],[79.6327,15.9102],[79.6355,15.9071],[79.6432,15.9113],[79.6494,15.9136],[79.6555,15.921],[79.658,15.9183],[79.6628,15.9176],[79.6709,15.91],[79.6705,15.9074],[79.6763,15.9037],[79.6819,15.9039],[79.6826,15.9012],[79.6871,15.8982],[79.6888,15.9001],[79.6933,15.8982],[79.6951,15.8945],[79.6915,15.8872],[79.69,15.8826],[79.689,15.876],[79.6941,15.8762],[79.7024,15.8734],[79.7145,15.8673],[79.7159,15.8636],[79.7197,15.859],[79.717,15.8455],[79.7117,15.8371],[79.7189,15.8355],[79.7276,15.8361],[79.7332,15.8351],[79.7389,15.8271],[79.7432,15.8257],[79.7507,15.8258],[79.7637,15.8234],[79.7666,15.8267],[79.771,15.8252],[79.7706,15.8311],[79.773,15.842],[79.7642,15.8454],[79.7537,15.8474],[79.7531,15.8537],[79.7518,15.8563],[79.7471,15.8592],[79.753,15.8701],[79.7553,15.8835],[79.754,15.8893],[79.7557,15.8959],[79.755,15.8996],[79.762,15.8998],[79.7635,15.9032],[79.7691,15.9077],[79.7752,15.9073],[79.7836,15.9154],[79.7863,15.919],[79.7895,15.9369],[79.7915,15.9415],[79.7998,15.9392],[79.816,15.9369],[79.8344,15.9321],[79.8382,15.9317],[79.8489,15.9288],[79.8468,15.9229],[79.8565,15.9206],[79.8639,15.9176],[79.8697,15.9169],[79.8741,15.9207],[79.8777,15.9251],[79.8805,15.9185],[79.8832,15.9179],[79.8862,15.9122],[79.8921,15.9083],[79.8947,15.9033],[79.8916,15.9005],[79.8943,15.8937],[79.8947,15.8885],[79.8994,15.8878],[79.9096,15.8784],[79.9058,15.8714],[79.9208,15.8656],[79.9279,15.8586],[79.9371,15.8541],[79.945,15.8529],[79.9481,15.8516],[79.9439,15.8443],[79.9425,15.8393],[79.9444,15.8316],[79.9354,15.8295],[79.9293,15.8275],[79.9208,15.8294],[79.9185,15.823],[79.9166,15.8145],[79.9177,15.8122],[79.9171,15.8056],[79.918,15.7931],[79.9163,15.7844],[79.9123,15.7778],[79.9098,15.768],[79.908,15.7628],[79.9188,15.752],[79.9205,15.7468],[79.9165,15.736],[79.9077,15.7335],[79.9054,15.7217],[79.9032,15.7212],[79.9002,15.7172],[79.895,15.7172],[79.8915,15.7142],[79.8921,15.7083],[79.895,15.7063],[79.8997,15.7005],[79.8952,15.6944],[79.89,15.6854],[79.8809,15.6794],[79.8759,15.678],[79.8696,15.6782],[79.8633,15.6712],[79.8591,15.6708],[79.8551,15.6621],[79.8516,15.6623],[79.8473,15.6651],[79.8409,15.6654],[79.8395,15.6633],[79.8364,15.6656],[79.8308,15.6566],[79.8357,15.6538],[79.8365,15.6469],[79.8337,15.644],[79.8257,15.6453],[79.8232,15.6419],[79.8163,15.6459],[79.811,15.652],[79.8146,15.6608],[79.8169,15.6645],[79.8167,15.6683],[79.8149,15.6701],[79.8097,15.6681],[79.8062,15.6633],[79.8065,15.6575],[79.8058,15.6531],[79.8032,15.6497],[79.806,15.6439],[79.8052,15.6382],[79.8024,15.6351],[79.7918,15.6358],[79.7823,15.6403],[79.7783,15.6434],[79.7723,15.6452],[79.7668,15.6394],[79.7624,15.6277],[79.7634,15.6241],[79.7608,15.6182],[79.7559,15.6202],[79.7506,15.6099],[79.7482,15.6041],[79.7478,15.5922],[79.7534,15.5897],[79.7581,15.5893],[79.7623,15.5872],[79.7654,15.587],[79.7725,15.5805],[79.7748,15.5761],[79.7825,15.5692],[79.7866,15.5634],[79.7929,15.5591],[79.7947,15.5565],[79.7962,15.5491],[79.7954,15.5449],[79.7932,15.5399],[79.7965,15.5308],[79.787,15.5322],[79.777,15.5311],[79.7762,15.5405],[79.7744,15.5425],[79.7656,15.5452],[79.7645,15.5476],[79.7598,15.5488],[79.7512,15.5478],[79.747,15.5521],[79.7383,15.5592],[79.7315,15.5619],[79.7302,15.5637],[79.7259,15.5653],[79.715,15.565],[79.7134,15.567],[79.706,15.5691],[79.7032,15.571],[79.693,15.5754],[79.6975,15.5855],[79.6989,15.5913],[79.6903,15.5942],[79.6775,15.5965],[79.6725,15.5984],[79.6724,15.5937],[79.6698,15.5924],[79.6637,15.5932],[79.6641,15.5886],[79.6615,15.5812],[79.6595,15.5802],[79.6587,15.5743],[79.6525,15.5763],[79.6474,15.579],[79.64,15.579],[79.6306,15.5728],[79.6285,15.5741],[79.6243,15.5831],[79.6207,15.5835],[79.6164,15.5859],[79.6143,15.5914],[79.6106,15.5889],[79.608,15.5834],[79.6069,15.5786],[79.605,15.577],[79.6039,15.5728],[79.6019,15.5714],[79.5988,15.5661],[79.5986,15.5593],[79.6032,15.5577],[79.6045,15.5522],[79.6028,15.5491],[79.6005,15.5486],[79.5939,15.5437],[79.5937,15.5415],[79.5896,15.5405],[79.585,15.541],[79.5833,15.5362],[79.5792,15.5367],[79.5731,15.5404],[79.572,15.5441],[79.5735,15.547],[79.5709,15.5545],[79.5657,15.5498],[79.5644,15.5467],[79.5653,15.5393],[79.5689,15.537],[79.5681,15.5321],[79.5649,15.5321],[79.5627,15.5297],[79.5626,15.5229],[79.5658,15.519],[79.563,15.5164],[79.5609,15.51],[79.5621,15.5009],[79.5608,15.4982],[79.5638,15.4897],[79.5692,15.4926],[79.567,15.5007],[79.5647,15.5061],[79.5681,15.5062],[79.5725,15.5013],[79.5743,15.503],[79.5799,15.4972],[79.5851,15.4964],[79.5864,15.4984],[79.5911,15.4963],[79.5916,15.4888],[79.5928,15.4873],[79.5887,15.4818],[79.5792,15.4803],[79.5775,15.4778],[79.5779,15.4745],[79.5752,15.468],[79.5722,15.4634],[79.5751,15.4597],[79.5821,15.4568],[79.5787,15.4529],[79.5721,15.4481],[79.5711,15.4454],[79.5742,15.4413],[79.5806,15.4454],[79.5859,15.4451],[79.5919,15.4462],[79.5945,15.442],[79.5934,15.4336],[79.5874,15.4271],[79.5809,15.4153],[79.5763,15.4121],[79.5746,15.4097],[79.5703,15.3986],[79.5669,15.3944],[79.5755,15.3907],[79.5766,15.3861],[79.581,15.3896],[79.5845,15.3965],[79.5941,15.4056],[79.5969,15.4111],[79.6007,15.4131],[79.605,15.4122],[79.6062,15.4203],[79.6114,15.4224],[79.6163,15.4228],[79.6219,15.418],[79.6302,15.4118],[79.6358,15.4087],[79.6426,15.4067],[79.6472,15.4012],[79.6505,15.3992],[79.6566,15.4067],[79.6615,15.4152],[79.6637,15.4172],[79.6706,15.4163],[79.6755,15.4147],[79.6811,15.4067],[79.6814,15.4021],[79.6828,15.3977],[79.6849,15.3956],[79.6818,15.391],[79.6758,15.3855],[79.6766,15.374],[79.6668,15.3753],[79.6628,15.3768],[79.6591,15.3721],[79.6571,15.3667],[79.657,15.3605],[79.6582,15.3586],[79.6565,15.3545],[79.6547,15.3464],[79.6532,15.344],[79.6535,15.3372],[79.6561,15.3375],[79.6558,15.3328],[79.6568,15.3279],[79.6641,15.3276],[79.6677,15.326],[79.6664,15.3224],[79.6674,15.3173],[79.665,15.3111],[79.6658,15.2991],[79.6615,15.2873],[79.6612,15.2837],[79.6622,15.2755],[79.661,15.2651],[79.6504,15.2649],[79.6523,15.2552],[79.6536,15.2458],[79.6502,15.2351],[79.6435,15.222],[79.6418,15.2171],[79.6366,15.2103],[79.6314,15.2001],[79.6282,15.1888],[79.6253,15.1826],[79.6217,15.1727],[79.6225,15.1656],[79.629,15.1669],[79.6314,15.1687],[79.6338,15.1768],[79.6379,15.1771],[79.6457,15.1723],[79.6465,15.1683],[79.6465,15.1618],[79.6497,15.1542],[79.6478,15.15],[79.6455,15.1516],[79.643,15.1495],[79.6377,15.149],[79.6304,15.1516],[79.628,15.1515],[79.6237,15.1488],[79.6261,15.1415],[79.6274,15.1274],[79.6293,15.1182],[79.6285,15.1134],[79.63,15.1115],[79.633,15.1003],[79.6288,15.0957],[79.6283,15.0892],[79.6238,15.0801],[79.6196,15.0778],[79.6162,15.0711],[79.6124,15.0668],[79.6081,15.0584],[79.6095,15.0556],[79.6178,15.0537],[79.622,15.0506],[79.6253,15.0454],[79.6291,15.0437],[79.6281,15.0351],[79.622,15.034],[79.6174,15.0354],[79.6123,15.04],[79.6087,15.041],[79.6,15.039],[79.5913,15.0408],[79.5846,15.0398],[79.58,15.0367],[79.5794,15.0435],[79.5642,15.0438],[79.563,15.0327],[79.5589,15.0268],[79.5581,15.0223],[79.555,15.024],[79.5493,15.0235],[79.5433,15.0263],[79.5421,15.0289],[79.5361,15.0315],[79.5323,15.0363],[79.5292,15.0382],[79.5199,15.0378],[79.5179,15.0392],[79.5149,15.044],[79.5071,15.0461],[79.5045,15.0487],[79.5052,15.0539],[79.5017,15.0571],[79.4969,15.0558],[79.4882,15.0572],[79.4771,15.0572],[79.4739,15.061],[79.4734,15.064],[79.4677,15.0682],[79.4656,15.0676],[79.4622,15.0625],[79.4593,15.0622],[79.4561,15.0639],[79.4492,15.0627],[79.4387,15.056],[79.4336,15.0559],[79.4277,15.0573],[79.4225,15.0572],[79.4171,15.06],[79.4169,15.0632],[79.4202,15.0737],[79.4131,15.0756],[79.409,15.0755],[79.4044,15.0787],[79.3959,15.0756],[79.3909,15.0761],[79.3907,15.0855],[79.3933,15.0871],[79.3932,15.0911],[79.3911,15.092],[79.3892,15.0886],[79.3863,15.0862],[79.3678,15.0863],[79.3633,15.0937],[79.3612,15.0982],[79.3576,15.1019],[79.3569,15.1047],[79.358,15.1091],[79.36,15.1123],[79.3565,15.1136],[79.3521,15.1177],[79.3484,15.1157],[79.3512,15.1104],[79.349,15.1025],[79.3461,15.088],[79.3425,15.0866],[79.3371,15.0913],[79.3338,15.0908],[79.3282,15.0922],[79.3267,15.0978],[79.3284,15.1014],[79.3344,15.0981],[79.3359,15.1015],[79.3357,15.1057],[79.3377,15.1087],[79.3364,15.1123],[79.3382,15.1147],[79.3356,15.1178],[79.3332,15.1162],[79.3271,15.1164],[79.3273,15.1131],[79.3242,15.1118],[79.3219,15.1082],[79.3209,15.1042],[79.3187,15.1049],[79.3152,15.1011],[79.3148,15.0956],[79.3132,15.0927],[79.309,15.0915],[79.3091,15.095],[79.2921,15.0995],[79.2799,15.1011],[79.2712,15.1011],[79.2656,15.0982],[79.2654,15.1064],[79.2621,15.1078],[79.2536,15.1081],[79.247,15.1062],[79.2329,15.0981],[79.2144,15.0871],[79.1814,15.0889],[79.1727,15.0921],[79.1646,15.092],[79.1597,15.0934],[79.1524,15.0994],[79.1436,15.0999],[79.1367,15.1029],[79.1283,15.1019],[79.1298,15.0969],[79.1296,15.0884],[79.1218,15.0876],[79.1002,15.0863],[79.1006,15.0745],[79.0935,15.068],[79.0934,15.0619],[79.0942,15.056],[79.0895,15.0514],[79.088,15.0604],[79.0852,15.0716],[79.0831,15.0823],[79.0805,15.0883],[79.0802,15.0946],[79.0763,15.103],[79.0753,15.1161],[79.0729,15.1328],[79.0721,15.1482],[79.0736,15.1655],[79.079,15.1699],[79.0821,15.1736],[79.0755,15.1737],[79.0542,15.1758],[79.0409,15.1779],[79.0315,15.1784],[79.0244,15.1794],[79.0171,15.1795],[79.0114,15.1755],[79.0117,15.1695],[79.0094,15.1686],[79.0017,15.1695],[78.9995,15.167],[78.9918,15.1691],[78.9817,15.1651],[78.9725,15.1688],[78.9676,15.1739],[78.9577,15.1764],[78.9566,15.1868],[78.9547,15.1931],[78.9511,15.2006],[78.9478,15.2038],[78.9497,15.2095],[78.9479,15.2287],[78.9374,15.2295],[78.9273,15.2288],[78.9262,15.2193],[78.9237,15.2162],[78.9218,15.2073],[78.9224,15.2038],[78.9199,15.199],[78.9196,15.1875],[78.9061,15.1881],[78.9035,15.1919],[78.8922,15.1923],[78.886,15.1948],[78.8781,15.1949],[78.8718,15.1982],[78.864,15.1979],[78.8507,15.1984],[78.8091,15.1994],[78.7778,15.2004],[78.7591,15.1858],[78.7574,15.1855],[78.7504,15.1844],[78.7419,15.1837],[78.7366,15.2012],[78.7363,15.2314],[78.7365,15.2444],[78.7386,15.2518],[78.7394,15.2709],[78.7387,15.2817],[78.7389,15.3],[78.7386,15.3186],[78.7367,15.3264],[78.7405,15.3419],[78.7418,15.35],[78.7474,15.368],[78.7505,15.3735],[78.7613,15.3951],[78.7619,15.3973],[78.7708,15.4179],[78.7712,15.4241],[78.7695,15.4657],[78.7731,15.4969],[78.7728,15.5026],[78.776,15.5286],[78.7759,15.5378],[78.7736,15.5692],[78.7734,15.5752],[78.7693,15.6271],[78.7715,15.6643],[78.7729,15.6724],[78.7829,15.7256],[78.7881,15.7514],[78.7906,15.7597],[78.7958,15.7883],[78.8032,15.8301],[78.81,15.8672],[78.8176,15.8788],[78.8376,15.9081],[78.8482,15.9176],[78.8619,15.9307],[78.8792,15.9438],[78.8843,15.948],[78.9088,15.967],[78.9095,15.9684],[78.9129,15.9938],[78.9171,16.0199],[78.9216,16.0454],[78.9291,16.0931],[78.9279,16.0989],[78.9216,16.1229],[78.9244,16.1306],[78.9248,16.134],[78.9232,16.1398],[78.9153,16.1487],[78.9128,16.1591],[78.9099,16.1667],[78.905,16.1752],[78.904,16.1794],[78.9069,16.1852],[78.9121,16.1892],[78.9204,16.1935],[78.9309,16.1996],[78.9396,16.2023],[78.9441,16.2029],[78.9525,16.206],[78.9576,16.2085],[78.966,16.2111],[78.9698,16.2116],[78.9769,16.2107],[78.9857,16.2113],[78.9909,16.2154],[78.9994,16.2259],[79.0059,16.2368],[79.009,16.2406],[79.0131,16.2424],[79.0283,16.2433],[79.0437,16.2403],[79.0523,16.2394],[79.0604,16.2355],[79.0672,16.2299],[79.0714,16.2274],[79.0748,16.2278],[79.0823,16.231],[79.0857,16.2305],[79.0904,16.2273],[79.0993,16.2239],[79.104,16.2245],[79.1107,16.2306],[79.1176,16.2326],[79.1222,16.2327],[79.1276,16.2294],[79.1331,16.2246],[79.1391,16.2209],[79.147,16.2145],[79.1578,16.2104],[79.1615,16.21],[79.1698,16.2115],[79.1791,16.2139],[79.1828,16.2155],[79.1918,16.2176],[79.2005,16.2212],[79.21,16.2242],[79.2146,16.2277],[79.2162,16.2258],[79.2143,16.1846],[79.2206,16.164],[79.2459,16.1789],[79.2484,16.1807],[79.2576,16.1948],[79.2614,16.1963],[79.2841,16.2096],[79.2951,16.2157],[79.3245,16.2294],[79.3366,16.2298],[79.3699,16.2338],[79.3896,16.2514],[79.4464,16.3039],[79.4722,16.2916],[79.4789,16.2924],[79.4961,16.2915],[79.4995,16.2917],[79.5271,16.2985],[79.5354,16.307],[79.5417,16.2962]]]},"properties":{"district":"Markapuram","st_nm":"Andhra Pradesh"}},{"type":"Feature","geometry":{"type":"MultiPolygon","coordinates":[[[[79.7478,15.5922],[79.7482,15.6041],[79.7506,15.6099],[79.7559,15.6202],[79.7608,15.6182],[79.7634,15.6241],[79.7624,15.6277],[79.7668,15.6394],[79.7723,15.6452],[79.7783,15.6434],[79.7823,15.6403],[79.7918,15.6358],[79.8024,15.6351],[79.8052,15.6382],[79.806,15.6439],[79.8032,15.6497],[79.8058,15.6531],[79.8065,15.6575],[79.8062,15.6633],[79.8097,15.6681],[79.8149,15.6701],[79.8167,15.6683],[79.8169,15.6645],[79.8146,15.6608],[79.811,15.652],[79.8163,15.6459],[79.8232,15.6419],[79.8257,15.6453],[79.8337,15.644],[79.8365,15.6469],[79.8357,15.6538],[79.8308,15.6566],[79.8364,15.6656],[79.8395,15.6633],[79.8409,15.6654],[79.8473,15.6651],[79.8516,15.6623],[79.8551,15.6621],[79.8591,15.6708],[79.8633,15.6712],[79.8696,15.6782],[79.8759,15.678],[79.8809,15.6794],[79.89,15.6854],[79.8952,15.6944],[79.8997,15.7005],[79.9025,15.7002],[79.9116,15.7016],[79.9219,15.6937],[79.9285,15.6916],[79.9342,15.6886],[79.9394,15.687],[79.9424,15.7012],[79.9476,15.6992],[79.9513,15.6994],[79.953,15.7049],[79.956,15.7091],[79.9608,15.7101],[79.9655,15.7085],[79.9683,15.7144],[79.9713,15.7151],[79.974,15.709],[79.9746,15.7049],[79.9794,15.7009],[79.9823,15.7],[79.9893,15.7009],[79.9967,15.6973],[80.0069,15.6939],[80.0193,15.6913],[80.019,15.6865],[80.0238,15.6846],[80.0253,15.688],[80.0243,15.6907],[80.034,15.7048],[80.036,15.7091],[80.0491,15.7028],[80.0517,15.6987],[80.057,15.6956],[80.0633,15.6961],[80.0667,15.6928],[80.0692,15.6822],[80.0723,15.6827],[80.0744,15.6855],[80.0801,15.6857],[80.0876,15.6871],[80.0923,15.6831],[80.1003,15.6812],[80.0976,15.6757],[80.1111,15.6723],[80.1156,15.6698],[80.1234,15.6694],[80.1284,15.6826],[80.1194,15.6854],[80.1122,15.6895],[80.1112,15.6963],[80.1122,15.7005],[80.1193,15.7009],[80.1259,15.7005],[80.132,15.6931],[80.1378,15.6907],[80.1408,15.6993],[80.1451,15.6978],[80.1493,15.6976],[80.1514,15.6989],[80.1643,15.7199],[80.1656,15.7264],[80.1723,15.7243],[80.1775,15.733],[80.1831,15.7374],[80.1858,15.7367],[80.1879,15.7476],[80.1906,15.7551],[80.1875,15.7588],[80.1914,15.7639],[80.1973,15.7688],[80.2063,15.7641],[80.2048,15.7601],[80.2074,15.7543],[80.2114,15.752],[80.2095,15.7448],[80.2066,15.7381],[80.2029,15.7332],[80.2005,15.7332],[80.1966,15.7268],[80.1982,15.7259],[80.1943,15.7183],[80.191,15.7146],[80.1884,15.7097],[80.193,15.7075],[80.195,15.701],[80.1924,15.6939],[80.1866,15.6863],[80.1807,15.6875],[80.1778,15.6772],[80.1762,15.6664],[80.1718,15.6527],[80.1722,15.6469],[80.1754,15.6461],[80.1768,15.6405],[80.1795,15.6367],[80.1748,15.6312],[80.1746,15.624],[80.1762,15.6212],[80.1807,15.6201],[80.1979,15.6183],[80.213,15.6155],[80.2193,15.6148],[80.237,15.6115],[80.242,15.6109],[80.2374,15.5967],[80.2323,15.582],[80.2286,15.5645],[80.2294,15.5559],[80.231,15.5466],[80.2284,15.537],[80.2229,15.5276],[80.2175,15.516],[80.2139,15.5044],[80.2141,15.498],[80.2099,15.4881],[80.208,15.4803],[80.2038,15.4712],[80.2002,15.4645],[80.1866,15.4462],[80.1809,15.4395],[80.1668,15.4245],[80.1533,15.4091],[80.1396,15.3926],[80.128,15.3765],[80.1184,15.3616],[80.1119,15.35],[80.1094,15.3426],[80.108,15.338],[80.1068,15.3255],[80.1044,15.3187],[80.0939,15.2997],[80.0868,15.2798],[80.0838,15.2656],[80.0831,15.2574],[80.0834,15.2536],[80.0864,15.2405],[80.0876,15.227],[80.0876,15.218],[80.0838,15.2159],[80.08,15.2162],[80.0772,15.2139],[80.0738,15.213],[80.0694,15.2136],[80.0678,15.2033],[80.0691,15.2006],[80.0633,15.1997],[80.0582,15.2016],[80.0518,15.2085],[80.0401,15.2146],[80.0341,15.2153],[80.0181,15.2125],[80.0135,15.2153],[80.0114,15.2081],[80.0073,15.1997],[80.0033,15.199],[79.9987,15.2029],[79.9956,15.2021],[79.9914,15.1977],[79.9866,15.1955],[79.9819,15.1963],[79.9763,15.1985],[79.9776,15.2025],[79.9772,15.208],[79.974,15.2096],[79.9745,15.2145],[79.9709,15.2167],[79.9712,15.2198],[79.9746,15.2269],[79.9761,15.2373],[79.978,15.2386],[79.9759,15.2459],[79.9763,15.2505],[79.9791,15.2579],[79.9831,15.2661],[79.9839,15.2733],[79.9658,15.283],[79.96,15.2886],[79.9533,15.2924],[79.9528,15.2952],[79.9552,15.3028],[79.957,15.3126],[79.956,15.3162],[79.952,15.3159],[79.9471,15.3175],[79.9425,15.3164],[79.9388,15.3084],[79.9314,15.3],[79.9254,15.2993],[79.9177,15.3002],[79.9181,15.3108],[79.912,15.3204],[79.9129,15.3251],[79.9078,15.3298],[79.907,15.323],[79.9037,15.3158],[79.8974,15.309],[79.8936,15.3033],[79.8884,15.3041],[79.8859,15.3096],[79.8818,15.3138],[79.8778,15.3139],[79.8681,15.3096],[79.8647,15.3093],[79.867,15.3037],[79.8663,15.296],[79.8676,15.2948],[79.8679,15.2871],[79.8637,15.2882],[79.8653,15.2807],[79.8638,15.2766],[79.8574,15.2763],[79.8539,15.262],[79.8536,15.2589],[79.8501,15.2501],[79.845,15.2412],[79.8399,15.2217],[79.8396,15.2154],[79.8385,15.2108],[79.8324,15.2105],[79.8234,15.2124],[79.8166,15.2162],[79.8136,15.2168],[79.8137,15.2102],[79.8097,15.2073],[79.8032,15.2042],[79.7958,15.2037],[79.7878,15.2013],[79.7793,15.1969],[79.7773,15.1972],[79.7723,15.1952],[79.7613,15.1975],[79.7537,15.2005],[79.7484,15.2041],[79.7373,15.2084],[79.7191,15.2194],[79.7111,15.2253],[79.6894,15.2346],[79.6821,15.2406],[79.6806,15.2491],[79.6739,15.2479],[79.6679,15.246],[79.665,15.2464],[79.6536,15.2458],[79.6523,15.2552],[79.6504,15.2649],[79.661,15.2651],[79.6622,15.2755],[79.6612,15.2837],[79.6615,15.2873],[79.6658,15.2991],[79.665,15.3111],[79.6674,15.3173],[79.6664,15.3224],[79.6677,15.326],[79.6641,15.3276],[79.6568,15.3279],[79.6558,15.3328],[79.6561,15.3375],[79.6535,15.3372],[79.6532,15.344],[79.6547,15.3464],[79.6565,15.3545],[79.6582,15.3586],[79.657,15.3605],[79.6571,15.3667],[79.6591,15.3721],[79.6628,15.3768],[79.6668,15.3753],[79.6766,15.374],[79.6758,15.3855],[79.6818,15.391],[79.6849,15.3956],[79.6828,15.3977],[79.6814,15.4021],[79.6811,15.4067],[79.6755,15.4147],[79.6706,15.4163],[79.6637,15.4172],[79.6615,15.4152],[79.6566,15.4067],[79.6505,15.3992],[79.6472,15.4012],[79.6426,15.4067],[79.6358,15.4087],[79.6302,15.4118],[79.6219,15.418],[79.6163,15.4228],[79.6114,15.4224],[79.6062,15.4203],[79.605,15.4122],[79.6007,15.4131],[79.5969,15.4111],[79.5941,15.4056],[79.5845,15.3965],[79.581,15.3896],[79.5766,15.3861],[79.5755,15.3907],[79.5669,15.3944],[79.5703,15.3986],[79.5746,15.4097],[79.5763,15.4121],[79.5809,15.4153],[79.5874,15.4271],[79.5934,15.4336],[79.5945,15.442],[79.5919,15.4462],[79.5859,15.4451],[79.5806,15.4454],[79.5742,15.4413],[79.5711,15.4454],[79.5721,15.4481],[79.5787,15.4529],[79.5821,15.4568],[79.5751,15.4597],[79.5722,15.4634],[79.5752,15.468],[79.5779,15.4745],[79.5775,15.4778],[79.5792,15.4803],[79.5887,15.4818],[79.5928,15.4873],[79.5916,15.4888],[79.5911,15.4963],[79.5864,15.4984],[79.5851,15.4964],[79.5799,15.4972],[79.5743,15.503],[79.5725,15.5013],[79.5681,15.5062],[79.5647,15.5061],[79.567,15.5007],[79.5692,15.4926],[79.5638,15.4897],[79.5608,15.4982],[79.5621,15.5009],[79.5609,15.51],[79.563,15.5164],[79.5658,15.519],[79.5626,15.5229],[79.5627,15.5297],[79.5649,15.5321],[79.5681,15.5321],[79.5689,15.537],[79.5653,15.5393],[79.5644,15.5467],[79.5657,15.5498],[79.5709,15.5545],[79.5735,15.547],[79.572,15.5441],[79.5731,15.5404],[79.5792,15.5367],[79.5833,15.5362],[79.585,15.541],[79.5896,15.5405],[79.5937,15.5415],[79.5939,15.5437],[79.6005,15.5486],[79.6028,15.5491],[79.6045,15.5522],[79.6032,15.5577],[79.5986,15.5593],[79.5988,15.5661],[79.6019,15.5714],[79.6039,15.5728],[79.605,15.577],[79.6069,15.5786],[79.608,15.5834],[79.6106,15.5889],[79.6143,15.5914],[79.6164,15.5859],[79.6207,15.5835],[79.6243,15.5831],[79.6285,15.5741],[79.6306,15.5728],[79.64,15.579],[79.6474,15.579],[79.6525,15.5763],[79.6587,15.5743],[79.6595,15.5802],[79.6615,15.5812],[79.6641,15.5886],[79.6637,15.5932],[79.6698,15.5924],[79.6724,15.5937],[79.6725,15.5984],[79.6775,15.5965],[79.6903,15.5942],[79.6989,15.5913],[79.6975,15.5855],[79.693,15.5754],[79.7032,15.571],[79.706,15.5691],[79.7134,15.567],[79.715,15.565],[79.7259,15.5653],[79.7302,15.5637],[79.7315,15.5619],[79.7383,15.5592],[79.747,15.5521],[79.7512,15.5478],[79.7598,15.5488],[79.7645,15.5476],[79.7656,15.5452],[79.7744,15.5425],[79.7762,15.5405],[79.777,15.5311],[79.787,15.5322],[79.7965,15.5308],[79.7932,15.5399],[79.7954,15.5449],[79.7962,15.5491],[79.7947,15.5565],[79.7929,15.5591],[79.7866,15.5634],[79.7825,15.5692],[79.7748,15.5761],[79.7725,15.5805],[79.7654,15.587],[79.7623,15.5872],[79.7581,15.5893],[79.7534,15.5897],[79.7478,15.5922]]],[[[80.2574,15.7553],[80.2452,15.7621],[80.237,15.7673],[80.2292,15.7744],[80.2221,15.7793],[80.2215,15.7818],[80.2253,15.7922],[80.224,15.804],[80.2249,15.8068],[80.2338,15.8031],[80.2435,15.7999],[80.2476,15.7978],[80.2522,15.7931],[80.2579,15.7887],[80.265,15.7854],[80.2733,15.7788],[80.2696,15.7729],[80.2715,15.7706],[80.2677,15.7677],[80.2589,15.7581],[80.2574,15.7553]]],[[[79.8975,15.2793],[79.9067,15.2773],[79.9058,15.2748],[79.9003,15.2743],[79.8956,15.2729],[79.8955,15.2753],[79.8875,15.2777],[79.8834,15.2812],[79.8847,15.2846],[79.892,15.2824],[79.8975,15.2793]]]]},"properties":{"district":"Prakasam","st_nm":"Andhra Pradesh"}},{"type":"Feature","geometry":{"type":"Polygon","coordinates":[[[80.0876,15.218],[80.085,15.1958],[80.0858,15.1926],[80.0832,15.1859],[80.0781,15.179],[80.0741,15.1724],[80.0689,15.1617],[80.0654,15.153],[80.0532,15.1146],[80.0489,15.096],[80.048,15.0893],[80.0475,15.0781],[80.0487,15.0703],[80.0487,15.0635],[80.0496,15.0529],[80.0496,15.0427],[80.0506,15.0331],[80.0544,15.0063],[80.0548,14.9993],[80.0581,14.9856],[80.0594,14.9769],[80.0611,14.9711],[80.0654,14.9465],[80.068,14.9355],[80.069,14.9287],[80.0739,14.9182],[80.0768,14.9078],[80.0789,14.9047],[80.0829,14.8889],[80.084,14.8866],[80.0866,14.876],[80.0871,14.8383],[80.088,14.8312],[80.0905,14.8202],[80.0938,14.8037],[80.0948,14.7957],[80.0984,14.7796],[80.1062,14.7582],[80.112,14.747],[80.1179,14.741],[80.1246,14.7358],[80.1315,14.7285],[80.1364,14.7209],[80.1418,14.7103],[80.1437,14.7049],[80.1495,14.6826],[80.1531,14.6659],[80.1579,14.6466],[80.1627,14.631],[80.1675,14.621],[80.1787,14.6044],[80.1869,14.6017],[80.1932,14.5983],[80.1961,14.5933],[80.1976,14.5878],[80.1972,14.5793],[80.1924,14.5688],[80.1888,14.5561],[80.184,14.5346],[80.1813,14.5184],[80.1794,14.5015],[80.1779,14.4745],[80.1776,14.4743],[80.1755,14.4462],[80.1733,14.4191],[80.1734,14.4118],[80.1728,14.3896],[80.1718,14.3725],[80.1703,14.3661],[80.1694,14.3571],[80.1668,14.3467],[80.1632,14.3371],[80.1581,14.3263],[80.1533,14.3172],[80.1462,14.2973],[80.1441,14.2879],[80.1404,14.2787],[80.1388,14.2718],[80.1376,14.2578],[80.1306,14.2551],[80.1238,14.2517],[80.1186,14.2519],[80.1155,14.2531],[80.1015,14.2549],[80.0984,14.2524],[80.1011,14.2412],[80.1061,14.2373],[80.1036,14.2345],[80.0977,14.2302],[80.0864,14.2283],[80.0757,14.2248],[80.0708,14.2244],[80.0692,14.2202],[80.0691,14.2157],[80.0671,14.2103],[80.0638,14.2093],[80.0606,14.212],[80.0588,14.2202],[80.057,14.218],[80.0557,14.2121],[80.0497,14.208],[80.0492,14.1999],[80.0474,14.1981],[80.039,14.1991],[80.0346,14.2034],[80.0307,14.2032],[80.0297,14.1971],[80.0357,14.1949],[80.035,14.1928],[80.0303,14.1901],[80.0253,14.1854],[80.021,14.1854],[80.0215,14.1907],[80.0203,14.1944],[80.0166,14.1968],[80.0114,14.1962],[80.0078,14.1946],[80.0043,14.1903],[80.0055,14.1877],[80.0027,14.1853],[79.9993,14.1905],[79.9955,14.1888],[79.9919,14.1831],[79.9887,14.1817],[79.9896,14.1929],[79.9858,14.1929],[79.9824,14.1854],[79.9774,14.1867],[79.973,14.1768],[79.9729,14.1744],[79.9757,14.1721],[79.9734,14.1686],[79.9687,14.1651],[79.9675,14.1602],[79.9644,14.1612],[79.9608,14.1573],[79.958,14.1569],[79.9537,14.1531],[79.9498,14.1558],[79.9486,14.1606],[79.947,14.1619],[79.9429,14.1594],[79.9413,14.1507],[79.9374,14.1441],[79.9333,14.1431],[79.9314,14.1453],[79.9273,14.1464],[79.9193,14.1471],[79.9128,14.1497],[79.9135,14.1524],[79.909,14.1541],[79.9055,14.1543],[79.9043,14.158],[79.9003,14.1603],[79.8964,14.1586],[79.8893,14.1584],[79.8866,14.1607],[79.8791,14.165],[79.8755,14.1659],[79.8695,14.1698],[79.8655,14.1703],[79.8606,14.1742],[79.856,14.1765],[79.8575,14.1799],[79.8534,14.1901],[79.8509,14.1927],[79.8498,14.1973],[79.848,14.199],[79.8497,14.2051],[79.8482,14.21],[79.84,14.2172],[79.8349,14.2177],[79.8269,14.2226],[79.8181,14.2264],[79.8171,14.2335],[79.8176,14.2421],[79.8186,14.2439],[79.8145,14.2492],[79.8138,14.2521],[79.8178,14.2553],[79.8123,14.2614],[79.8076,14.2627],[79.8001,14.2667],[79.7978,14.2703],[79.7968,14.2762],[79.7926,14.2801],[79.7824,14.2843],[79.7789,14.2875],[79.7759,14.2881],[79.7776,14.2967],[79.7791,14.2993],[79.7774,14.3104],[79.7776,14.3143],[79.7708,14.3158],[79.7644,14.3156],[79.7593,14.3164],[79.7531,14.3197],[79.7498,14.3234],[79.7436,14.3275],[79.7405,14.3217],[79.7358,14.3232],[79.7308,14.322],[79.7282,14.3252],[79.724,14.3254],[79.7179,14.3115],[79.7176,14.3099],[79.7085,14.3119],[79.6929,14.3147],[79.6916,14.3157],[79.6807,14.3181],[79.6753,14.3136],[79.6636,14.3068],[79.6647,14.3036],[79.6638,14.2997],[79.6559,14.2837],[79.65,14.2845],[79.6427,14.2794],[79.6378,14.2798],[79.6365,14.2884],[79.6343,14.2936],[79.6358,14.2952],[79.6384,14.307],[79.6425,14.3086],[79.6471,14.3126],[79.6492,14.3175],[79.6515,14.3259],[79.6464,14.3335],[79.6351,14.3312],[79.634,14.3341],[79.635,14.3381],[79.6348,14.3498],[79.6331,14.3555],[79.6289,14.3571],[79.6174,14.3596],[79.6157,14.3573],[79.609,14.3581],[79.6019,14.3598],[79.5929,14.359],[79.5913,14.3598],[79.5966,14.369],[79.5969,14.3771],[79.5907,14.378],[79.5875,14.3829],[79.582,14.3848],[79.5774,14.3876],[79.5762,14.3898],[79.5754,14.3957],[79.5765,14.404],[79.5747,14.4095],[79.5791,14.4178],[79.5849,14.4266],[79.5869,14.4327],[79.5849,14.4363],[79.5841,14.4405],[79.5849,14.4461],[79.584,14.4529],[79.5805,14.4559],[79.5748,14.456],[79.5697,14.4551],[79.5678,14.4677],[79.5719,14.4714],[79.5724,14.4751],[79.5711,14.4789],[79.5712,14.4829],[79.5682,14.4822],[79.5643,14.4839],[79.5614,14.4868],[79.5545,14.4878],[79.5443,14.4874],[79.5393,14.4855],[79.5376,14.4812],[79.5343,14.4804],[79.5237,14.4716],[79.5196,14.4646],[79.5182,14.4565],[79.5072,14.4601],[79.501,14.4607],[79.5058,14.4697],[79.5033,14.4778],[79.4989,14.4815],[79.4918,14.486],[79.4863,14.4875],[79.4826,14.4864],[79.4772,14.4761],[79.4761,14.4708],[79.4678,14.4717],[79.466,14.4697],[79.4614,14.4675],[79.4541,14.4656],[79.4503,14.4666],[79.4521,14.4772],[79.4539,14.4813],[79.4579,14.4861],[79.4614,14.4876],[79.464,14.4919],[79.4653,14.4988],[79.4676,14.5063],[79.4642,14.5085],[79.4668,14.5107],[79.4684,14.5148],[79.4719,14.5169],[79.4865,14.5187],[79.4878,14.5278],[79.4811,14.5294],[79.4762,14.5334],[79.4704,14.5458],[79.4715,14.5499],[79.4671,14.5561],[79.4657,14.5607],[79.4632,14.5609],[79.4493,14.5572],[79.4377,14.5552],[79.4231,14.5486],[79.4136,14.5455],[79.4077,14.5447],[79.4002,14.5418],[79.393,14.5367],[79.3844,14.532],[79.3762,14.5281],[79.3703,14.5232],[79.364,14.5192],[79.3571,14.5174],[79.3502,14.5144],[79.3364,14.5092],[79.3286,14.5046],[79.3168,14.4965],[79.3194,14.4934],[79.3054,14.4856],[79.302,14.486],[79.2931,14.4865],[79.2927,14.4966],[79.2887,14.5005],[79.2856,14.5084],[79.2842,14.5146],[79.2804,14.5228],[79.2782,14.5341],[79.2712,14.5443],[79.2677,14.5523],[79.2589,14.557],[79.2548,14.5624],[79.2484,14.5729],[79.2474,14.5825],[79.244,14.5877],[79.2419,14.5947],[79.2395,14.5962],[79.236,14.6006],[79.2296,14.6041],[79.2235,14.5965],[79.2199,14.5903],[79.2163,14.5921],[79.213,14.5961],[79.2089,14.6047],[79.2027,14.6063],[79.2,14.6157],[79.1977,14.6171],[79.1891,14.6185],[79.1869,14.6302],[79.1828,14.6407],[79.1814,14.646],[79.1819,14.6515],[79.1847,14.6547],[79.1867,14.6592],[79.1841,14.6616],[79.1832,14.6657],[79.179,14.6662],[79.1814,14.671],[79.1787,14.6753],[79.1793,14.6807],[79.1737,14.6845],[79.184,14.6909],[79.1855,14.7133],[79.1811,14.7243],[79.1778,14.7339],[79.1713,14.742],[79.1687,14.7467],[79.1691,14.7535],[79.1662,14.7648],[79.1613,14.7719],[79.1603,14.7827],[79.1558,14.7907],[79.1508,14.7952],[79.1497,14.798],[79.1471,14.8135],[79.1443,14.8204],[79.1439,14.8288],[79.1425,14.8336],[79.1417,14.8437],[79.1407,14.8484],[79.1342,14.8673],[79.1319,14.872],[79.125,14.8784],[79.1079,14.8975],[79.1113,14.9012],[79.1039,14.9009],[79.1012,14.9075],[79.1007,14.9125],[79.0986,14.9192],[79.0926,14.935],[79.0883,14.9567],[79.0874,14.9634],[79.0834,14.9746],[79.081,14.9852],[79.0833,14.9921],[79.0834,14.9958],[79.0868,15.0037],[79.0839,15.0175],[79.0866,15.0345],[79.0861,15.0379],[79.0879,15.0459],[79.0878,15.05],[79.0895,15.0514],[79.0942,15.056],[79.0934,15.0619],[79.0935,15.068],[79.1006,15.0745],[79.1002,15.0863],[79.1218,15.0876],[79.1296,15.0884],[79.1298,15.0969],[79.1283,15.1019],[79.1367,15.1029],[79.1436,15.0999],[79.1524,15.0994],[79.1597,15.0934],[79.1646,15.092],[79.1727,15.0921],[79.1814,15.0889],[79.2144,15.0871],[79.2329,15.0981],[79.247,15.1062],[79.2536,15.1081],[79.2621,15.1078],[79.2654,15.1064],[79.2656,15.0982],[79.2712,15.1011],[79.2799,15.1011],[79.2921,15.0995],[79.3091,15.095],[79.309,15.0915],[79.3132,15.0927],[79.3148,15.0956],[79.3152,15.1011],[79.3187,15.1049],[79.3209,15.1042],[79.3219,15.1082],[79.3242,15.1118],[79.3273,15.1131],[79.3271,15.1164],[79.3332,15.1162],[79.3356,15.1178],[79.3382,15.1147],[79.3364,15.1123],[79.3377,15.1087],[79.3357,15.1057],[79.3359,15.1015],[79.3344,15.0981],[79.3284,15.1014],[79.3267,15.0978],[79.3282,15.0922],[79.3338,15.0908],[79.3371,15.0913],[79.3425,15.0866],[79.3461,15.088],[79.349,15.1025],[79.3512,15.1104],[79.3484,15.1157],[79.3521,15.1177],[79.3565,15.1136],[79.36,15.1123],[79.358,15.1091],[79.3569,15.1047],[79.3576,15.1019],[79.3612,15.0982],[79.3633,15.0937],[79.3678,15.0863],[79.3863,15.0862],[79.3892,15.0886],[79.3911,15.092],[79.3932,15.0911],[79.3933,15.0871],[79.3907,15.0855],[79.3909,15.0761],[79.3959,15.0756],[79.4044,15.0787],[79.409,15.0755],[79.4131,15.0756],[79.4202,15.0737],[79.4169,15.0632],[79.4171,15.06],[79.4225,15.0572],[79.4277,15.0573],[79.4336,15.0559],[79.4387,15.056],[79.4492,15.0627],[79.4561,15.0639],[79.4593,15.0622],[79.4622,15.0625],[79.4656,15.0676],[79.4677,15.0682],[79.4734,15.064],[79.4739,15.061],[79.4771,15.0572],[79.4882,15.0572],[79.4969,15.0558],[79.5017,15.0571],[79.5052,15.0539],[79.5045,15.0487],[79.5071,15.0461],[79.5149,15.044],[79.5179,15.0392],[79.5199,15.0378],[79.5292,15.0382],[79.5323,15.0363],[79.5361,15.0315],[79.5421,15.0289],[79.5433,15.0263],[79.5493,15.0235],[79.555,15.024],[79.5581,15.0223],[79.5589,15.0268],[79.563,15.0327],[79.5642,15.0438],[79.5794,15.0435],[79.58,15.0367],[79.5846,15.0398],[79.5913,15.0408],[79.6,15.039],[79.6087,15.041],[79.6123,15.04],[79.6174,15.0354],[79.622,15.034],[79.6281,15.0351],[79.6291,15.0437],[79.6253,15.0454],[79.622,15.0506],[79.6178,15.0537],[79.6095,15.0556],[79.6081,15.0584],[79.6124,15.0668],[79.6162,15.0711],[79.6196,15.0778],[79.6238,15.0801],[79.6283,15.0892],[79.6288,15.0957],[79.633,15.1003],[79.63,15.1115],[79.6285,15.1134],[79.6293,15.1182],[79.6274,15.1274],[79.6261,15.1415],[79.6237,15.1488],[79.628,15.1515],[79.6304,15.1516],[79.6377,15.149],[79.643,15.1495],[79.6455,15.1516],[79.6478,15.15],[79.6497,15.1542],[79.6465,15.1618],[79.6465,15.1683],[79.6457,15.1723],[79.6379,15.1771],[79.6338,15.1768],[79.6314,15.1687],[79.629,15.1669],[79.6225,15.1656],[79.6217,15.1727],[79.6253,15.1826],[79.6282,15.1888],[79.6314,15.2001],[79.6366,15.2103],[79.6418,15.2171],[79.6435,15.222],[79.6502,15.2351],[79.6536,15.2458],[79.665,15.2464],[79.6679,15.246],[79.6739,15.2479],[79.6806,15.2491],[79.6821,15.2406],[79.6894,15.2346],[79.7111,15.2253],[79.7191,15.2194],[79.7373,15.2084],[79.7484,15.2041],[79.7537,15.2005],[79.7613,15.1975],[79.7723,15.1952],[79.7773,15.1972],[79.7793,15.1969],[79.7878,15.2013],[79.7958,15.2037],[79.8032,15.2042],[79.8097,15.2073],[79.8137,15.2102],[79.8136,15.2168],[79.8166,15.2162],[79.8234,15.2124],[79.8324,15.2105],[79.8385,15.2108],[79.8396,15.2154],[79.8399,15.2217],[79.845,15.2412],[79.8501,15.2501],[79.8536,15.2589],[79.8539,15.262],[79.8574,15.2763],[79.8638,15.2766],[79.8653,15.2807],[79.8637,15.2882],[79.8679,15.2871],[79.8676,15.2948],[79.8663,15.296],[79.867,15.3037],[79.8647,15.3093],[79.8681,15.3096],[79.8778,15.3139],[79.8818,15.3138],[79.8859,15.3096],[79.8884,15.3041],[79.8936,15.3033],[79.8974,15.309],[79.9037,15.3158],[79.907,15.323],[79.9078,15.3298],[79.9129,15.3251],[79.912,15.3204],[79.9181,15.3108],[79.9177,15.3002],[79.9254,15.2993],[79.9314,15.3],[79.9388,15.3084],[79.9425,15.3164],[79.9471,15.3175],[79.952,15.3159],[79.956,15.3162],[79.957,15.3126],[79.9552,15.3028],[79.9528,15.2952],[79.9533,15.2924],[79.96,15.2886],[79.9658,15.283],[79.9839,15.2733],[79.9831,15.2661],[79.9791,15.2579],[79.9763,15.2505],[79.9759,15.2459],[79.978,15.2386],[79.9761,15.2373],[79.9746,15.2269],[79.9712,15.2198],[79.9709,15.2167],[79.9745,15.2145],[79.974,15.2096],[79.9772,15.208],[79.9776,15.2025],[79.9763,15.1985],[79.9819,15.1963],[79.9866,15.1955],[79.9914,15.1977],[79.9956,15.2021],[79.9987,15.2029],[80.0033,15.199],[80.0073,15.1997],[80.0114,15.2081],[80.0135,15.2153],[80.0181,15.2125],[80.0341,15.2153],[80.0401,15.2146],[80.0518,15.2085],[80.0582,15.2016],[80.0633,15.1997],[80.0691,15.2006],[80.0678,15.2033],[80.0694,15.2136],[80.0738,15.213],[80.0772,15.2139],[80.08,15.2162],[80.0838,15.2159],[80.0876,15.218]],[[79.8975,15.2793],[79.9067,15.2773],[79.9058,15.2748],[79.9003,15.2743],[79.8956,15.2729],[79.8955,15.2753],[79.8875,15.2777],[79.8834,15.2812],[79.8847,15.2846],[79.892,15.2824],[79.8975,15.2793]]]},"properties":{"district":"Nellore","st_nm":"Andhra Pradesh"}},{"type":"Feature","geometry":{"type":"Polygon","coordinates":[[[79.8001,14.2667],[79.8076,14.2627],[79.8123,14.2614],[79.8178,14.2553],[79.8138,14.2521],[79.8145,14.2492],[79.8186,14.2439],[79.8176,14.2421],[79.8171,14.2335],[79.8181,14.2264],[79.8269,14.2226],[79.8349,14.2177],[79.84,14.2172],[79.8482,14.21],[79.8497,14.2051],[79.848,14.199],[79.8498,14.1973],[79.8509,14.1927],[79.8534,14.1901],[79.8575,14.1799],[79.856,14.1765],[79.8606,14.1742],[79.8655,14.1703],[79.8695,14.1698],[79.8755,14.1659],[79.8791,14.165],[79.8866,14.1607],[79.8893,14.1584],[79.8964,14.1586],[79.9003,14.1603],[79.9043,14.158],[79.9055,14.1543],[79.909,14.1541],[79.9135,14.1524],[79.9128,14.1497],[79.9193,14.1471],[79.9273,14.1464],[79.9314,14.1453],[79.9333,14.1431],[79.9374,14.1441],[79.9413,14.1507],[79.9429,14.1594],[79.947,14.1619],[79.9486,14.1606],[79.9498,14.1558],[79.9537,14.1531],[79.958,14.1569],[79.9608,14.1573],[79.9644,14.1612],[79.9675,14.1602],[79.9687,14.1651],[79.9734,14.1686],[79.9757,14.1721],[79.9729,14.1744],[79.973,14.1768],[79.9774,14.1867],[79.9824,14.1854],[79.9858,14.1929],[79.9896,14.1929],[79.9887,14.1817],[79.9919,14.1831],[79.9955,14.1888],[79.9993,14.1905],[80.0027,14.1853],[80.0055,14.1877],[80.0043,14.1903],[80.0078,14.1946],[80.0114,14.1962],[80.0166,14.1968],[80.0203,14.1944],[80.0215,14.1907],[80.021,14.1854],[80.0253,14.1854],[80.0303,14.1901],[80.035,14.1928],[80.0357,14.1949],[80.0297,14.1971],[80.0307,14.2032],[80.0346,14.2034],[80.039,14.1991],[80.0474,14.1981],[80.0492,14.1999],[80.0497,14.208],[80.0557,14.2121],[80.057,14.218],[80.0588,14.2202],[80.0606,14.212],[80.0638,14.2093],[80.0671,14.2103],[80.0691,14.2157],[80.0692,14.2202],[80.0708,14.2244],[80.0757,14.2248],[80.0864,14.2283],[80.0977,14.2302],[80.1036,14.2345],[80.1061,14.2373],[80.1011,14.2412],[80.0984,14.2524],[80.1015,14.2549],[80.1155,14.2531],[80.1186,14.2519],[80.1238,14.2517],[80.1306,14.2551],[80.1376,14.2578],[80.1376,14.246],[80.1322,14.2329],[80.1309,14.2273],[80.1304,14.2213],[80.1289,14.2117],[80.1273,14.1835],[80.1271,14.1734],[80.1279,14.147],[80.1287,14.1381],[80.133,14.103],[80.1358,14.0907],[80.1409,14.0768],[80.1435,14.0569],[80.147,14.0419],[80.1539,14.0266],[80.158,14.0148],[80.1672,13.9945],[80.1755,13.9771],[80.1774,13.9722],[80.1826,13.9616],[80.1925,13.937],[80.1969,13.9238],[80.2021,13.9116],[80.2123,13.8945],[80.222,13.8724],[80.2276,13.8521],[80.2354,13.8321],[80.2431,13.8189],[80.244,13.814],[80.2497,13.7945],[80.2529,13.7801],[80.2501,13.7662],[80.248,13.7576],[80.242,13.7384],[80.2401,13.7287],[80.2353,13.6997],[80.2338,13.6803],[80.2339,13.6645],[80.2345,13.6569],[80.2364,13.6415],[80.2397,13.6271],[80.2435,13.6144],[80.2475,13.6056],[80.2555,13.5903],[80.2612,13.5779],[80.2645,13.5726],[80.2673,13.5654],[80.2633,13.5624],[80.2605,13.5494],[80.2549,13.5208],[80.2502,13.4997],[80.2469,13.4909],[80.2433,13.4784],[80.2407,13.4732],[80.2352,13.4741],[80.2289,13.4825],[80.2246,13.4854],[80.2136,13.4859],[80.2143,13.4901],[80.2102,13.4901],[80.2096,13.4862],[80.2039,13.4878],[80.1927,13.489],[80.1898,13.4898],[80.1758,13.4904],[80.1692,13.4883],[80.161,13.4878],[80.1541,13.4901],[80.1446,13.4909],[80.1456,13.4972],[80.1447,13.4999],[80.1392,13.5035],[80.1367,13.5036],[80.1321,13.501],[80.13,13.5012],[80.1257,13.5043],[80.123,13.503],[80.1174,13.5032],[80.1119,13.5056],[80.1109,13.5018],[80.1123,13.4982],[80.1107,13.4918],[80.1072,13.4904],[80.1042,13.4943],[80.1003,13.4916],[80.1001,13.4885],[80.0904,13.4893],[80.0795,13.4893],[80.0783,13.4904],[80.0768,13.5018],[80.076,13.5036],[80.0763,13.5195],[80.077,13.5265],[80.0835,13.5332],[80.0872,13.5345],[80.0882,13.5368],[80.0818,13.5492],[80.0671,13.544],[80.0619,13.5448],[80.0592,13.5418],[80.0561,13.5362],[80.0463,13.5371],[80.0427,13.5368],[80.0378,13.5384],[80.029,13.5382],[80.0254,13.5443],[80.0221,13.5442],[80.02,13.5462],[80.0144,13.5467],[80.0045,13.5442],[80.0011,13.5415],[79.9952,13.5451],[79.9986,13.5375],[80.001,13.5276],[80.001,13.5249],[80.0077,13.5249],[80.013,13.5265],[80.0182,13.5291],[80.0203,13.5183],[80.0239,13.5166],[80.028,13.5131],[80.0364,13.5176],[80.0438,13.5145],[80.0489,13.5116],[80.0475,13.5005],[80.0463,13.4944],[80.0355,13.4976],[80.0268,13.498],[80.0157,13.4992],[80.0134,13.4971],[80.015,13.49],[80.0125,13.4879],[80.0117,13.4961],[80.0051,13.4943],[80.0015,13.4905],[79.9978,13.4884],[79.99,13.4859],[79.9876,13.483],[79.9875,13.4788],[79.9843,13.4795],[79.9834,13.4725],[79.981,13.4709],[79.9729,13.4693],[79.9722,13.4654],[79.9727,13.4607],[79.9732,13.446],[79.9729,13.4332],[79.974,13.4303],[79.9708,13.4262],[79.9671,13.4265],[79.963,13.4221],[79.9588,13.422],[79.9538,13.4245],[79.9436,13.4241],[79.9422,13.4217],[79.9422,13.4158],[79.9366,13.4157],[79.9388,13.4116],[79.9431,13.4113],[79.9433,13.4078],[79.9462,13.4065],[79.942,13.3993],[79.9447,13.3957],[79.9471,13.395],[79.9572,13.3957],[79.9624,13.3944],[79.9635,13.3925],[79.9629,13.3877],[79.9585,13.3779],[79.954,13.3765],[79.9484,13.3812],[79.946,13.3805],[79.9488,13.376],[79.9461,13.3637],[79.9424,13.3635],[79.9415,13.3605],[79.9375,13.355],[79.9352,13.3547],[79.9312,13.351],[79.9298,13.355],[79.9213,13.3588],[79.9154,13.36],[79.9161,13.3569],[79.9132,13.3521],[79.9147,13.3476],[79.9108,13.3466],[79.9053,13.3435],[79.904,13.3398],[79.9009,13.3393],[79.8925,13.335],[79.8862,13.3348],[79.883,13.333],[79.8813,13.3246],[79.879,13.3238],[79.8752,13.3254],[79.8688,13.3319],[79.8626,13.3169],[79.854,13.3211],[79.8538,13.3168],[79.8474,13.3157],[79.8427,13.3165],[79.8354,13.3159],[79.8291,13.3176],[79.8166,13.3188],[79.8094,13.317],[79.8077,13.3133],[79.8047,13.3127],[79.8032,13.3101],[79.8052,13.3074],[79.8003,13.3],[79.7918,13.2936],[79.7851,13.2969],[79.7841,13.3019],[79.7819,13.3024],[79.7795,13.3063],[79.774,13.3112],[79.7668,13.3214],[79.7565,13.3222],[79.7525,13.3275],[79.749,13.3385],[79.7457,13.3454],[79.7386,13.3556],[79.7319,13.359],[79.731,13.364],[79.7271,13.3679],[79.7219,13.368],[79.7238,13.3744],[79.7215,13.3827],[79.7195,13.3855],[79.7147,13.3865],[79.7024,13.3866],[79.7002,13.3913],[79.7024,13.3996],[79.7058,13.4027],[79.7079,13.413],[79.7103,13.4171],[79.7139,13.4187],[79.715,13.4211],[79.7125,13.4254],[79.7136,13.432],[79.7123,13.436],[79.7125,13.4399],[79.708,13.4407],[79.7008,13.4433],[79.6957,13.4441],[79.6924,13.4408],[79.6896,13.4405],[79.6815,13.4427],[79.6737,13.4384],[79.6727,13.4311],[79.6729,13.4144],[79.6647,13.4101],[79.6612,13.4112],[79.6554,13.4102],[79.6502,13.4105],[79.6508,13.4069],[79.6488,13.4001],[79.6434,13.3983],[79.6421,13.3947],[79.6334,13.3931],[79.6276,13.3929],[79.6267,13.3977],[79.6185,13.3982],[79.6183,13.3967],[79.599,13.3988],[79.587,13.3952],[79.5784,13.3933],[79.5729,13.3985],[79.5706,13.4031],[79.5743,13.4218],[79.574,13.4258],[79.5708,13.4238],[79.5597,13.4153],[79.5598,13.4215],[79.5576,13.4327],[79.5585,13.4411],[79.5648,13.4412],[79.5702,13.4398],[79.5747,13.4408],[79.5799,13.4408],[79.5854,13.4476],[79.5893,13.4511],[79.5878,13.4528],[79.5805,13.4575],[79.5804,13.4604],[79.5773,13.4636],[79.5809,13.4672],[79.5903,13.4681],[79.5938,13.4721],[79.5922,13.4749],[79.5847,13.479],[79.5813,13.4755],[79.5781,13.4777],[79.5706,13.4848],[79.5654,13.4878],[79.5631,13.4942],[79.5663,13.5061],[79.5655,13.5091],[79.5607,13.5107],[79.5576,13.5091],[79.5517,13.5093],[79.5466,13.513],[79.5398,13.5124],[79.5373,13.5103],[79.535,13.511],[79.5342,13.514],[79.5365,13.5202],[79.5402,13.5214],[79.5435,13.528],[79.5479,13.5334],[79.5515,13.5346],[79.5487,13.5466],[79.5506,13.5491],[79.555,13.5497],[79.5602,13.5586],[79.5664,13.567],[79.5688,13.5729],[79.5641,13.5741],[79.562,13.5722],[79.5604,13.577],[79.5584,13.5774],[79.5593,13.5862],[79.5477,13.5862],[79.5444,13.5936],[79.5407,13.5952],[79.5371,13.6019],[79.5337,13.5945],[79.5329,13.5855],[79.5367,13.578],[79.5377,13.574],[79.5368,13.5707],[79.5316,13.5676],[79.5283,13.5628],[79.5207,13.5626],[79.5187,13.5655],[79.516,13.5651],[79.5145,13.5606],[79.5083,13.5598],[79.5017,13.5614],[79.5023,13.5686],[79.4991,13.5737],[79.4933,13.5753],[79.489,13.5754],[79.4844,13.573],[79.4824,13.5677],[79.4825,13.5643],[79.4786,13.5639],[79.4724,13.5656],[79.4649,13.5641],[79.4655,13.5543],[79.4634,13.5521],[79.4645,13.5445],[79.4617,13.5435],[79.4612,13.5367],[79.4622,13.5295],[79.4542,13.5234],[79.4435,13.521],[79.4389,13.5137],[79.4383,13.511],[79.4396,13.504],[79.4412,13.4996],[79.4249,13.492],[79.4204,13.4915],[79.4199,13.4859],[79.4183,13.4859],[79.4167,13.491],[79.4123,13.492],[79.4158,13.5004],[79.4151,13.5025],[79.4029,13.5029],[79.4002,13.502],[79.3934,13.4967],[79.3926,13.4917],[79.3862,13.4891],[79.3849,13.4914],[79.3815,13.4911],[79.3794,13.4931],[79.3632,13.492],[79.3554,13.4891],[79.3499,13.4899],[79.3469,13.4853],[79.3444,13.4867],[79.3329,13.4841],[79.3254,13.484],[79.3193,13.4826],[79.3118,13.4837],[79.305,13.4816],[79.3012,13.4826],[79.2979,13.4812],[79.2898,13.4824],[79.2864,13.4795],[79.2775,13.4785],[79.2706,13.4738],[79.2703,13.4724],[79.2601,13.4701],[79.2552,13.4556],[79.2491,13.4529],[79.2416,13.4488],[79.2398,13.4411],[79.2321,13.4424],[79.2284,13.445],[79.2245,13.4431],[79.2228,13.4408],[79.2171,13.4371],[79.2198,13.4353],[79.2251,13.4375],[79.2288,13.4378],[79.233,13.4356],[79.2398,13.4374],[79.242,13.4263],[79.2549,13.4247],[79.2561,13.4225],[79.253,13.4196],[79.2467,13.4191],[79.2461,13.4178],[79.2384,13.4182],[79.2333,13.4173],[79.2299,13.4184],[79.229,13.4235],[79.2231,13.4198],[79.2226,13.4174],[79.2168,13.4196],[79.2111,13.4247],[79.2077,13.4241],[79.2054,13.4214],[79.2043,13.4176],[79.2079,13.4126],[79.2128,13.4136],[79.2201,13.4128],[79.228,13.4108],[79.2283,13.4049],[79.227,13.4012],[79.2205,13.3985],[79.2213,13.3965],[79.2255,13.3961],[79.2287,13.3971],[79.2378,13.3978],[79.2443,13.3973],[79.2484,13.3989],[79.2498,13.3895],[79.2519,13.3868],[79.2504,13.3757],[79.2405,13.3771],[79.2395,13.3816],[79.2414,13.3844],[79.2401,13.3916],[79.236,13.394],[79.2341,13.3909],[79.2268,13.3935],[79.2255,13.3864],[79.2264,13.3823],[79.2248,13.381],[79.2186,13.3805],[79.213,13.385],[79.2086,13.3914],[79.2054,13.3939],[79.2013,13.3943],[79.2004,13.3992],[79.1977,13.3993],[79.1954,13.3947],[79.1914,13.3946],[79.189,13.3911],[79.1855,13.3908],[79.1826,13.3938],[79.1799,13.3927],[79.1796,13.3897],[79.1761,13.3879],[79.1808,13.3831],[79.181,13.379],[79.1741,13.3804],[79.1709,13.3794],[79.1619,13.3799],[79.1583,13.3812],[79.1569,13.3851],[79.1539,13.3846],[79.1543,13.3805],[79.1477,13.3778],[79.1438,13.3804],[79.1435,13.3847],[79.1468,13.3864],[79.1527,13.3872],[79.1536,13.3918],[79.1562,13.3958],[79.1597,13.3962],[79.1573,13.4015],[79.1569,13.407],[79.1536,13.4081],[79.1539,13.4138],[79.1496,13.4143],[79.1491,13.4104],[79.1452,13.4118],[79.1419,13.411],[79.143,13.4209],[79.1421,13.4218],[79.1317,13.4217],[79.1301,13.4181],[79.1257,13.4179],[79.1196,13.4223],[79.1122,13.423],[79.1042,13.4262],[79.0998,13.4264],[79.0921,13.4251],[79.091,13.4258],[79.0922,13.4375],[79.0901,13.4408],[79.083,13.4422],[79.0777,13.4441],[79.0722,13.448],[79.0715,13.4505],[79.0667,13.4499],[79.0614,13.4466],[79.0553,13.4488],[79.0509,13.4517],[79.0472,13.4577],[79.0478,13.4608],[79.0404,13.4649],[79.0364,13.4707],[79.0296,13.4732],[79.0269,13.4759],[79.0113,13.4797],[79.0066,13.4827],[79.0028,13.4887],[78.9995,13.4922],[78.989,13.4934],[78.9813,13.4913],[78.9824,13.5023],[78.9842,13.5159],[78.9769,13.5302],[78.9717,13.5312],[78.9649,13.5315],[78.9589,13.5347],[78.956,13.5386],[78.9523,13.5415],[78.9601,13.5412],[78.9682,13.5428],[78.9746,13.539],[78.9955,13.5452],[79.0041,13.5401],[79.0128,13.5447],[79.0149,13.5436],[79.0194,13.5507],[79.0198,13.5571],[79.0215,13.5624],[79.029,13.5638],[79.0377,13.5623],[79.0395,13.5587],[79.0393,13.5542],[79.0427,13.5512],[79.0417,13.5488],[79.0416,13.5432],[79.0435,13.5413],[79.0493,13.5399],[79.0619,13.5312],[79.0628,13.5299],[79.0694,13.5292],[79.082,13.5324],[79.0817,13.523],[79.0841,13.518],[79.0881,13.5167],[79.0903,13.5138],[79.0999,13.515],[79.1063,13.5149],[79.1121,13.5177],[79.1174,13.5216],[79.1219,13.5204],[79.1381,13.5229],[79.1439,13.5218],[79.1651,13.5344],[79.1799,13.5443],[79.1796,13.5458],[79.1731,13.553],[79.171,13.5637],[79.1702,13.5653],[79.1705,13.5729],[79.1762,13.5887],[79.1759,13.5939],[79.1724,13.6009],[79.1724,13.6033],[79.1641,13.6006],[79.1587,13.6006],[79.1531,13.6025],[79.1499,13.6048],[79.1377,13.6065],[79.1161,13.6079],[79.1094,13.6086],[79.0934,13.6118],[79.0852,13.6124],[79.0776,13.6105],[79.068,13.6111],[79.0532,13.6129],[79.0501,13.6199],[79.0529,13.6261],[79.0523,13.6282],[79.0531,13.6347],[79.0522,13.6373],[79.0522,13.6439],[79.0535,13.6468],[79.0639,13.6514],[79.0686,13.6566],[79.0736,13.6589],[79.0768,13.6675],[79.0755,13.6735],[79.0774,13.6811],[79.0774,13.6852],[79.0804,13.6875],[79.0823,13.6922],[79.0815,13.6942],[79.0854,13.6995],[79.086,13.7055],[79.0876,13.7081],[79.0901,13.7165],[79.0929,13.7219],[79.0927,13.7266],[79.0903,13.7309],[79.086,13.7361],[79.0822,13.7387],[79.084,13.7417],[79.0851,13.7496],[79.0845,13.7526],[79.0852,13.7621],[79.0892,13.7683],[79.0906,13.7684],[79.0913,13.7753],[79.0901,13.7801],[79.0856,13.7826],[79.0736,13.7794],[79.0668,13.7815],[79.0572,13.7785],[79.0524,13.7784],[79.0455,13.7762],[79.0388,13.7719],[79.0367,13.7711],[79.0277,13.7733],[79.0243,13.7755],[79.0214,13.7829],[79.0231,13.798],[79.0242,13.8016],[79.0278,13.8013],[79.0403,13.8035],[79.0405,13.8082],[79.0423,13.8145],[79.039,13.816],[79.0372,13.8188],[79.0334,13.8171],[79.027,13.8173],[79.0237,13.8195],[79.0215,13.8248],[79.0157,13.825],[79.0151,13.8341],[79.0124,13.8377],[79.0121,13.8448],[79.0189,13.8448],[79.0243,13.8491],[79.0209,13.8579],[79.0316,13.8598],[79.038,13.8571],[79.044,13.8588],[79.0468,13.8561],[79.0499,13.8631],[79.0432,13.8643],[79.0367,13.8742],[79.0274,13.8783],[79.022,13.88],[79.0215,13.884],[79.0249,13.8864],[79.0232,13.8894],[79.0236,13.8941],[79.0176,13.8968],[79.0128,13.897],[79.0109,13.9022],[79.006,13.9025],[79.0051,13.9051],[79.0082,13.9076],[79.0151,13.9044],[79.0237,13.903],[79.0237,13.8957],[79.0254,13.8915],[79.0301,13.8888],[79.036,13.8881],[79.0485,13.8842],[79.0533,13.8843],[79.067,13.8817],[79.0717,13.8815],[79.0828,13.8788],[79.0904,13.8663],[79.0964,13.8559],[79.0964,13.85],[79.1053,13.8504],[79.111,13.8496],[79.1263,13.8496],[79.1376,13.8575],[79.1484,13.8656],[79.1515,13.8581],[79.1571,13.8533],[79.1634,13.8491],[79.169,13.8468],[79.1716,13.8472],[79.1737,13.8422],[79.1774,13.838],[79.1873,13.8305],[79.205,13.8208],[79.211,13.8149],[79.2157,13.8121],[79.2126,13.8102],[79.2111,13.806],[79.2029,13.8092],[79.1971,13.8029],[79.1943,13.8032],[79.1912,13.793],[79.1975,13.7889],[79.1988,13.7847],[79.201,13.7818],[79.2089,13.7769],[79.2156,13.7743],[79.2184,13.7718],[79.2204,13.7666],[79.2202,13.7618],[79.2249,13.7563],[79.2282,13.7546],[79.2372,13.7525],[79.241,13.7505],[79.2413,13.7599],[79.2513,13.7603],[79.2606,13.7598],[79.2852,13.759],[79.2926,13.7583],[79.2974,13.7461],[79.3055,13.723],[79.3466,13.7412],[79.3611,13.7479],[79.3675,13.7514],[79.3722,13.7553],[79.377,13.7556],[79.3805,13.7575],[79.3921,13.7608],[79.4,13.7612],[79.4133,13.7626],[79.4178,13.7667],[79.4199,13.7731],[79.4194,13.7773],[79.4154,13.778],[79.4188,13.7844],[79.4265,13.7853],[79.4289,13.7818],[79.4341,13.7812],[79.439,13.7791],[79.4485,13.7799],[79.4516,13.7822],[79.457,13.7839],[79.4654,13.7925],[79.4685,13.7938],[79.471,13.797],[79.4633,13.7974],[79.458,13.7993],[79.4575,13.8104],[79.4552,13.8245],[79.4448,13.8426],[79.4384,13.8552],[79.4348,13.8681],[79.4341,13.8766],[79.4407,13.886],[79.4437,13.8914],[79.44,13.9018],[79.4405,13.9044],[79.4446,13.9069],[79.4481,13.9153],[79.4536,13.9206],[79.455,13.923],[79.455,13.9308],[79.4576,13.9329],[79.457,13.9371],[79.4574,13.9437],[79.4587,13.9473],[79.4568,13.9536],[79.4531,13.9545],[79.4514,13.9618],[79.4524,13.9663],[79.4503,13.9727],[79.4557,13.9885],[79.4527,13.994],[79.4468,13.9971],[79.4433,13.9979],[79.4425,14.0017],[79.44,14.0065],[79.437,14.0251],[79.4409,14.0336],[79.4435,14.0415],[79.4428,14.0618],[79.4464,14.066],[79.4465,14.0682],[79.45,14.0709],[79.4521,14.08],[79.4503,14.09],[79.454,14.0961],[79.4544,14.1018],[79.4524,14.1031],[79.4505,14.1083],[79.445,14.1165],[79.4426,14.1256],[79.4411,14.1343],[79.4382,14.141],[79.4376,14.1492],[79.4334,14.1684],[79.4314,14.1755],[79.4287,14.1817],[79.4284,14.187],[79.4291,14.1946],[79.4246,14.2007],[79.4228,14.2076],[79.4258,14.2146],[79.4251,14.2222],[79.4303,14.2327],[79.4318,14.2378],[79.4357,14.2443],[79.4305,14.2501],[79.4273,14.2522],[79.4198,14.2659],[79.4195,14.2779],[79.4215,14.2813],[79.4166,14.2895],[79.3998,14.32],[79.397,14.3281],[79.3895,14.3421],[79.381,14.3465],[79.3756,14.3481],[79.3664,14.3523],[79.3648,14.3588],[79.3667,14.3611],[79.3675,14.3706],[79.365,14.3733],[79.3647,14.3786],[79.3636,14.3807],[79.3592,14.3828],[79.3584,14.3865],[79.3558,14.3923],[79.3514,14.3971],[79.3491,14.4013],[79.3487,14.4064],[79.3432,14.4094],[79.3418,14.4136],[79.3357,14.4186],[79.3299,14.4277],[79.3295,14.4316],[79.3273,14.4367],[79.3261,14.4438],[79.3247,14.4572],[79.3267,14.4589],[79.3176,14.4743],[79.3164,14.4785],[79.3108,14.4801],[79.3054,14.4856],[79.3194,14.4934],[79.3168,14.4965],[79.3286,14.5046],[79.3364,14.5092],[79.3502,14.5144],[79.3571,14.5174],[79.364,14.5192],[79.3703,14.5232],[79.3762,14.5281],[79.3844,14.532],[79.393,14.5367],[79.4002,14.5418],[79.4077,14.5447],[79.4136,14.5455],[79.4231,14.5486],[79.4377,14.5552],[79.4493,14.5572],[79.4632,14.5609],[79.4657,14.5607],[79.4671,14.5561],[79.4715,14.5499],[79.4704,14.5458],[79.4762,14.5334],[79.4811,14.5294],[79.4878,14.5278],[79.4865,14.5187],[79.4719,14.5169],[79.4684,14.5148],[79.4668,14.5107],[79.4642,14.5085],[79.4676,14.5063],[79.4653,14.4988],[79.464,14.4919],[79.4614,14.4876],[79.4579,14.4861],[79.4539,14.4813],[79.4521,14.4772],[79.4503,14.4666],[79.4541,14.4656],[79.4614,14.4675],[79.466,14.4697],[79.4678,14.4717],[79.4761,14.4708],[79.4772,14.4761],[79.4826,14.4864],[79.4863,14.4875],[79.4918,14.486],[79.4989,14.4815],[79.5033,14.4778],[79.5058,14.4697],[79.501,14.4607],[79.5072,14.4601],[79.5182,14.4565],[79.5196,14.4646],[79.5237,14.4716],[79.5343,14.4804],[79.5376,14.4812],[79.5393,14.4855],[79.5443,14.4874],[79.5545,14.4878],[79.5614,14.4868],[79.5643,14.4839],[79.5682,14.4822],[79.5712,14.4829],[79.5711,14.4789],[79.5724,14.4751],[79.5719,14.4714],[79.5678,14.4677],[79.5697,14.4551],[79.5748,14.456],[79.5805,14.4559],[79.584,14.4529],[79.5849,14.4461],[79.5841,14.4405],[79.5849,14.4363],[79.5869,14.4327],[79.5849,14.4266],[79.5791,14.4178],[79.5747,14.4095],[79.5765,14.404],[79.5754,14.3957],[79.5762,14.3898],[79.5774,14.3876],[79.582,14.3848],[79.5875,14.3829],[79.5907,14.378],[79.5969,14.3771],[79.5966,14.369],[79.5913,14.3598],[79.5929,14.359],[79.6019,14.3598],[79.609,14.3581],[79.6157,14.3573],[79.6174,14.3596],[79.6289,14.3571],[79.6331,14.3555],[79.6348,14.3498],[79.635,14.3381],[79.634,14.3341],[79.6351,14.3312],[79.6464,14.3335],[79.6515,14.3259],[79.6492,14.3175],[79.6471,14.3126],[79.6425,14.3086],[79.6384,14.307],[79.6358,14.2952],[79.6343,14.2936],[79.6365,14.2884],[79.6378,14.2798],[79.6427,14.2794],[79.65,14.2845],[79.6559,14.2837],[79.6638,14.2997],[79.6647,14.3036],[79.6636,14.3068],[79.6753,14.3136],[79.6807,14.3181],[79.6916,14.3157],[79.6929,14.3147],[79.7085,14.3119],[79.7176,14.3099],[79.7179,14.3115],[79.724,14.3254],[79.7282,14.3252],[79.7308,14.322],[79.7358,14.3232],[79.7405,14.3217],[79.7436,14.3275],[79.7498,14.3234],[79.7531,14.3197],[79.7593,14.3164],[79.7644,14.3156],[79.7708,14.3158],[79.7776,14.3143],[79.7774,14.3104],[79.7791,14.2993],[79.7776,14.2967],[79.7759,14.2881],[79.7789,14.2875],[79.7824,14.2843],[79.7926,14.2801],[79.7968,14.2762],[79.7978,14.2703],[79.8001,14.2667]]]},"properties":{"district":"Tirupati","st_nm":"Andhra Pradesh"}},{"type":"Feature","geometry":{"type":"Polygon","coordinates":[[[78.7574,15.1855],[78.7591,15.1858],[78.7778,15.2004],[78.8091,15.1994],[78.8507,15.1984],[78.864,15.1979],[78.8718,15.1982],[78.8781,15.1949],[78.886,15.1948],[78.8922,15.1923],[78.9035,15.1919],[78.9061,15.1881],[78.9196,15.1875],[78.9199,15.199],[78.9224,15.2038],[78.9218,15.2073],[78.9237,15.2162],[78.9262,15.2193],[78.9273,15.2288],[78.9374,15.2295],[78.9479,15.2287],[78.9497,15.2095],[78.9478,15.2038],[78.9511,15.2006],[78.9547,15.1931],[78.9566,15.1868],[78.9577,15.1764],[78.9676,15.1739],[78.9725,15.1688],[78.9817,15.1651],[78.9918,15.1691],[78.9995,15.167],[79.0017,15.1695],[79.0094,15.1686],[79.0117,15.1695],[79.0114,15.1755],[79.0171,15.1795],[79.0244,15.1794],[79.0315,15.1784],[79.0409,15.1779],[79.0542,15.1758],[79.0755,15.1737],[79.0821,15.1736],[79.079,15.1699],[79.0736,15.1655],[79.0721,15.1482],[79.0729,15.1328],[79.0753,15.1161],[79.0763,15.103],[79.0802,15.0946],[79.0805,15.0883],[79.0831,15.0823],[79.0852,15.0716],[79.088,15.0604],[79.0895,15.0514],[79.0878,15.05],[79.0879,15.0459],[79.0861,15.0379],[79.0866,15.0345],[79.0839,15.0175],[79.0868,15.0037],[79.0834,14.9958],[79.0833,14.9921],[79.081,14.9852],[79.0834,14.9746],[79.0874,14.9634],[79.0883,14.9567],[79.0926,14.935],[79.0986,14.9192],[79.1007,14.9125],[79.1012,14.9075],[79.1039,14.9009],[79.1113,14.9012],[79.1079,14.8975],[79.125,14.8784],[79.1319,14.872],[79.1342,14.8673],[79.1407,14.8484],[79.1417,14.8437],[79.1425,14.8336],[79.1439,14.8288],[79.1443,14.8204],[79.1471,14.8135],[79.1497,14.798],[79.1508,14.7952],[79.1558,14.7907],[79.1603,14.7827],[79.1613,14.7719],[79.1662,14.7648],[79.1691,14.7535],[79.1687,14.7467],[79.1713,14.742],[79.1778,14.7339],[79.1811,14.7243],[79.1855,14.7133],[79.184,14.6909],[79.1737,14.6845],[79.1793,14.6807],[79.1787,14.6753],[79.1814,14.671],[79.179,14.6662],[79.1832,14.6657],[79.1841,14.6616],[79.1867,14.6592],[79.1847,14.6547],[79.1819,14.6515],[79.1814,14.646],[79.1828,14.6407],[79.1869,14.6302],[79.1891,14.6185],[79.1977,14.6171],[79.2,14.6157],[79.2027,14.6063],[79.2089,14.6047],[79.213,14.5961],[79.2163,14.5921],[79.2199,14.5903],[79.2235,14.5965],[79.2296,14.6041],[79.236,14.6006],[79.2395,14.5962],[79.2419,14.5947],[79.244,14.5877],[79.2474,14.5825],[79.2484,14.5729],[79.2548,14.5624],[79.2589,14.557],[79.2677,14.5523],[79.2712,14.5443],[79.2782,14.5341],[79.2804,14.5228],[79.2842,14.5146],[79.2856,14.5084],[79.2887,14.5005],[79.2927,14.4966],[79.2931,14.4865],[79.302,14.486],[79.2995,14.4843],[79.2894,14.4802],[79.2895,14.4782],[79.2932,14.4748],[79.2949,14.4748],[79.2968,14.4684],[79.2999,14.4668],[79.298,14.4616],[79.3024,14.4581],[79.3018,14.4541],[79.305,14.4489],[79.3067,14.4442],[79.3105,14.4403],[79.309,14.4378],[79.3084,14.4297],[79.3105,14.4267],[79.3066,14.421],[79.3072,14.4167],[79.3116,14.4115],[79.3067,14.4124],[79.3015,14.4087],[79.2999,14.4061],[79.3013,14.402],[79.3027,14.3923],[79.3084,14.3908],[79.3094,14.3866],[79.3141,14.3814],[79.31,14.3692],[79.3062,14.3605],[79.291,14.3772],[79.2904,14.3794],[79.2867,14.3828],[79.2847,14.3886],[79.2782,14.3964],[79.2735,14.3944],[79.2644,14.3926],[79.2562,14.3972],[79.2489,14.4044],[79.2452,14.4051],[79.2412,14.4092],[79.2324,14.4142],[79.2364,14.4237],[79.2425,14.4415],[79.2362,14.4444],[79.2293,14.4495],[79.2257,14.4502],[79.2254,14.4555],[79.2167,14.46],[79.2109,14.4611],[79.2087,14.459],[79.204,14.4596],[79.2012,14.4587],[79.1953,14.4613],[79.1918,14.4651],[79.1715,14.4606],[79.1681,14.4527],[79.1633,14.4484],[79.1577,14.4502],[79.1449,14.4518],[79.1383,14.4534],[79.1377,14.4559],[79.1341,14.4605],[79.1288,14.464],[79.1275,14.4689],[79.1284,14.4739],[79.125,14.4778],[79.1234,14.4746],[79.1193,14.4715],[79.1132,14.4794],[79.1088,14.4818],[79.0998,14.4919],[79.0953,14.4938],[79.0922,14.4968],[79.0887,14.5021],[79.0899,14.5036],[79.0852,14.5073],[79.0852,14.5113],[79.0788,14.5127],[79.0778,14.5189],[79.0788,14.5218],[79.0754,14.5226],[79.076,14.5183],[79.0726,14.518],[79.072,14.5144],[79.0621,14.5143],[79.0614,14.5077],[79.065,14.4976],[79.0624,14.4951],[79.0628,14.4921],[79.0679,14.4842],[79.0723,14.4833],[79.0719,14.4796],[79.0688,14.4775],[79.0716,14.4737],[79.0771,14.4741],[79.0813,14.4769],[79.0884,14.4771],[79.0915,14.4786],[79.0948,14.4782],[79.0829,14.4707],[79.0773,14.468],[79.0711,14.466],[79.064,14.4616],[79.0593,14.457],[79.055,14.4541],[79.0496,14.4519],[79.0418,14.4528],[79.0372,14.4569],[79.0315,14.4596],[79.0263,14.4635],[79.0107,14.4641],[78.9992,14.4707],[78.9955,14.4749],[78.9768,14.4769],[78.9403,14.4803],[78.9278,14.4939],[78.9148,14.5066],[78.9056,14.5086],[78.8992,14.5118],[78.894,14.5135],[78.8894,14.5191],[78.8852,14.5215],[78.8802,14.5273],[78.8779,14.5277],[78.8763,14.5269],[78.8724,14.532],[78.8649,14.5344],[78.8652,14.5307],[78.8638,14.5254],[78.8635,14.5183],[78.8654,14.5031],[78.865,14.4956],[78.8662,14.4888],[78.8684,14.4819],[78.8771,14.4673],[78.8809,14.462],[78.885,14.4531],[78.8873,14.4495],[78.8938,14.4438],[78.8935,14.4165],[78.8947,14.4071],[78.8925,14.4013],[78.8958,14.3935],[78.8975,14.3863],[78.9027,14.3762],[78.9092,14.3584],[78.8996,14.3387],[78.9022,14.3219],[78.8924,14.321],[78.8813,14.3233],[78.88,14.3199],[78.8734,14.3117],[78.8718,14.3073],[78.8716,14.2977],[78.8602,14.298],[78.8494,14.2974],[78.839,14.2983],[78.8273,14.292],[78.8137,14.2912],[78.809,14.2961],[78.8018,14.3011],[78.7929,14.3034],[78.7807,14.3089],[78.7695,14.3165],[78.7628,14.3146],[78.7635,14.3099],[78.7615,14.3101],[78.7552,14.307],[78.7498,14.306],[78.7479,14.3095],[78.7444,14.3097],[78.7486,14.2998],[78.7376,14.2949],[78.7301,14.2942],[78.7167,14.2937],[78.7154,14.2946],[78.7024,14.2948],[78.6909,14.2974],[78.674,14.2985],[78.6659,14.2964],[78.6656,14.2947],[78.6681,14.2868],[78.6669,14.2784],[78.6815,14.264],[78.6745,14.2473],[78.6666,14.2461],[78.652,14.2501],[78.6544,14.2548],[78.6553,14.2593],[78.6597,14.2655],[78.6516,14.27],[78.6498,14.2739],[78.6423,14.2714],[78.6387,14.2738],[78.6365,14.2737],[78.6276,14.278],[78.6196,14.2827],[78.6124,14.2794],[78.6099,14.279],[78.6078,14.2833],[78.6021,14.2825],[78.6008,14.2768],[78.5934,14.2732],[78.5959,14.2655],[78.5989,14.2492],[78.6038,14.244],[78.6072,14.2425],[78.6128,14.2381],[78.6157,14.2332],[78.6185,14.2265],[78.6229,14.2233],[78.6234,14.2182],[78.626,14.2154],[78.6265,14.2107],[78.6153,14.2047],[78.6064,14.2018],[78.6053,14.1983],[78.5993,14.1954],[78.5975,14.1913],[78.5907,14.1903],[78.5896,14.1889],[78.5899,14.1835],[78.5876,14.1775],[78.5824,14.1765],[78.5733,14.1793],[78.572,14.1764],[78.5652,14.1745],[78.5667,14.169],[78.5648,14.1601],[78.5715,14.1652],[78.5744,14.1645],[78.5751,14.1598],[78.573,14.1555],[78.5697,14.1549],[78.5652,14.1492],[78.563,14.1435],[78.5702,14.138],[78.5727,14.1391],[78.5811,14.1319],[78.5762,14.1309],[78.5768,14.1259],[78.5717,14.1186],[78.5667,14.1147],[78.5597,14.115],[78.5585,14.1197],[78.5554,14.1193],[78.5554,14.1165],[78.5513,14.1165],[78.5514,14.1229],[78.5457,14.1224],[78.5437,14.1258],[78.5472,14.1329],[78.5649,14.1363],[78.5612,14.1393],[78.554,14.1476],[78.5551,14.1488],[78.5482,14.1553],[78.5402,14.1538],[78.533,14.1542],[78.5288,14.1533],[78.5272,14.1581],[78.5251,14.1693],[78.5207,14.17],[78.5129,14.168],[78.5059,14.1685],[78.5018,14.1705],[78.4983,14.1704],[78.4933,14.1659],[78.4889,14.1654],[78.4838,14.1637],[78.4791,14.1641],[78.4774,14.1608],[78.4736,14.1577],[78.4667,14.1542],[78.4614,14.1483],[78.4555,14.1456],[78.4494,14.1441],[78.4457,14.1415],[78.4435,14.1385],[78.4391,14.1347],[78.4384,14.1376],[78.43,14.1392],[78.4252,14.1416],[78.4248,14.1484],[78.4221,14.1491],[78.4223,14.1555],[78.4203,14.1567],[78.4207,14.1602],[78.4203,14.1708],[78.4228,14.1741],[78.4242,14.1794],[78.4289,14.1811],[78.4304,14.184],[78.4303,14.1902],[78.4313,14.1931],[78.4282,14.1988],[78.4228,14.1993],[78.4212,14.1969],[78.4128,14.1975],[78.4103,14.2007],[78.406,14.2018],[78.4064,14.2129],[78.408,14.2204],[78.4099,14.2249],[78.4084,14.2272],[78.4105,14.2344],[78.4124,14.2383],[78.4197,14.2577],[78.4222,14.2705],[78.424,14.2743],[78.4208,14.2839],[78.4166,14.2785],[78.4125,14.2777],[78.3952,14.2776],[78.3872,14.2804],[78.3686,14.2884],[78.3644,14.2876],[78.3574,14.2936],[78.3434,14.292],[78.3426,14.2895],[78.3301,14.2907],[78.3217,14.2942],[78.3172,14.294],[78.313,14.2914],[78.2994,14.2909],[78.2948,14.294],[78.2853,14.2924],[78.2828,14.2944],[78.2813,14.302],[78.2774,14.3054],[78.2713,14.305],[78.2538,14.3052],[78.2514,14.3087],[78.2479,14.3076],[78.2409,14.3109],[78.2291,14.3156],[78.2295,14.3176],[78.2201,14.3229],[78.2212,14.3246],[78.2182,14.3287],[78.2072,14.3332],[78.1985,14.3386],[78.1903,14.345],[78.1888,14.3502],[78.1825,14.353],[78.1784,14.3526],[78.171,14.3548],[78.1588,14.3628],[78.156,14.3658],[78.1378,14.3787],[78.1192,14.3878],[78.1075,14.393],[78.0879,14.4139],[78.0861,14.4155],[78.0852,14.4219],[78.0644,14.4347],[78.0555,14.4422],[78.0391,14.4571],[78.0331,14.4629],[78.0233,14.4711],[78.018,14.4747],[78.0008,14.4895],[77.9984,14.4995],[77.9949,14.5021],[77.9879,14.5148],[77.978,14.5237],[77.9729,14.5318],[77.9728,14.5354],[77.9772,14.5378],[77.9709,14.5452],[77.9686,14.5492],[77.9635,14.5549],[77.9614,14.5603],[77.9521,14.5626],[77.9441,14.5704],[77.9476,14.5747],[77.9518,14.5769],[77.956,14.5808],[77.96,14.5807],[77.9639,14.584],[77.9644,14.5884],[77.9671,14.5871],[77.9694,14.5767],[77.9747,14.5697],[77.9777,14.5678],[77.9823,14.5672],[77.9851,14.555],[77.9848,14.5496],[77.9829,14.5461],[77.9844,14.5434],[77.9879,14.5404],[77.9942,14.5394],[78.0008,14.5395],[78.0125,14.5368],[78.0144,14.5384],[78.0223,14.5336],[78.0255,14.5349],[78.0304,14.5338],[78.0334,14.5311],[78.0346,14.5337],[78.0401,14.534],[78.0423,14.5371],[78.0444,14.5472],[78.0388,14.5564],[78.0394,14.5609],[78.0379,14.5625],[78.0395,14.5672],[78.0447,14.5677],[78.0526,14.5717],[78.0593,14.5735],[78.0648,14.573],[78.0676,14.5808],[78.07,14.5814],[78.0746,14.5891],[78.077,14.5983],[78.0812,14.6083],[78.0819,14.613],[78.0852,14.6164],[78.0868,14.6213],[78.0884,14.6313],[78.1045,14.6286],[78.1137,14.6289],[78.1127,14.6262],[78.1222,14.6244],[78.1243,14.6306],[78.1197,14.6349],[78.1299,14.6498],[78.132,14.6708],[78.1327,14.6763],[78.1352,14.6882],[78.135,14.6962],[78.1256,14.6981],[78.1196,14.6979],[78.1194,14.6935],[78.1169,14.6923],[78.1099,14.6931],[78.1092,14.6971],[78.107,14.7002],[78.0968,14.7017],[78.098,14.7091],[78.0954,14.7095],[78.0944,14.7141],[78.0871,14.7173],[78.0779,14.7188],[78.067,14.7162],[78.0637,14.7192],[78.0658,14.7216],[78.0693,14.7292],[78.0779,14.7459],[78.0765,14.7531],[78.0733,14.7572],[78.0696,14.7579],[78.0621,14.7627],[78.0607,14.7654],[78.0541,14.7689],[78.0474,14.7712],[78.047,14.7751],[78.0517,14.781],[78.0552,14.7841],[78.0584,14.7906],[78.0614,14.7923],[78.0637,14.7964],[78.0658,14.7978],[78.0688,14.8055],[78.0728,14.8139],[78.0756,14.8169],[78.0755,14.8212],[78.0768,14.8279],[78.0805,14.8267],[78.0846,14.8239],[78.098,14.8183],[78.1014,14.8177],[78.1095,14.8426],[78.1139,14.8514],[78.1093,14.8545],[78.1051,14.8545],[78.1009,14.856],[78.0895,14.8583],[78.09,14.8629],[78.093,14.8723],[78.0955,14.884],[78.0947,14.8852],[78.0986,14.8946],[78.1087,14.9229],[78.1134,14.9324],[78.1227,14.9348],[78.1255,14.9377],[78.1267,14.9339],[78.1312,14.9349],[78.1349,14.9398],[78.1375,14.9452],[78.1375,14.9487],[78.139,14.9496],[78.1513,14.9493],[78.1532,14.9599],[78.1572,14.9629],[78.1657,14.9645],[78.1804,14.9649],[78.1961,14.9584],[78.2038,14.9548],[78.2116,14.9531],[78.2205,14.956],[78.2222,14.9613],[78.2246,14.9782],[78.2293,14.9859],[78.2331,14.9959],[78.2361,15.005],[78.2438,15.0006],[78.2472,15.0073],[78.25,15.0109],[78.2565,15.0239],[78.2605,15.0275],[78.2779,15.0288],[78.2841,15.0319],[78.2837,15.0385],[78.2796,15.0421],[78.2786,15.0495],[78.275,15.0552],[78.2753,15.0598],[78.279,15.0629],[78.2807,15.068],[78.2868,15.0727],[78.2912,15.0743],[78.3,15.0748],[78.3118,15.0708],[78.3125,15.0699],[78.3251,15.0735],[78.3348,15.0682],[78.3491,15.0649],[78.3547,15.0631],[78.3532,15.0555],[78.3642,15.0533],[78.3705,15.0729],[78.3822,15.0696],[78.3781,15.0577],[78.3996,15.0499],[78.3855,15.0408],[78.3776,15.0398],[78.3737,15.036],[78.3694,15.0271],[78.3659,15.0298],[78.3575,15.0323],[78.3534,15.032],[78.3503,15.0258],[78.3496,15.0163],[78.3446,15.0094],[78.3428,15.0029],[78.3516,14.9964],[78.3589,14.9876],[78.3637,14.986],[78.3803,14.9762],[78.3873,14.971],[78.3923,14.9696],[78.3931,14.9719],[78.3984,14.9708],[78.4013,14.9743],[78.41,14.9744],[78.4132,14.9928],[78.4138,15.0103],[78.4162,15.0226],[78.4179,15.032],[78.4233,15.0322],[78.4306,15.0341],[78.4348,15.0341],[78.4359,15.0376],[78.4388,15.035],[78.4445,15.0356],[78.445,15.0331],[78.4569,15.0321],[78.4582,15.035],[78.4616,15.0346],[78.4618,15.0405],[78.4709,15.0398],[78.4708,15.0372],[78.475,15.0379],[78.4796,15.0406],[78.4812,15.0449],[78.4847,15.0425],[78.4875,15.0517],[78.4814,15.0521],[78.4787,15.0554],[78.4797,15.0592],[78.4785,15.0628],[78.4816,15.0651],[78.4804,15.0686],[78.4815,15.0721],[78.4875,15.0726],[78.4974,15.0711],[78.5061,15.0704],[78.5084,15.0682],[78.5079,15.0654],[78.5157,15.0612],[78.5123,15.0411],[78.5129,15.0362],[78.5138,15.0191],[78.5153,15.0191],[78.5154,15.0135],[78.5088,15.0048],[78.5161,15.0021],[78.5166,14.9982],[78.5132,14.9843],[78.513,14.9793],[78.5105,14.9745],[78.51,14.9703],[78.5047,14.9561],[78.4986,14.957],[78.496,14.9512],[78.4915,14.9369],[78.4895,14.9326],[78.4848,14.9269],[78.4828,14.9218],[78.4778,14.9043],[78.4856,14.9022],[78.4898,14.9108],[78.4939,14.9179],[78.4986,14.9241],[78.5044,14.9274],[78.5104,14.9358],[78.5173,14.9415],[78.5197,14.9447],[78.5167,14.9477],[78.5188,14.9539],[78.523,14.9536],[78.5282,14.9617],[78.5331,14.9613],[78.5372,14.9624],[78.5402,14.9664],[78.5504,14.9637],[78.5514,14.9625],[78.5488,14.9525],[78.5467,14.9419],[78.5468,14.9342],[78.553,14.9319],[78.5565,14.9314],[78.5629,14.9325],[78.5666,14.9345],[78.5672,14.937],[78.5717,14.9395],[78.5745,14.9395],[78.5777,14.9452],[78.5826,14.9474],[78.5858,14.9458],[78.5918,14.9408],[78.5938,14.9438],[78.5968,14.9526],[78.6021,14.9553],[78.6052,14.9529],[78.614,14.9486],[78.6172,14.9495],[78.6289,14.947],[78.6321,14.9399],[78.63,14.927],[78.6427,14.9282],[78.6502,14.9308],[78.6602,14.9311],[78.6647,14.9334],[78.666,14.9365],[78.6732,14.9374],[78.6762,14.9369],[78.6847,14.9398],[78.6877,14.9553],[78.6884,14.9624],[78.6912,14.9653],[78.6919,14.9694],[78.718,14.9703],[78.7154,14.9986],[78.7131,15.0103],[78.7091,15.0229],[78.7287,15.0255],[78.7387,15.0312],[78.748,15.0351],[78.7519,15.0383],[78.7526,15.0414],[78.7605,15.0543],[78.7614,15.0598],[78.7566,15.0634],[78.7579,15.0667],[78.7541,15.0768],[78.7594,15.0805],[78.7549,15.09],[78.7504,15.1023],[78.7499,15.1091],[78.7521,15.1309],[78.7491,15.1351],[78.7521,15.1418],[78.7526,15.1495],[78.7526,15.1606],[78.7574,15.1855]]]},"properties":{"district":"Kadapa","st_nm":"Andhra Pradesh"}},{"type":"Feature","geometry":{"type":"Polygon","coordinates":[[[78.8779,14.5277],[78.8802,14.5273],[78.8852,14.5215],[78.8894,14.5191],[78.894,14.5135],[78.8992,14.5118],[78.9056,14.5086],[78.9148,14.5066],[78.9278,14.4939],[78.9403,14.4803],[78.9768,14.4769],[78.9955,14.4749],[78.9992,14.4707],[79.0107,14.4641],[79.0263,14.4635],[79.0315,14.4596],[79.0372,14.4569],[79.0418,14.4528],[79.0496,14.4519],[79.055,14.4541],[79.0593,14.457],[79.064,14.4616],[79.0711,14.466],[79.0773,14.468],[79.0829,14.4707],[79.0948,14.4782],[79.0915,14.4786],[79.0884,14.4771],[79.0813,14.4769],[79.0771,14.4741],[79.0716,14.4737],[79.0688,14.4775],[79.0719,14.4796],[79.0723,14.4833],[79.0679,14.4842],[79.0628,14.4921],[79.0624,14.4951],[79.065,14.4976],[79.0614,14.5077],[79.0621,14.5143],[79.072,14.5144],[79.0726,14.518],[79.076,14.5183],[79.0754,14.5226],[79.0788,14.5218],[79.0778,14.5189],[79.0788,14.5127],[79.0852,14.5113],[79.0852,14.5073],[79.0899,14.5036],[79.0887,14.5021],[79.0922,14.4968],[79.0953,14.4938],[79.0998,14.4919],[79.1088,14.4818],[79.1132,14.4794],[79.1193,14.4715],[79.1234,14.4746],[79.125,14.4778],[79.1284,14.4739],[79.1275,14.4689],[79.1288,14.464],[79.1341,14.4605],[79.1377,14.4559],[79.1383,14.4534],[79.1449,14.4518],[79.1577,14.4502],[79.1633,14.4484],[79.1681,14.4527],[79.1715,14.4606],[79.1918,14.4651],[79.1953,14.4613],[79.2012,14.4587],[79.204,14.4596],[79.2087,14.459],[79.2109,14.4611],[79.2167,14.46],[79.2254,14.4555],[79.2257,14.4502],[79.2293,14.4495],[79.2362,14.4444],[79.2425,14.4415],[79.2364,14.4237],[79.2324,14.4142],[79.2412,14.4092],[79.2452,14.4051],[79.2489,14.4044],[79.2562,14.3972],[79.2644,14.3926],[79.2735,14.3944],[79.2782,14.3964],[79.2847,14.3886],[79.2867,14.3828],[79.2904,14.3794],[79.291,14.3772],[79.3062,14.3605],[79.31,14.3692],[79.3141,14.3814],[79.3094,14.3866],[79.3084,14.3908],[79.3027,14.3923],[79.3013,14.402],[79.2999,14.4061],[79.3015,14.4087],[79.3067,14.4124],[79.3116,14.4115],[79.3072,14.4167],[79.3066,14.421],[79.3105,14.4267],[79.3084,14.4297],[79.309,14.4378],[79.3105,14.4403],[79.3067,14.4442],[79.305,14.4489],[79.3018,14.4541],[79.3024,14.4581],[79.298,14.4616],[79.2999,14.4668],[79.2968,14.4684],[79.2949,14.4748],[79.2932,14.4748],[79.2895,14.4782],[79.2894,14.4802],[79.2995,14.4843],[79.302,14.486],[79.3054,14.4856],[79.3108,14.4801],[79.3164,14.4785],[79.3176,14.4743],[79.3267,14.4589],[79.3247,14.4572],[79.3261,14.4438],[79.3273,14.4367],[79.3295,14.4316],[79.3299,14.4277],[79.3357,14.4186],[79.3418,14.4136],[79.3432,14.4094],[79.3487,14.4064],[79.3491,14.4013],[79.3514,14.3971],[79.3558,14.3923],[79.3584,14.3865],[79.3592,14.3828],[79.3636,14.3807],[79.3647,14.3786],[79.365,14.3733],[79.3675,14.3706],[79.3667,14.3611],[79.3648,14.3588],[79.3664,14.3523],[79.3756,14.3481],[79.381,14.3465],[79.3895,14.3421],[79.397,14.3281],[79.3998,14.32],[79.4166,14.2895],[79.4215,14.2813],[79.4195,14.2779],[79.4198,14.2659],[79.4273,14.2522],[79.4305,14.2501],[79.4357,14.2443],[79.4318,14.2378],[79.4303,14.2327],[79.4251,14.2222],[79.4258,14.2146],[79.4228,14.2076],[79.4246,14.2007],[79.4291,14.1946],[79.4284,14.187],[79.4287,14.1817],[79.4314,14.1755],[79.4334,14.1684],[79.4376,14.1492],[79.4382,14.141],[79.4411,14.1343],[79.4426,14.1256],[79.445,14.1165],[79.4505,14.1083],[79.4524,14.1031],[79.4544,14.1018],[79.454,14.0961],[79.4503,14.09],[79.4521,14.08],[79.45,14.0709],[79.4465,14.0682],[79.4464,14.066],[79.4428,14.0618],[79.4435,14.0415],[79.4409,14.0336],[79.437,14.0251],[79.44,14.0065],[79.4425,14.0017],[79.4433,13.9979],[79.4468,13.9971],[79.4527,13.994],[79.4557,13.9885],[79.4503,13.9727],[79.4524,13.9663],[79.4514,13.9618],[79.4531,13.9545],[79.4568,13.9536],[79.4587,13.9473],[79.4574,13.9437],[79.457,13.9371],[79.4576,13.9329],[79.455,13.9308],[79.455,13.923],[79.4536,13.9206],[79.4481,13.9153],[79.4446,13.9069],[79.4405,13.9044],[79.44,13.9018],[79.4437,13.8914],[79.4407,13.886],[79.4341,13.8766],[79.4348,13.8681],[79.4384,13.8552],[79.4448,13.8426],[79.4552,13.8245],[79.4575,13.8104],[79.458,13.7993],[79.4633,13.7974],[79.471,13.797],[79.4685,13.7938],[79.4654,13.7925],[79.457,13.7839],[79.4516,13.7822],[79.4485,13.7799],[79.439,13.7791],[79.4341,13.7812],[79.4289,13.7818],[79.4265,13.7853],[79.4188,13.7844],[79.4154,13.778],[79.4194,13.7773],[79.4199,13.7731],[79.4178,13.7667],[79.4133,13.7626],[79.4,13.7612],[79.3921,13.7608],[79.3805,13.7575],[79.377,13.7556],[79.3722,13.7553],[79.3675,13.7514],[79.3611,13.7479],[79.3466,13.7412],[79.3055,13.723],[79.2974,13.7461],[79.2926,13.7583],[79.2852,13.759],[79.2606,13.7598],[79.2513,13.7603],[79.2413,13.7599],[79.241,13.7505],[79.2372,13.7525],[79.2282,13.7546],[79.2249,13.7563],[79.2202,13.7618],[79.2204,13.7666],[79.2184,13.7718],[79.2156,13.7743],[79.2089,13.7769],[79.201,13.7818],[79.1988,13.7847],[79.1975,13.7889],[79.1912,13.793],[79.1943,13.8032],[79.1971,13.8029],[79.2029,13.8092],[79.2111,13.806],[79.2126,13.8102],[79.2157,13.8121],[79.211,13.8149],[79.205,13.8208],[79.1873,13.8305],[79.1774,13.838],[79.1737,13.8422],[79.1716,13.8472],[79.169,13.8468],[79.1634,13.8491],[79.1571,13.8533],[79.1515,13.8581],[79.1484,13.8656],[79.1376,13.8575],[79.1263,13.8496],[79.111,13.8496],[79.1053,13.8504],[79.0964,13.85],[79.0964,13.8559],[79.0904,13.8663],[79.0828,13.8788],[79.0717,13.8815],[79.067,13.8817],[79.0533,13.8843],[79.0485,13.8842],[79.036,13.8881],[79.0301,13.8888],[79.0254,13.8915],[79.0237,13.8957],[79.0237,13.903],[79.0151,13.9044],[79.0082,13.9076],[79.0051,13.9051],[79.006,13.9025],[79.0109,13.9022],[79.0128,13.897],[79.0176,13.8968],[79.0236,13.8941],[79.0232,13.8894],[79.0249,13.8864],[79.0215,13.884],[79.022,13.88],[79.0274,13.8783],[79.0367,13.8742],[79.0432,13.8643],[79.0499,13.8631],[79.0468,13.8561],[79.044,13.8588],[79.038,13.8571],[79.0316,13.8598],[79.0209,13.8579],[79.0243,13.8491],[79.0189,13.8448],[79.0121,13.8448],[79.0124,13.8377],[79.0151,13.8341],[79.0157,13.825],[79.0215,13.8248],[79.0237,13.8195],[79.027,13.8173],[79.0334,13.8171],[79.0372,13.8188],[79.039,13.816],[79.0423,13.8145],[79.0405,13.8082],[79.0403,13.8035],[79.0278,13.8013],[79.0242,13.8016],[79.0231,13.798],[79.0214,13.7829],[79.0243,13.7755],[79.0277,13.7733],[79.0367,13.7711],[79.0388,13.7719],[79.0386,13.7636],[79.0368,13.761],[79.0387,13.7466],[79.0304,13.742],[79.0285,13.7432],[79.0168,13.7412],[79.0124,13.738],[79.0101,13.7319],[79.0065,13.7294],[79.0062,13.7273],[78.9991,13.7245],[78.9954,13.7252],[78.9909,13.7234],[78.9782,13.7208],[78.9766,13.7153],[78.9761,13.7084],[78.9772,13.6984],[78.9785,13.6921],[78.9848,13.6873],[78.9864,13.6773],[78.9918,13.6768],[78.9925,13.6733],[78.9955,13.6699],[78.995,13.6651],[78.993,13.6634],[78.9899,13.6649],[78.9842,13.6607],[78.9827,13.6563],[78.9784,13.6569],[78.9767,13.6541],[78.9789,13.6509],[78.9826,13.651],[78.9881,13.6527],[78.9922,13.6519],[78.992,13.6464],[78.9943,13.645],[78.994,13.6417],[78.9974,13.6395],[78.9941,13.6365],[78.9967,13.6313],[78.9789,13.63],[78.975,13.6277],[78.9676,13.625],[78.9687,13.6201],[78.971,13.6188],[78.9738,13.6136],[78.9743,13.6083],[78.9735,13.6035],[78.9697,13.5938],[78.9597,13.5938],[78.9585,13.5885],[78.9551,13.5823],[78.9467,13.5846],[78.945,13.5892],[78.9342,13.5927],[78.9333,13.5887],[78.9279,13.582],[78.9218,13.5801],[78.9157,13.5813],[78.9122,13.5802],[78.9047,13.5855],[78.9013,13.5924],[78.8979,13.5941],[78.8862,13.594],[78.8794,13.5928],[78.8731,13.5983],[78.8718,13.6059],[78.8762,13.6137],[78.8785,13.6193],[78.8814,13.6231],[78.8857,13.6237],[78.8866,13.6273],[78.8855,13.6343],[78.8826,13.6348],[78.8836,13.6407],[78.8801,13.6507],[78.88,13.6555],[78.8821,13.6598],[78.8783,13.6602],[78.8712,13.6595],[78.8667,13.6578],[78.8627,13.6584],[78.8626,13.6661],[78.8542,13.6718],[78.8524,13.6651],[78.8514,13.6493],[78.8477,13.6482],[78.8459,13.644],[78.8403,13.6377],[78.839,13.6376],[78.8326,13.6327],[78.8259,13.6259],[78.8188,13.6163],[78.8182,13.6124],[78.8084,13.6123],[78.799,13.6152],[78.7948,13.6114],[78.796,13.6062],[78.7989,13.6041],[78.8022,13.5956],[78.8022,13.5919],[78.8043,13.5859],[78.8027,13.5819],[78.792,13.5825],[78.788,13.5809],[78.782,13.5833],[78.7704,13.5834],[78.7639,13.586],[78.7608,13.5855],[78.7507,13.5868],[78.7473,13.5827],[78.7393,13.569],[78.7387,13.5658],[78.7391,13.5582],[78.7416,13.5562],[78.7389,13.5464],[78.7415,13.5423],[78.7378,13.5401],[78.7394,13.5325],[78.7393,13.5301],[78.7335,13.5269],[78.7277,13.5257],[78.721,13.5221],[78.7154,13.5166],[78.7138,13.5139],[78.71,13.5162],[78.7146,13.524],[78.7214,13.5313],[78.7223,13.535],[78.7215,13.5382],[78.7175,13.5384],[78.7065,13.5362],[78.7039,13.5377],[78.6922,13.5354],[78.6918,13.5294],[78.6846,13.524],[78.6857,13.5212],[78.6826,13.5144],[78.6823,13.5107],[78.6776,13.5042],[78.673,13.504],[78.6718,13.5069],[78.6749,13.5088],[78.6759,13.5142],[78.6749,13.5196],[78.6591,13.5267],[78.6511,13.5246],[78.6433,13.5203],[78.6357,13.5181],[78.6321,13.5136],[78.6376,13.5079],[78.6438,13.5086],[78.6634,13.4993],[78.6645,13.4915],[78.6593,13.4839],[78.6532,13.4877],[78.649,13.4892],[78.6439,13.4897],[78.6406,13.489],[78.629,13.4849],[78.6239,13.4849],[78.6184,13.489],[78.6138,13.4908],[78.6071,13.4907],[78.6008,13.4873],[78.5965,13.4893],[78.5908,13.4944],[78.5828,13.5001],[78.5725,13.509],[78.5677,13.5158],[78.564,13.5123],[78.5624,13.5082],[78.5589,13.5062],[78.5571,13.5017],[78.5522,13.5009],[78.5491,13.4915],[78.5454,13.4888],[78.5434,13.4833],[78.5379,13.486],[78.5359,13.489],[78.5312,13.4888],[78.5293,13.4858],[78.5248,13.4837],[78.5108,13.4823],[78.508,13.4815],[78.506,13.4848],[78.4993,13.4831],[78.4954,13.4786],[78.4941,13.4757],[78.4873,13.4686],[78.4857,13.4625],[78.4827,13.4578],[78.4772,13.4554],[78.4854,13.4504],[78.4797,13.4499],[78.4811,13.4475],[78.4795,13.4432],[78.4816,13.4423],[78.4891,13.4446],[78.5052,13.4432],[78.5056,13.4411],[78.502,13.4378],[78.5001,13.433],[78.4994,13.4283],[78.5011,13.4241],[78.5033,13.4228],[78.51,13.4212],[78.5112,13.4166],[78.5184,13.411],[78.5191,13.4059],[78.5167,13.401],[78.5192,13.3963],[78.5189,13.3893],[78.5216,13.3806],[78.5204,13.3785],[78.5139,13.3755],[78.5077,13.3717],[78.5058,13.3679],[78.5146,13.365],[78.5192,13.3651],[78.5214,13.3639],[78.525,13.357],[78.5243,13.3527],[78.519,13.3479],[78.5173,13.3411],[78.5104,13.341],[78.5037,13.338],[78.4967,13.3384],[78.4929,13.3355],[78.4893,13.326],[78.4828,13.3247],[78.4788,13.3219],[78.4772,13.3225],[78.4704,13.3195],[78.4671,13.315],[78.4583,13.3137],[78.4529,13.31],[78.4488,13.3084],[78.444,13.3083],[78.4406,13.3216],[78.4416,13.325],[78.4408,13.3282],[78.4355,13.33],[78.4284,13.331],[78.422,13.328],[78.4192,13.3202],[78.4016,13.3152],[78.3998,13.3202],[78.3926,13.325],[78.3876,13.3319],[78.3776,13.3319],[78.3787,13.3369],[78.3832,13.3434],[78.388,13.3426],[78.3887,13.3387],[78.3856,13.3345],[78.393,13.3336],[78.3994,13.3356],[78.4038,13.3358],[78.4076,13.3372],[78.4087,13.3455],[78.4048,13.3476],[78.3937,13.3506],[78.3951,13.3541],[78.3778,13.3629],[78.3764,13.3611],[78.3712,13.3612],[78.3699,13.358],[78.366,13.3583],[78.3664,13.3651],[78.3693,13.3728],[78.3726,13.3781],[78.3792,13.3835],[78.382,13.3971],[78.3814,13.4087],[78.3795,13.4145],[78.3811,13.4186],[78.3778,13.424],[78.3776,13.4324],[78.376,13.4367],[78.3767,13.4394],[78.3793,13.4399],[78.3787,13.4437],[78.3758,13.4441],[78.3753,13.4479],[78.3732,13.4515],[78.3749,13.4617],[78.3723,13.4639],[78.3712,13.4699],[78.3746,13.4764],[78.379,13.4818],[78.3779,13.4944],[78.3779,13.5031],[78.3742,13.5091],[78.3832,13.5158],[78.3841,13.5175],[78.3822,13.5252],[78.3901,13.5362],[78.394,13.5408],[78.3938,13.5524],[78.4005,13.5644],[78.4019,13.5696],[78.4066,13.577],[78.4018,13.5788],[78.4023,13.5872],[78.4005,13.5885],[78.3967,13.588],[78.3933,13.5916],[78.3872,13.5911],[78.3853,13.5922],[78.3709,13.5903],[78.3651,13.5882],[78.3574,13.5882],[78.3503,13.5871],[78.347,13.5905],[78.3309,13.5947],[78.3247,13.5948],[78.3149,13.5917],[78.309,13.5919],[78.3001,13.5901],[78.2692,13.5879],[78.259,13.5826],[78.259,13.5852],[78.249,13.5911],[78.2445,13.5961],[78.2377,13.5981],[78.2348,13.5973],[78.2349,13.5911],[78.2324,13.5866],[78.2284,13.5869],[78.2237,13.5894],[78.2215,13.5892],[78.2196,13.5926],[78.2154,13.5903],[78.215,13.5849],[78.2124,13.5789],[78.2078,13.5761],[78.2044,13.57],[78.1933,13.5646],[78.1896,13.57],[78.1887,13.5735],[78.1902,13.5819],[78.1882,13.5851],[78.1896,13.5901],[78.2014,13.6017],[78.2034,13.6054],[78.2037,13.618],[78.2032,13.6214],[78.2038,13.6281],[78.1969,13.628],[78.1868,13.6301],[78.1784,13.63],[78.1722,13.631],[78.1686,13.6325],[78.168,13.6417],[78.1691,13.6541],[78.1677,13.6558],[78.1579,13.6572],[78.1434,13.6585],[78.1385,13.6584],[78.1337,13.6601],[78.1308,13.6577],[78.1255,13.6556],[78.1148,13.6577],[78.1092,13.6556],[78.1077,13.6533],[78.1043,13.6528],[78.1024,13.6503],[78.0991,13.643],[78.0933,13.644],[78.0884,13.6437],[78.0878,13.6499],[78.0899,13.6595],[78.0778,13.6676],[78.0774,13.6731],[78.0736,13.6738],[78.0664,13.677],[78.0704,13.681],[78.0743,13.6869],[78.0741,13.6893],[78.0701,13.692],[78.0701,13.6976],[78.0765,13.6983],[78.0816,13.696],[78.085,13.693],[78.0901,13.6919],[78.1003,13.6914],[78.1094,13.6931],[78.1145,13.6927],[78.1139,13.6958],[78.115,13.7041],[78.1183,13.7089],[78.1211,13.7159],[78.1184,13.7203],[78.1103,13.7264],[78.1074,13.7333],[78.1046,13.7371],[78.0955,13.7398],[78.0925,13.7421],[78.0946,13.7458],[78.1003,13.7594],[78.1084,13.7634],[78.1129,13.7645],[78.1181,13.7699],[78.1223,13.7823],[78.1256,13.787],[78.129,13.7849],[78.1406,13.7827],[78.1479,13.7822],[78.1516,13.7868],[78.1571,13.7856],[78.16,13.7862],[78.1633,13.7846],[78.1744,13.7865],[78.1825,13.7863],[78.1833,13.7884],[78.1891,13.7896],[78.1933,13.7861],[78.2006,13.7862],[78.2034,13.7855],[78.2086,13.7822],[78.2167,13.7832],[78.2255,13.7811],[78.2359,13.7808],[78.2496,13.7871],[78.2515,13.7919],[78.2579,13.7926],[78.2619,13.7914],[78.2634,13.7982],[78.262,13.8003],[78.2555,13.8066],[78.255,13.8198],[78.2563,13.824],[78.2561,13.8367],[78.2515,13.8381],[78.2485,13.8416],[78.2412,13.846],[78.2426,13.8511],[78.2487,13.8526],[78.2537,13.8528],[78.2581,13.8544],[78.2594,13.8587],[78.2653,13.8578],[78.2633,13.8629],[78.2641,13.8657],[78.2691,13.8676],[78.2682,13.8729],[78.2752,13.8826],[78.2746,13.8866],[78.2785,13.8896],[78.2731,13.8956],[78.2781,13.8958],[78.2818,13.8977],[78.2851,13.894],[78.2897,13.8922],[78.2957,13.8926],[78.2989,13.9003],[78.2982,13.9049],[78.301,13.9083],[78.3052,13.908],[78.3081,13.91],[78.3102,13.914],[78.3185,13.9212],[78.3258,13.9221],[78.3319,13.9181],[78.3335,13.9223],[78.3369,13.9273],[78.336,13.9305],[78.3377,13.9371],[78.3472,13.9355],[78.3486,13.94],[78.3523,13.9386],[78.3597,13.945],[78.3706,13.957],[78.3759,13.9524],[78.3725,13.9452],[78.3786,13.9415],[78.3869,13.9393],[78.3898,13.9412],[78.3916,13.9449],[78.3974,13.9508],[78.4049,13.957],[78.4151,13.9621],[78.4207,13.9639],[78.4252,13.972],[78.4263,13.9774],[78.4277,13.9794],[78.4349,13.9793],[78.4427,13.9838],[78.4461,13.9821],[78.4534,13.9843],[78.4607,13.9876],[78.4628,13.9917],[78.4665,13.9949],[78.4675,13.9959],[78.4687,14.0053],[78.4701,14.0077],[78.459,14.0086],[78.4574,14.01],[78.4434,14.0156],[78.4409,14.019],[78.4418,14.0317],[78.4403,14.0437],[78.4493,14.0528],[78.4468,14.0565],[78.4462,14.0613],[78.4464,14.0699],[78.4476,14.0711],[78.446,14.0757],[78.4435,14.0775],[78.4429,14.0811],[78.4447,14.0849],[78.4495,14.0852],[78.4514,14.0833],[78.4546,14.0848],[78.457,14.0897],[78.4591,14.0918],[78.4595,14.0961],[78.4617,14.1081],[78.4596,14.1116],[78.4548,14.1152],[78.4514,14.1232],[78.4511,14.1263],[78.4488,14.1325],[78.4435,14.1385],[78.4457,14.1415],[78.4494,14.1441],[78.4555,14.1456],[78.4614,14.1483],[78.4667,14.1542],[78.4736,14.1577],[78.4774,14.1608],[78.4791,14.1641],[78.4838,14.1637],[78.4889,14.1654],[78.4933,14.1659],[78.4983,14.1704],[78.5018,14.1705],[78.5059,14.1685],[78.5129,14.168],[78.5207,14.17],[78.5251,14.1693],[78.5272,14.1581],[78.5288,14.1533],[78.533,14.1542],[78.5402,14.1538],[78.5482,14.1553],[78.5551,14.1488],[78.554,14.1476],[78.5612,14.1393],[78.5649,14.1363],[78.5472,14.1329],[78.5437,14.1258],[78.5457,14.1224],[78.5514,14.1229],[78.5513,14.1165],[78.5554,14.1165],[78.5554,14.1193],[78.5585,14.1197],[78.5597,14.115],[78.5667,14.1147],[78.5717,14.1186],[78.5768,14.1259],[78.5762,14.1309],[78.5811,14.1319],[78.5727,14.1391],[78.5702,14.138],[78.563,14.1435],[78.5652,14.1492],[78.5697,14.1549],[78.573,14.1555],[78.5751,14.1598],[78.5744,14.1645],[78.5715,14.1652],[78.5648,14.1601],[78.5667,14.169],[78.5652,14.1745],[78.572,14.1764],[78.5733,14.1793],[78.5824,14.1765],[78.5876,14.1775],[78.5899,14.1835],[78.5896,14.1889],[78.5907,14.1903],[78.5975,14.1913],[78.5993,14.1954],[78.6053,14.1983],[78.6064,14.2018],[78.6153,14.2047],[78.6265,14.2107],[78.626,14.2154],[78.6234,14.2182],[78.6229,14.2233],[78.6185,14.2265],[78.6157,14.2332],[78.6128,14.2381],[78.6072,14.2425],[78.6038,14.244],[78.5989,14.2492],[78.5959,14.2655],[78.5934,14.2732],[78.6008,14.2768],[78.6021,14.2825],[78.6078,14.2833],[78.6099,14.279],[78.6124,14.2794],[78.6196,14.2827],[78.6276,14.278],[78.6365,14.2737],[78.6387,14.2738],[78.6423,14.2714],[78.6498,14.2739],[78.6516,14.27],[78.6597,14.2655],[78.6553,14.2593],[78.6544,14.2548],[78.652,14.2501],[78.6666,14.2461],[78.6745,14.2473],[78.6815,14.264],[78.6669,14.2784],[78.6681,14.2868],[78.6656,14.2947],[78.6659,14.2964],[78.674,14.2985],[78.6909,14.2974],[78.7024,14.2948],[78.7154,14.2946],[78.7167,14.2937],[78.7301,14.2942],[78.7376,14.2949],[78.7486,14.2998],[78.7444,14.3097],[78.7479,14.3095],[78.7498,14.306],[78.7552,14.307],[78.7615,14.3101],[78.7635,14.3099],[78.7628,14.3146],[78.7695,14.3165],[78.7807,14.3089],[78.7929,14.3034],[78.8018,14.3011],[78.809,14.2961],[78.8137,14.2912],[78.8273,14.292],[78.839,14.2983],[78.8494,14.2974],[78.8602,14.298],[78.8716,14.2977],[78.8718,14.3073],[78.8734,14.3117],[78.88,14.3199],[78.8813,14.3233],[78.8924,14.321],[78.9022,14.3219],[78.8996,14.3387],[78.9092,14.3584],[78.9027,14.3762],[78.8975,14.3863],[78.8958,14.3935],[78.8925,14.4013],[78.8947,14.4071],[78.8935,14.4165],[78.8938,14.4438],[78.8873,14.4495],[78.885,14.4531],[78.8809,14.462],[78.8771,14.4673],[78.8684,14.4819],[78.8662,14.4888],[78.865,14.4956],[78.8654,14.5031],[78.8635,14.5183],[78.8638,14.5254],[78.8652,14.5307],[78.8649,14.5344],[78.8724,14.532],[78.8763,14.5269],[78.8779,14.5277]]]},"properties":{"district":"Annamayya","st_nm":"Andhra Pradesh"}},{"type":"Feature","geometry":{"type":"Polygon","coordinates":[[[78.7708,15.4179],[78.7619,15.3973],[78.7613,15.3951],[78.7505,15.3735],[78.7474,15.368],[78.7418,15.35],[78.7405,15.3419],[78.7367,15.3264],[78.7386,15.3186],[78.7389,15.3],[78.7387,15.2817],[78.7394,15.2709],[78.7386,15.2518],[78.7365,15.2444],[78.7363,15.2314],[78.7366,15.2012],[78.7419,15.1837],[78.7504,15.1844],[78.7574,15.1855],[78.7526,15.1606],[78.7526,15.1495],[78.7521,15.1418],[78.7491,15.1351],[78.7521,15.1309],[78.7499,15.1091],[78.7504,15.1023],[78.7549,15.09],[78.7594,15.0805],[78.7541,15.0768],[78.7579,15.0667],[78.7566,15.0634],[78.7614,15.0598],[78.7605,15.0543],[78.7526,15.0414],[78.7519,15.0383],[78.748,15.0351],[78.7387,15.0312],[78.7287,15.0255],[78.7091,15.0229],[78.7131,15.0103],[78.7154,14.9986],[78.718,14.9703],[78.6919,14.9694],[78.6912,14.9653],[78.6884,14.9624],[78.6877,14.9553],[78.6847,14.9398],[78.6762,14.9369],[78.6732,14.9374],[78.666,14.9365],[78.6647,14.9334],[78.6602,14.9311],[78.6502,14.9308],[78.6427,14.9282],[78.63,14.927],[78.6321,14.9399],[78.6289,14.947],[78.6172,14.9495],[78.614,14.9486],[78.6052,14.9529],[78.6021,14.9553],[78.5968,14.9526],[78.5938,14.9438],[78.5918,14.9408],[78.5858,14.9458],[78.5826,14.9474],[78.5777,14.9452],[78.5745,14.9395],[78.5717,14.9395],[78.5672,14.937],[78.5666,14.9345],[78.5629,14.9325],[78.5565,14.9314],[78.553,14.9319],[78.5468,14.9342],[78.5467,14.9419],[78.5488,14.9525],[78.5514,14.9625],[78.5504,14.9637],[78.5402,14.9664],[78.5372,14.9624],[78.5331,14.9613],[78.5282,14.9617],[78.523,14.9536],[78.5188,14.9539],[78.5167,14.9477],[78.5197,14.9447],[78.5173,14.9415],[78.5104,14.9358],[78.5044,14.9274],[78.4986,14.9241],[78.4939,14.9179],[78.4898,14.9108],[78.4856,14.9022],[78.4778,14.9043],[78.4828,14.9218],[78.4848,14.9269],[78.4895,14.9326],[78.4915,14.9369],[78.496,14.9512],[78.4986,14.957],[78.5047,14.9561],[78.51,14.9703],[78.5105,14.9745],[78.513,14.9793],[78.5132,14.9843],[78.5166,14.9982],[78.5161,15.0021],[78.5088,15.0048],[78.5154,15.0135],[78.5153,15.0191],[78.5138,15.0191],[78.5129,15.0362],[78.5123,15.0411],[78.5157,15.0612],[78.5079,15.0654],[78.5084,15.0682],[78.5061,15.0704],[78.4974,15.0711],[78.4875,15.0726],[78.4815,15.0721],[78.4804,15.0686],[78.4816,15.0651],[78.4785,15.0628],[78.4797,15.0592],[78.4787,15.0554],[78.4814,15.0521],[78.4875,15.0517],[78.4847,15.0425],[78.4812,15.0449],[78.4796,15.0406],[78.475,15.0379],[78.4708,15.0372],[78.4709,15.0398],[78.4618,15.0405],[78.4616,15.0346],[78.4582,15.035],[78.4569,15.0321],[78.445,15.0331],[78.4445,15.0356],[78.4388,15.035],[78.4359,15.0376],[78.4348,15.0341],[78.4306,15.0341],[78.4233,15.0322],[78.4179,15.032],[78.4162,15.0226],[78.4138,15.0103],[78.4132,14.9928],[78.41,14.9744],[78.4013,14.9743],[78.3984,14.9708],[78.3931,14.9719],[78.3923,14.9696],[78.3873,14.971],[78.3803,14.9762],[78.3637,14.986],[78.3589,14.9876],[78.3516,14.9964],[78.3428,15.0029],[78.3446,15.0094],[78.3496,15.0163],[78.3503,15.0258],[78.3534,15.032],[78.3575,15.0323],[78.3659,15.0298],[78.3694,15.0271],[78.3737,15.036],[78.3776,15.0398],[78.3855,15.0408],[78.3996,15.0499],[78.3781,15.0577],[78.3822,15.0696],[78.3705,15.0729],[78.3642,15.0533],[78.3532,15.0555],[78.3547,15.0631],[78.3491,15.0649],[78.3348,15.0682],[78.3251,15.0735],[78.3125,15.0699],[78.3118,15.0708],[78.3,15.0748],[78.2912,15.0743],[78.2868,15.0727],[78.2807,15.068],[78.279,15.0629],[78.2753,15.0598],[78.275,15.0552],[78.2786,15.0495],[78.2796,15.0421],[78.2837,15.0385],[78.2841,15.0319],[78.2779,15.0288],[78.2605,15.0275],[78.2565,15.0239],[78.25,15.0109],[78.2472,15.0073],[78.2438,15.0006],[78.2361,15.005],[78.2331,14.9959],[78.2293,14.9859],[78.2246,14.9782],[78.2222,14.9613],[78.2205,14.956],[78.2116,14.9531],[78.2038,14.9548],[78.1961,14.9584],[78.1804,14.9649],[78.1657,14.9645],[78.1572,14.9629],[78.1532,14.9599],[78.1513,14.9493],[78.139,14.9496],[78.1375,14.9487],[78.1341,14.9614],[78.1263,14.9628],[78.1251,14.9654],[78.1207,14.9654],[78.1173,14.9672],[78.0988,14.9683],[78.0874,14.973],[78.0886,14.9829],[78.0852,14.9838],[78.0824,14.9872],[78.0657,14.9958],[78.0631,14.9989],[78.0603,15.0044],[78.0571,15.0017],[78.0546,14.993],[78.034,15.0006],[78.0323,15.0058],[78.0299,15.0072],[78.0266,15.0125],[78.0268,15.017],[78.022,15.0177],[78.0189,15.0201],[78.0108,15.0291],[78.0102,15.0382],[78.0108,15.0526],[78.0054,15.0536],[78.002,15.0583],[77.9955,15.0648],[77.9961,15.0684],[77.9987,15.0727],[77.9963,15.0774],[77.999,15.0834],[78.0028,15.0815],[78.0059,15.0825],[78.0069,15.0882],[78.0068,15.0948],[78.0126,15.1024],[78.014,15.103],[78.0145,15.1125],[78.0129,15.1161],[78.0098,15.1177],[78.0066,15.1234],[78.0025,15.1227],[77.9971,15.1261],[77.9957,15.1316],[77.9938,15.1343],[77.9908,15.1349],[77.9856,15.1377],[77.9746,15.1401],[77.9699,15.1301],[77.9649,15.1237],[77.9641,15.1156],[77.9613,15.1098],[77.9456,15.1129],[77.9366,15.1156],[77.9326,15.1133],[77.9264,15.1171],[77.9245,15.1163],[77.9198,15.1188],[77.918,15.1214],[77.9111,15.1244],[77.9064,15.1236],[77.9057,15.1301],[77.9073,15.1317],[77.915,15.13],[77.9148,15.133],[77.9088,15.1393],[77.9139,15.1427],[77.9137,15.1455],[77.9192,15.1469],[77.9239,15.1497],[77.9247,15.1534],[77.9205,15.1543],[77.9205,15.1569],[77.9233,15.1586],[77.9233,15.1648],[77.9182,15.1711],[77.9194,15.1749],[77.9169,15.1739],[77.9166,15.1739],[77.9157,15.174157142857142],[77.9155,15.1742],[77.91550476190476,15.174212925170071],[77.9124,15.1751],[77.9072,15.1765],[77.9042,15.1789],[77.8974,15.1781],[77.889,15.1798],[77.8845,15.1794],[77.8838,15.1762],[77.8852,15.1723],[77.8807,15.1636],[77.8812,15.1505],[77.8795,15.1491],[77.8781,15.144],[77.8754,15.1399],[77.8755,15.1364],[77.8719,15.1366],[77.8531,15.1359],[77.8427,15.1306],[77.839,15.146],[77.8286,15.1452],[77.8256,15.1441],[77.8157,15.144],[77.8098,15.1363],[77.8112,15.1297],[77.8044,15.1238],[77.7963,15.1201],[77.7915,15.1073],[77.7869,15.1096],[77.7873,15.112],[77.785,15.114],[77.7811,15.1145],[77.7792,15.1118],[77.7744,15.1127],[77.771,15.115],[77.7738,15.1223],[77.774,15.1255],[77.7689,15.1259],[77.7603,15.1284],[77.7492,15.1293],[77.7474,15.1326],[77.7467,15.1413],[77.7429,15.1457],[77.7344,15.1479],[77.7305,15.1513],[77.7293,15.1544],[77.7302,15.1648],[77.733,15.1689],[77.729,15.171],[77.7226,15.1715],[77.7163,15.1734],[77.7171,15.1801],[77.7118,15.1851],[77.7091,15.1849],[77.7013,15.1808],[77.6961,15.1824],[77.6929,15.1848],[77.6931,15.1889],[77.6953,15.1931],[77.6953,15.1959],[77.6986,15.2008],[77.6987,15.2041],[77.6961,15.2083],[77.691,15.2078],[77.6879,15.2104],[77.6889,15.2144],[77.6819,15.2151],[77.6788,15.2178],[77.6764,15.2225],[77.6772,15.2289],[77.6715,15.2329],[77.6765,15.2384],[77.6701,15.2391],[77.672,15.2442],[77.6786,15.2502],[77.6787,15.2544],[77.6763,15.2561],[77.678,15.2593],[77.6782,15.2646],[77.6751,15.2651],[77.6766,15.2708],[77.6759,15.2739],[77.6786,15.2819],[77.6782,15.2831],[77.6815,15.2915],[77.6821,15.295],[77.6845,15.2995],[77.6843,15.3057],[77.6854,15.3117],[77.6832,15.3137],[77.6851,15.3189],[77.6792,15.3215],[77.6758,15.3185],[77.6728,15.3192],[77.6641,15.3266],[77.661,15.3321],[77.6566,15.3355],[77.6549,15.3344],[77.6485,15.3387],[77.6501,15.343],[77.6553,15.3495],[77.6584,15.3512],[77.661,15.3571],[77.6639,15.3593],[77.6653,15.3657],[77.6682,15.3713],[77.6665,15.373],[77.6689,15.3756],[77.6677,15.3824],[77.6709,15.3824],[77.6733,15.3851],[77.6739,15.3888],[77.6763,15.394],[77.6804,15.3936],[77.683,15.3898],[77.686,15.3895],[77.689,15.3865],[77.693,15.3876],[77.6944,15.3852],[77.7066,15.3808],[77.7123,15.3797],[77.7139,15.3849],[77.7188,15.3858],[77.7228,15.3854],[77.726,15.3866],[77.7283,15.3908],[77.7309,15.3914],[77.7361,15.4012],[77.7403,15.4076],[77.7435,15.4097],[77.75,15.4082],[77.7587,15.4051],[77.7621,15.4089],[77.7715,15.4085],[77.7718,15.4058],[77.7757,15.4051],[77.7755,15.4083],[77.7781,15.4102],[77.786,15.4188],[77.7882,15.4239],[77.7872,15.4291],[77.79,15.4307],[77.7906,15.4336],[77.79,15.4407],[77.7924,15.4422],[77.7962,15.442],[77.7921,15.4504],[77.7935,15.4522],[77.8002,15.4552],[77.7942,15.4588],[77.7902,15.4629],[77.794,15.4664],[77.7989,15.4644],[77.8039,15.468],[77.8024,15.4698],[77.8029,15.4759],[77.8061,15.4806],[77.8115,15.4848],[77.8125,15.4874],[77.811,15.4907],[77.8204,15.4892],[77.8291,15.4889],[77.8411,15.4893],[77.8468,15.4858],[77.8433,15.4804],[77.8408,15.4745],[77.8398,15.4699],[77.8453,15.4674],[77.8494,15.4672],[77.8614,15.4762],[77.8628,15.4767],[77.8688,15.4853],[77.8718,15.4832],[77.8767,15.4825],[77.8775,15.4779],[77.8865,15.4719],[77.8906,15.4672],[77.8974,15.4667],[77.8989,15.4684],[77.904,15.4682],[77.9066,15.459],[77.9049,15.4505],[77.9011,15.4476],[77.9129,15.4436],[77.9169,15.4393],[77.9206,15.4385],[77.9303,15.4263],[77.9366,15.4171],[77.9421,15.4187],[77.9448,15.4252],[77.9486,15.4268],[77.9587,15.4281],[77.9654,15.4313],[77.9718,15.4323],[77.9795,15.4302],[77.9845,15.4277],[77.9951,15.4341],[77.992,15.4416],[77.9923,15.4491],[77.9933,15.4509],[77.9938,15.4577],[77.9975,15.4584],[77.9981,15.463],[78.006,15.4657],[78.005,15.4684],[78.0075,15.4701],[78.0127,15.4694],[78.0157,15.47],[78.0173,15.4723],[78.023,15.472],[78.0239,15.4699],[78.0285,15.4726],[78.0352,15.4749],[78.0384,15.474],[78.0408,15.4781],[78.0464,15.4774],[78.0491,15.4815],[78.0469,15.4844],[78.0442,15.4966],[78.0375,15.4936],[78.033,15.4934],[78.0288,15.4899],[78.0284,15.4862],[78.0221,15.4821],[78.02,15.4885],[78.0263,15.4883],[78.03,15.4977],[78.0324,15.4982],[78.0347,15.5046],[78.0316,15.5064],[78.035,15.5109],[78.0392,15.5124],[78.0452,15.5111],[78.0482,15.5115],[78.0565,15.5179],[78.0541,15.5222],[78.0477,15.5305],[78.0437,15.5291],[78.039,15.526],[78.0358,15.5284],[78.0322,15.5336],[78.0336,15.5355],[78.0377,15.5359],[78.0482,15.535],[78.0485,15.539],[78.0474,15.5431],[78.049,15.5452],[78.0533,15.5426],[78.0545,15.5389],[78.0579,15.5367],[78.0636,15.5372],[78.0621,15.532],[78.0695,15.5325],[78.0725,15.5425],[78.0692,15.5512],[78.07,15.5563],[78.0744,15.5593],[78.0777,15.5706],[78.0897,15.573],[78.094,15.5748],[78.0997,15.5752],[78.1044,15.5768],[78.1103,15.5801],[78.115,15.5798],[78.1152,15.5842],[78.1171,15.5906],[78.1143,15.5938],[78.1164,15.597],[78.1095,15.602],[78.1111,15.6066],[78.1041,15.6134],[78.0987,15.6157],[78.0917,15.6169],[78.0867,15.6138],[78.0843,15.6104],[78.0759,15.6107],[78.0743,15.5999],[78.0711,15.5986],[78.0646,15.5983],[78.0642,15.6032],[78.0615,15.609],[78.0565,15.6228],[78.0568,15.6263],[78.055,15.6288],[78.0511,15.6305],[78.0514,15.6373],[78.0446,15.641],[78.036,15.6439],[78.0298,15.6413],[78.0268,15.6447],[78.0226,15.6413],[78.0204,15.6329],[78.0195,15.624],[78.0135,15.6145],[78.0131,15.6092],[78.0146,15.6061],[78.0089,15.6063],[78.006,15.5987],[78.0027,15.5984],[78.0024,15.5901],[77.9993,15.5909],[77.9977,15.594],[77.9918,15.5945],[77.9886,15.5966],[77.98,15.6],[77.9757,15.6042],[77.9724,15.6049],[77.9712,15.6071],[77.9651,15.6093],[77.9607,15.6093],[77.945,15.614],[77.9381,15.615],[77.9271,15.6157],[77.9179,15.6169],[77.9176,15.6194],[77.9141,15.6203],[77.9144,15.6257],[77.911,15.6261],[77.9108,15.644],[77.9124,15.6487],[77.9028,15.6522],[77.9052,15.659],[77.9104,15.662],[77.9052,15.6633],[77.9048,15.6661],[77.9072,15.6793],[77.9095,15.696],[77.9099,15.7042],[77.9097,15.7113],[77.9065,15.7123],[77.91,15.7161],[77.9176,15.7218],[77.9191,15.7265],[77.924,15.7246],[77.9279,15.7217],[77.93,15.7247],[77.9304,15.7306],[77.9207,15.7339],[77.9158,15.7348],[77.9096,15.7371],[77.9116,15.7476],[77.9132,15.7512],[77.922,15.7493],[77.9224,15.7527],[77.9183,15.7604],[77.9147,15.7628],[77.9062,15.7637],[77.9049,15.7667],[77.8993,15.765],[77.8968,15.7615],[77.8911,15.7578],[77.8856,15.7527],[77.8824,15.7467],[77.88,15.7393],[77.8636,15.7461],[77.8677,15.7605],[77.8668,15.7621],[77.8577,15.7638],[77.8563,15.7673],[77.8595,15.7742],[77.8602,15.7823],[77.8618,15.7898],[77.8659,15.7905],[77.8762,15.798],[77.878,15.8056],[77.8915,15.8029],[77.9098,15.7979],[77.9173,15.7967],[77.919,15.7973],[77.9256,15.7959],[77.9265,15.8014],[77.9308,15.8025],[77.9312,15.8042],[77.9408,15.8023],[77.9443,15.8068],[77.9491,15.8053],[77.9517,15.8074],[77.9525,15.8131],[77.9555,15.813],[77.9569,15.8187],[77.9661,15.8181],[77.968,15.8262],[77.9619,15.8268],[77.9554,15.8284],[77.9562,15.8344],[77.9601,15.8348],[77.9645,15.8381],[77.9707,15.8393],[77.9752,15.8389],[77.9738,15.8243],[77.9782,15.824],[77.979,15.8269],[77.986,15.8267],[77.9876,15.8319],[77.9906,15.8346],[77.9943,15.8343],[77.9968,15.8373],[78.006,15.8346],[78.0082,15.8362],[78.0156,15.837],[78.0225,15.823],[78.0304,15.8242],[78.0356,15.8242],[78.0418,15.8255],[78.0448,15.8227],[78.0453,15.8186],[78.05,15.8165],[78.0539,15.817],[78.0563,15.8088],[78.0532,15.8042],[78.0579,15.8026],[78.0561,15.7942],[78.0537,15.7876],[78.0507,15.7877],[78.0529,15.7807],[78.0428,15.7819],[78.0366,15.7873],[78.0285,15.79],[78.0273,15.7877],[78.0207,15.7897],[78.0183,15.7793],[78.0209,15.7786],[78.0201,15.7732],[78.0118,15.7645],[78.0153,15.7613],[78.0146,15.7554],[78.0254,15.7515],[78.0363,15.7504],[78.0412,15.7495],[78.039,15.7379],[78.0515,15.7334],[78.0561,15.7326],[78.058,15.7388],[78.0625,15.7401],[78.0633,15.7419],[78.0686,15.7434],[78.075,15.7427],[78.0782,15.7461],[78.0934,15.7465],[78.1004,15.7444],[78.1058,15.7444],[78.11,15.7425],[78.1166,15.7509],[78.119,15.7499],[78.1247,15.7497],[78.1322,15.754],[78.1381,15.7513],[78.1433,15.7513],[78.1431,15.7592],[78.145,15.7596],[78.1593,15.7571],[78.1634,15.7598],[78.1711,15.7617],[78.1723,15.7684],[78.1755,15.7712],[78.1812,15.7705],[78.1816,15.7749],[78.1864,15.7761],[78.1931,15.7732],[78.1922,15.7805],[78.1934,15.7817],[78.1977,15.7804],[78.2016,15.7884],[78.191,15.7934],[78.1889,15.795],[78.1759,15.7973],[78.1731,15.7962],[78.1679,15.7969],[78.1578,15.8003],[78.1582,15.8026],[78.1544,15.8054],[78.156,15.8096],[78.1512,15.8134],[78.1502,15.8164],[78.1575,15.8163],[78.1642,15.8214],[78.1646,15.8256],[78.171,15.8251],[78.17,15.8307],[78.1664,15.8335],[78.1685,15.8369],[78.1676,15.8402],[78.1636,15.8439],[78.1638,15.8472],[78.1663,15.8517],[78.1634,15.8556],[78.167,15.8559],[78.1755,15.8596],[78.1755,15.8689],[78.1765,15.8707],[78.1768,15.8779],[78.1868,15.8861],[78.19,15.8939],[78.1797,15.9033],[78.1819,15.9084],[78.1885,15.9135],[78.2015,15.9171],[78.2044,15.9193],[78.2207,15.9221],[78.2274,15.9236],[78.2365,15.9271],[78.2437,15.9307],[78.2501,15.9347],[78.2523,15.9372],[78.2532,15.9409],[78.2523,15.9549],[78.2523,15.9691],[78.2512,15.9734],[78.2529,15.9792],[78.2571,15.987],[78.2592,15.9933],[78.2597,15.999],[78.2591,16.0051],[78.2555,16.0124],[78.2556,16.0166],[78.2603,16.0254],[78.2639,16.0275],[78.2679,16.028],[78.2769,16.026],[78.2844,16.0219],[78.2946,16.0156],[78.3012,16.0124],[78.3054,16.0118],[78.3116,16.0126],[78.3171,16.0151],[78.323,16.0209],[78.3219,16.0294],[78.3228,16.0331],[78.327,16.0391],[78.3302,16.0412],[78.3384,16.0429],[78.3427,16.0476],[78.3488,16.0489],[78.3618,16.0467],[78.366,16.0476],[78.3709,16.0531],[78.3735,16.054],[78.3813,16.0622],[78.3876,16.0666],[78.3935,16.0685],[78.4021,16.0741],[78.4071,16.076],[78.4358,16.0727],[78.4438,16.0734],[78.4602,16.0735],[78.4667,16.0713],[78.4798,16.0689],[78.4854,16.0671],[78.4989,16.0613],[78.5089,16.0579],[78.5133,16.0572],[78.5226,16.0544],[78.5308,16.0508],[78.543,16.044],[78.5507,16.0427],[78.5595,16.0451],[78.5667,16.0512],[78.5707,16.0529],[78.5829,16.0621],[78.5878,16.0642],[78.5939,16.0713],[78.5955,16.0764],[78.6003,16.083],[78.6023,16.0846],[78.6092,16.0871],[78.6203,16.0883],[78.6278,16.0878],[78.6348,16.0861],[78.6504,16.0791],[78.6506,16.0725],[78.6557,16.0686],[78.6686,16.0544],[78.6733,16.0457],[78.6818,16.0345],[78.7,16.0272],[78.7055,16.0266],[78.7232,16.0211],[78.7268,16.0185],[78.7315,16.013],[78.7347,16.0106],[78.7404,16.0099],[78.7502,16.0166],[78.7562,16.0177],[78.7654,16.0172],[78.776,16.0204],[78.7827,16.0211],[78.7907,16.0247],[78.795,16.0289],[78.8001,16.038],[78.8078,16.0432],[78.8153,16.0462],[78.8192,16.0493],[78.8236,16.0551],[78.8268,16.061],[78.8365,16.071],[78.8411,16.0819],[78.8424,16.0901],[78.8415,16.1016],[78.8394,16.1096],[78.8389,16.1157],[78.8335,16.1351],[78.8328,16.1422],[78.8344,16.1458],[78.8472,16.1491],[78.856,16.1492],[78.8692,16.1464],[78.8736,16.1432],[78.8769,16.1342],[78.8781,16.1241],[78.8809,16.1136],[78.8865,16.1005],[78.8888,16.0921],[78.8892,16.0851],[78.8956,16.086],[78.9011,16.0904],[78.9057,16.0951],[78.9155,16.099],[78.9215,16.1032],[78.9222,16.1062],[78.9206,16.1171],[78.9216,16.1229],[78.9279,16.0989],[78.9291,16.0931],[78.9216,16.0454],[78.9171,16.0199],[78.9129,15.9938],[78.9095,15.9684],[78.9088,15.967],[78.8843,15.948],[78.8792,15.9438],[78.8619,15.9307],[78.8482,15.9176],[78.8376,15.9081],[78.8176,15.8788],[78.81,15.8672],[78.8032,15.8301],[78.7958,15.7883],[78.7906,15.7597],[78.7881,15.7514],[78.7829,15.7256],[78.7729,15.6724],[78.7715,15.6643],[78.7693,15.6271],[78.7734,15.5752],[78.7736,15.5692],[78.7759,15.5378],[78.776,15.5286],[78.7728,15.5026],[78.7731,15.4969],[78.7695,15.4657],[78.7712,15.4241],[78.7708,15.4179]]]},"properties":{"district":"Nandyal","st_nm":"Andhra Pradesh"}},{"type":"Feature","geometry":{"type":"Polygon","coordinates":[[[78.0529,15.7807],[78.0507,15.7877],[78.0537,15.7876],[78.0561,15.7942],[78.0579,15.8026],[78.0532,15.8042],[78.0563,15.8088],[78.0539,15.817],[78.05,15.8165],[78.0453,15.8186],[78.0448,15.8227],[78.0418,15.8255],[78.0356,15.8242],[78.0304,15.8242],[78.0225,15.823],[78.0156,15.837],[78.0082,15.8362],[78.006,15.8346],[77.9968,15.8373],[77.9943,15.8343],[77.9906,15.8346],[77.9876,15.8319],[77.986,15.8267],[77.979,15.8269],[77.9782,15.824],[77.9738,15.8243],[77.9752,15.8389],[77.9707,15.8393],[77.9645,15.8381],[77.9601,15.8348],[77.9562,15.8344],[77.9554,15.8284],[77.9619,15.8268],[77.968,15.8262],[77.9661,15.8181],[77.9569,15.8187],[77.9555,15.813],[77.9525,15.8131],[77.9517,15.8074],[77.9491,15.8053],[77.9443,15.8068],[77.9408,15.8023],[77.9312,15.8042],[77.9308,15.8025],[77.9265,15.8014],[77.9256,15.7959],[77.919,15.7973],[77.9173,15.7967],[77.9098,15.7979],[77.8915,15.8029],[77.878,15.8056],[77.8762,15.798],[77.8659,15.7905],[77.8618,15.7898],[77.8602,15.7823],[77.8595,15.7742],[77.8563,15.7673],[77.8577,15.7638],[77.8668,15.7621],[77.8677,15.7605],[77.8636,15.7461],[77.88,15.7393],[77.8824,15.7467],[77.8856,15.7527],[77.8911,15.7578],[77.8968,15.7615],[77.8993,15.765],[77.9049,15.7667],[77.9062,15.7637],[77.9147,15.7628],[77.9183,15.7604],[77.9224,15.7527],[77.922,15.7493],[77.9132,15.7512],[77.9116,15.7476],[77.9096,15.7371],[77.9158,15.7348],[77.9207,15.7339],[77.9304,15.7306],[77.93,15.7247],[77.9279,15.7217],[77.924,15.7246],[77.9191,15.7265],[77.9176,15.7218],[77.91,15.7161],[77.9065,15.7123],[77.9097,15.7113],[77.9099,15.7042],[77.9095,15.696],[77.9072,15.6793],[77.9048,15.6661],[77.9052,15.6633],[77.9104,15.662],[77.9052,15.659],[77.9028,15.6522],[77.9124,15.6487],[77.9108,15.644],[77.911,15.6261],[77.9144,15.6257],[77.9141,15.6203],[77.9176,15.6194],[77.9179,15.6169],[77.9271,15.6157],[77.9381,15.615],[77.945,15.614],[77.9607,15.6093],[77.9651,15.6093],[77.9712,15.6071],[77.9724,15.6049],[77.9757,15.6042],[77.98,15.6],[77.9886,15.5966],[77.9918,15.5945],[77.9977,15.594],[77.9993,15.5909],[78.0024,15.5901],[78.0027,15.5984],[78.006,15.5987],[78.0089,15.6063],[78.0146,15.6061],[78.0131,15.6092],[78.0135,15.6145],[78.0195,15.624],[78.0204,15.6329],[78.0226,15.6413],[78.0268,15.6447],[78.0298,15.6413],[78.036,15.6439],[78.0446,15.641],[78.0514,15.6373],[78.0511,15.6305],[78.055,15.6288],[78.0568,15.6263],[78.0565,15.6228],[78.0615,15.609],[78.0642,15.6032],[78.0646,15.5983],[78.0711,15.5986],[78.0743,15.5999],[78.0759,15.6107],[78.0843,15.6104],[78.0867,15.6138],[78.0917,15.6169],[78.0987,15.6157],[78.1041,15.6134],[78.1111,15.6066],[78.1095,15.602],[78.1164,15.597],[78.1143,15.5938],[78.1171,15.5906],[78.1152,15.5842],[78.115,15.5798],[78.1103,15.5801],[78.1044,15.5768],[78.0997,15.5752],[78.094,15.5748],[78.0897,15.573],[78.0777,15.5706],[78.0744,15.5593],[78.07,15.5563],[78.0692,15.5512],[78.0725,15.5425],[78.0695,15.5325],[78.0621,15.532],[78.0636,15.5372],[78.0579,15.5367],[78.0545,15.5389],[78.0533,15.5426],[78.049,15.5452],[78.0474,15.5431],[78.0485,15.539],[78.0482,15.535],[78.0377,15.5359],[78.0336,15.5355],[78.0322,15.5336],[78.0358,15.5284],[78.039,15.526],[78.0437,15.5291],[78.0477,15.5305],[78.0541,15.5222],[78.0565,15.5179],[78.0482,15.5115],[78.0452,15.5111],[78.0392,15.5124],[78.035,15.5109],[78.0316,15.5064],[78.0347,15.5046],[78.0324,15.4982],[78.03,15.4977],[78.0263,15.4883],[78.02,15.4885],[78.0221,15.4821],[78.0284,15.4862],[78.0288,15.4899],[78.033,15.4934],[78.0375,15.4936],[78.0442,15.4966],[78.0469,15.4844],[78.0491,15.4815],[78.0464,15.4774],[78.0408,15.4781],[78.0384,15.474],[78.0352,15.4749],[78.0285,15.4726],[78.0239,15.4699],[78.023,15.472],[78.0173,15.4723],[78.0157,15.47],[78.0127,15.4694],[78.0075,15.4701],[78.005,15.4684],[78.006,15.4657],[77.9981,15.463],[77.9975,15.4584],[77.9938,15.4577],[77.9933,15.4509],[77.9923,15.4491],[77.992,15.4416],[77.9951,15.4341],[77.9845,15.4277],[77.9795,15.4302],[77.9718,15.4323],[77.9654,15.4313],[77.9587,15.4281],[77.9486,15.4268],[77.9448,15.4252],[77.9421,15.4187],[77.9366,15.4171],[77.9303,15.4263],[77.9206,15.4385],[77.9169,15.4393],[77.9129,15.4436],[77.9011,15.4476],[77.9049,15.4505],[77.9066,15.459],[77.904,15.4682],[77.8989,15.4684],[77.8974,15.4667],[77.8906,15.4672],[77.8865,15.4719],[77.8775,15.4779],[77.8767,15.4825],[77.8718,15.4832],[77.8688,15.4853],[77.8628,15.4767],[77.8614,15.4762],[77.8494,15.4672],[77.8453,15.4674],[77.8398,15.4699],[77.8408,15.4745],[77.8433,15.4804],[77.8468,15.4858],[77.8411,15.4893],[77.8291,15.4889],[77.8204,15.4892],[77.811,15.4907],[77.8125,15.4874],[77.8115,15.4848],[77.8061,15.4806],[77.8029,15.4759],[77.8024,15.4698],[77.8039,15.468],[77.7989,15.4644],[77.794,15.4664],[77.7902,15.4629],[77.7942,15.4588],[77.8002,15.4552],[77.7935,15.4522],[77.7921,15.4504],[77.7962,15.442],[77.7924,15.4422],[77.79,15.4407],[77.7906,15.4336],[77.79,15.4307],[77.7872,15.4291],[77.7882,15.4239],[77.786,15.4188],[77.7781,15.4102],[77.7755,15.4083],[77.7757,15.4051],[77.7718,15.4058],[77.7715,15.4085],[77.7621,15.4089],[77.7587,15.4051],[77.75,15.4082],[77.7435,15.4097],[77.7403,15.4076],[77.7361,15.4012],[77.7309,15.3914],[77.7283,15.3908],[77.726,15.3866],[77.7228,15.3854],[77.7188,15.3858],[77.7139,15.3849],[77.7123,15.3797],[77.7066,15.3808],[77.6944,15.3852],[77.693,15.3876],[77.689,15.3865],[77.686,15.3895],[77.683,15.3898],[77.6804,15.3936],[77.6763,15.394],[77.6739,15.3888],[77.6733,15.3851],[77.6709,15.3824],[77.6677,15.3824],[77.6689,15.3756],[77.6665,15.373],[77.6682,15.3713],[77.6653,15.3657],[77.6639,15.3593],[77.661,15.3571],[77.6584,15.3512],[77.6553,15.3495],[77.6501,15.343],[77.6485,15.3387],[77.6549,15.3344],[77.6566,15.3355],[77.661,15.3321],[77.6641,15.3266],[77.6728,15.3192],[77.6758,15.3185],[77.6792,15.3215],[77.6851,15.3189],[77.6832,15.3137],[77.6854,15.3117],[77.6843,15.3057],[77.6845,15.2995],[77.6821,15.295],[77.6815,15.2915],[77.6782,15.2831],[77.6786,15.2819],[77.6759,15.2739],[77.6766,15.2708],[77.6751,15.2651],[77.6782,15.2646],[77.678,15.2593],[77.6763,15.2561],[77.6787,15.2544],[77.6786,15.2502],[77.672,15.2442],[77.6701,15.2391],[77.6765,15.2384],[77.6715,15.2329],[77.6663,15.2332],[77.6645,15.2349],[77.6568,15.2325],[77.6518,15.2338],[77.6488,15.2311],[77.6496,15.2265],[77.6437,15.2242],[77.6387,15.2235],[77.6367,15.2208],[77.6368,15.2155],[77.6352,15.2081],[77.6337,15.2074],[77.6254,15.208],[77.6211,15.2069],[77.6159,15.2043],[77.6105,15.1969],[77.6115,15.1847],[77.6045,15.1852],[77.5981,15.1845],[77.5945,15.185],[77.5826,15.1891],[77.573,15.1988],[77.5665,15.2043],[77.563,15.2046],[77.55,15.2088],[77.5418,15.2104],[77.5393,15.2137],[77.5354,15.2166],[77.531,15.2222],[77.5275,15.2253],[77.5201,15.2257],[77.5114,15.225],[77.5028,15.2232],[77.4986,15.2216],[77.4974,15.2177],[77.486,15.2154],[77.4838,15.2107],[77.4783,15.211],[77.4763,15.2139],[77.4732,15.2152],[77.4679,15.2191],[77.4603,15.2196],[77.4555,15.221],[77.4515,15.2237],[77.4506,15.2169],[77.4467,15.2154],[77.4508,15.2069],[77.444,15.2084],[77.4423,15.2099],[77.4344,15.2119],[77.4344,15.2185],[77.4332,15.2221],[77.4293,15.2223],[77.4282,15.2242],[77.4184,15.2255],[77.4131,15.2254],[77.4089,15.2269],[77.4073,15.2252],[77.4063,15.2206],[77.4038,15.2208],[77.3985,15.2189],[77.3904,15.2186],[77.3836,15.2217],[77.3659,15.2242],[77.3631,15.2242],[77.3623,15.2143],[77.3574,15.202],[77.3546,15.2023],[77.35,15.1826],[77.3514,15.1784],[77.3339,15.1775],[77.3308,15.1757],[77.3215,15.1777],[77.3163,15.1781],[77.3136,15.1654],[77.3114,15.1609],[77.3098,15.1554],[77.3049,15.1547],[77.2996,15.1552],[77.2987,15.151],[77.2949,15.1398],[77.2917,15.132],[77.2845,15.1325],[77.2714,15.1317],[77.2675,15.137],[77.2645,15.1431],[77.248,15.146],[77.2342,15.1458],[77.2301,15.145],[77.2291,15.1471],[77.2205,15.1493],[77.2208,15.1516],[77.2135,15.1527],[77.2137,15.1556],[77.2025,15.1583],[77.1996,15.1609],[77.1881,15.1583],[77.183,15.1512],[77.1803,15.1441],[77.1766,15.1431],[77.1604,15.1479],[77.1581,15.1471],[77.15726976744186,15.141841860465142],[77.1572,15.1414],[77.15715276497696,15.141405760368665],[77.1531,15.1419],[77.153,15.1403],[77.1489,15.1423],[77.1376,15.1444],[77.137,15.1487],[77.1345,15.1492],[77.1392,15.1554],[77.1406,15.1595],[77.1627,15.1582],[77.1633,15.1644],[77.1648,15.169],[77.1673,15.169],[77.1692,15.1721],[77.1671,15.1811],[77.1661,15.1892],[77.1618,15.2018],[77.1592,15.2016],[77.1546,15.2155],[77.1469,15.2214],[77.1474,15.2246],[77.1441,15.2247],[77.125,15.228],[77.1264,15.2407],[77.1323,15.2405],[77.136,15.2418],[77.1401,15.2485],[77.1405,15.2519],[77.1431,15.2519],[77.1439,15.2575],[77.1565,15.2568],[77.1592,15.2585],[77.1635,15.259],[77.1679,15.2583],[77.1672,15.2685],[77.1597,15.2678],[77.1532,15.2739],[77.1476,15.2729],[77.1475,15.2752],[77.1521,15.2758],[77.1516,15.2924],[77.1483,15.293],[77.1335,15.2928],[77.1334,15.2936],[77.1197,15.2957],[77.1184,15.295],[77.1186,15.3137],[77.1171,15.3137],[77.117,15.3259],[77.1129,15.3276],[77.1132,15.3343],[77.1025,15.3339],[77.0966,15.3319],[77.0728,15.3265],[77.0644,15.3282],[77.066,15.3356],[77.0659,15.3415],[77.0649,15.3443],[77.0599,15.3492],[77.0466,15.3556],[77.0442,15.3574],[77.0422,15.3619],[77.0411,15.3676],[77.0429,15.3762],[77.0477,15.3858],[77.0473,15.3907],[77.0444,15.3949],[77.0388,15.3982],[77.0337,15.4001],[77.0292,15.4054],[77.0291,15.4089],[77.0331,15.4169],[77.0346,15.4302],[77.0311,15.4365],[77.0261,15.4416],[77.0224,15.4441],[77.0107,15.4501],[77.007,15.4551],[77.0038,15.4648],[77.0017,15.4672],[76.9986,15.4757],[76.9933,15.4857],[76.9905,15.4933],[76.9886,15.5015],[76.9883,15.5084],[77.0053,15.5056],[77.0098,15.5053],[77.0145,15.5027],[77.0249,15.5026],[77.0285,15.5004],[77.0309,15.5053],[77.0313,15.5096],[77.0312,15.5451],[77.0301,15.5561],[77.0262,15.5775],[77.0263,15.5828],[77.028,15.5907],[77.0316,15.6023],[77.0329,15.6058],[77.0311,15.6119],[77.0327,15.6212],[77.031,15.6215],[77.0299,15.6274],[77.0303,15.6352],[77.0342,15.6373],[77.043,15.6384],[77.0601,15.6433],[77.07,15.6466],[77.0752,15.6505],[77.0831,15.6598],[77.0869,15.6581],[77.0899,15.6547],[77.0959,15.6512],[77.1015,15.6488],[77.1034,15.6435],[77.1065,15.6423],[77.1083,15.6384],[77.1155,15.6331],[77.1215,15.6316],[77.1253,15.6507],[77.1266,15.6548],[77.129,15.6663],[77.1206,15.6679],[77.1213,15.6714],[77.1135,15.6763],[77.1141,15.6786],[77.1094,15.6804],[77.1092,15.6819],[77.094,15.6895],[77.0939,15.6909],[77.0852,15.694],[77.0786,15.6958],[77.0825,15.6992],[77.0844,15.7043],[77.0874,15.7161],[77.0787,15.7168],[77.0799,15.7281],[77.0671,15.7293],[77.0604,15.7304],[77.049,15.7308],[77.0493,15.7406],[77.0459,15.7409],[77.0472,15.7516],[77.0484,15.7566],[77.0547,15.7566],[77.0567,15.7631],[77.0514,15.765],[77.0527,15.7702],[77.0572,15.7691],[77.0588,15.7782],[77.0611,15.7866],[77.0667,15.7855],[77.0682,15.795],[77.0672,15.8031],[77.064,15.8035],[77.0658,15.8203],[77.0657,15.8277],[77.0615,15.8301],[77.0513,15.8307],[77.0429,15.8293],[77.0421,15.8324],[77.0387,15.8325],[77.036,15.8299],[77.0313,15.833],[77.0255,15.838],[77.0301,15.8476],[77.0314,15.8534],[77.0352,15.8608],[77.0539,15.8795],[77.0568,15.8832],[77.0594,15.8908],[77.0633,15.8981],[77.0702,15.9078],[77.0732,15.9112],[77.0775,15.9135],[77.0848,15.9191],[77.105,15.9301],[77.1197,15.9344],[77.1253,15.9346],[77.1375,15.9386],[77.1411,15.9432],[77.1469,15.9469],[77.1559,15.9503],[77.1617,15.9513],[77.1658,15.9506],[77.1733,15.9507],[77.1784,15.953],[77.1848,15.957],[77.1968,15.9566],[77.2043,15.9556],[77.2128,15.9566],[77.2177,15.9583],[77.2352,15.9579],[77.2402,15.9595],[77.2442,15.9626],[77.2495,15.9653],[77.2541,15.9644],[77.2611,15.961],[77.2774,15.9571],[77.2854,15.9548],[77.2908,15.9556],[77.2982,15.9586],[77.3022,15.9587],[77.3123,15.9541],[77.3242,15.9511],[77.3368,15.9507],[77.3477,15.952],[77.3593,15.9507],[77.3676,15.948],[77.3721,15.9438],[77.3786,15.9404],[77.3898,15.9419],[77.3976,15.945],[77.4123,15.9426],[77.4172,15.9434],[77.4223,15.9481],[77.4289,15.9498],[77.434,15.9488],[77.4464,15.9438],[77.4517,15.9409],[77.466,15.9353],[77.4743,15.936],[77.4983,15.9344],[77.5027,15.933],[77.5108,15.929],[77.5175,15.9268],[77.5293,15.9258],[77.5344,15.9247],[77.5387,15.9223],[77.5469,15.9206],[77.5658,15.9202],[77.5713,15.9195],[77.5809,15.9195],[77.5897,15.914],[77.5956,15.9129],[77.5999,15.9139],[77.6099,15.9187],[77.6132,15.9184],[77.6206,15.9141],[77.6253,15.9101],[77.6338,15.9011],[77.6374,15.8967],[77.6559,15.8878],[77.6606,15.8865],[77.6669,15.8871],[77.6779,15.8861],[77.6828,15.8844],[77.6938,15.8845],[77.6977,15.886],[77.7067,15.8918],[77.7143,15.8958],[77.7234,15.8969],[77.7293,15.8959],[77.7335,15.894],[77.7394,15.8892],[77.7484,15.8863],[77.7605,15.8856],[77.7646,15.8871],[77.7685,15.887],[77.7784,15.8815],[77.7831,15.8775],[77.7914,15.878],[77.8028,15.8756],[77.8053,15.8756],[77.8142,15.8783],[77.8212,15.8794],[77.8382,15.8859],[77.8468,15.8832],[77.8514,15.8833],[77.8579,15.8846],[77.863,15.888],[77.8691,15.8968],[77.8776,15.9054],[77.8803,15.9067],[77.8906,15.9065],[77.904,15.8999],[77.9131,15.8944],[77.9334,15.8854],[77.9411,15.8841],[77.9489,15.8854],[77.9659,15.8844],[77.9744,15.8844],[77.9778,15.8828],[77.9872,15.8744],[77.9957,15.868],[78.0091,15.863],[78.009,15.8661],[78.0152,15.8773],[78.0258,15.9038],[78.0316,15.9042],[78.0323,15.9088],[78.0456,15.9055],[78.0469,15.8772],[78.0472,15.8762],[78.0567,15.8761],[78.0564,15.8675],[78.0615,15.8656],[78.0719,15.8632],[78.0728,15.8583],[78.0717,15.8517],[78.075,15.8487],[78.0852,15.8463],[78.0839,15.8423],[78.099,15.8373],[78.1016,15.8386],[78.111,15.8388],[78.1114,15.8396],[78.1235,15.8381],[78.1307,15.8393],[78.1341,15.8376],[78.135,15.8404],[78.1336,15.848],[78.1303,15.852],[78.136,15.8561],[78.1405,15.8553],[78.1571,15.856],[78.1634,15.8556],[78.1663,15.8517],[78.1638,15.8472],[78.1636,15.8439],[78.1676,15.8402],[78.1685,15.8369],[78.1664,15.8335],[78.17,15.8307],[78.171,15.8251],[78.1646,15.8256],[78.1642,15.8214],[78.1575,15.8163],[78.1502,15.8164],[78.1512,15.8134],[78.156,15.8096],[78.1544,15.8054],[78.1582,15.8026],[78.1578,15.8003],[78.1679,15.7969],[78.1731,15.7962],[78.1759,15.7973],[78.1889,15.795],[78.191,15.7934],[78.2016,15.7884],[78.1977,15.7804],[78.1934,15.7817],[78.1922,15.7805],[78.1931,15.7732],[78.1864,15.7761],[78.1816,15.7749],[78.1812,15.7705],[78.1755,15.7712],[78.1723,15.7684],[78.1711,15.7617],[78.1634,15.7598],[78.1593,15.7571],[78.145,15.7596],[78.1431,15.7592],[78.1433,15.7513],[78.1381,15.7513],[78.1322,15.754],[78.1247,15.7497],[78.119,15.7499],[78.1166,15.7509],[78.11,15.7425],[78.1058,15.7444],[78.1004,15.7444],[78.0934,15.7465],[78.0782,15.7461],[78.075,15.7427],[78.0686,15.7434],[78.0633,15.7419],[78.0625,15.7401],[78.058,15.7388],[78.0561,15.7326],[78.0515,15.7334],[78.039,15.7379],[78.0412,15.7495],[78.0363,15.7504],[78.0254,15.7515],[78.0146,15.7554],[78.0153,15.7613],[78.0118,15.7645],[78.0201,15.7732],[78.0209,15.7786],[78.0183,15.7793],[78.0207,15.7897],[78.0273,15.7877],[78.0285,15.79],[78.0366,15.7873],[78.0428,15.7819],[78.0529,15.7807]]]},"properties":{"district":"Kurnool","st_nm":"Andhra Pradesh"}},{"type":"Feature","geometry":{"type":"Polygon","coordinates":[[[76.8331,14.5282],[76.8296,14.5306],[76.8248,14.5272],[76.8224,14.5274],[76.8188,14.5304],[76.8151,14.5304],[76.812,14.5321],[76.8063,14.5315],[76.8051,14.5381],[76.8029,14.5426],[76.7987,14.5472],[76.7985,14.5489],[76.7916,14.5549],[76.7884,14.5675],[76.7848,14.5755],[76.7827,14.5851],[76.7821,14.5965],[76.7797,14.5937],[76.7693,14.6011],[76.7658,14.6022],[76.7661,14.6104],[76.767,14.6179],[76.772,14.6358],[76.7734,14.6474],[76.7741,14.6673],[76.7751,14.6793],[76.7777,14.6852],[76.7866,14.6963],[76.7867,14.7081],[76.7875,14.7106],[76.7966,14.7284],[76.8031,14.7421],[76.7973,14.7485],[76.7934,14.754],[76.7898,14.762],[76.7896,14.7727],[76.7829,14.7863],[76.7846,14.7879],[76.7903,14.7877],[76.7944,14.7862],[76.8038,14.7864],[76.8164,14.7882],[76.8208,14.7895],[76.8196,14.7935],[76.8328,14.7933],[76.833,14.7908],[76.8369,14.7914],[76.8377,14.8115],[76.8458,14.8101],[76.8545,14.8102],[76.8549,14.8183],[76.8501,14.8216],[76.8465,14.8225],[76.8456,14.8261],[76.8471,14.828],[76.8459,14.8345],[76.842,14.8371],[76.8488,14.8415],[76.8542,14.8434],[76.8555,14.8472],[76.8548,14.8544],[76.8553,14.8601],[76.8574,14.8684],[76.8541,14.8697],[76.8531,14.8806],[76.8516,14.8838],[76.853,14.8876],[76.8458,14.8877],[76.8478,14.8965],[76.8641,14.896],[76.8676,14.9187],[76.8677,14.9274],[76.8698,14.9384],[76.8685,14.9448],[76.8681,14.951],[76.8664,14.9575],[76.8675,14.9702],[76.8621,14.97],[76.8418,14.9665],[76.8354,14.9601],[76.8344,14.9568],[76.829,14.9568],[76.8189,14.9695],[76.8151,14.9705],[76.8023,14.969],[76.7948,14.9698],[76.7783,14.9756],[76.7671,14.9755],[76.7636,14.9855],[76.7606,14.99],[76.7726,14.9913],[76.7754,14.9938],[76.7788,15.0048],[76.7856,15.006],[76.7886,15.0124],[76.79,15.0214],[76.7859,15.0276],[76.7857,15.0377],[76.7835,15.0426],[76.7805,15.0427],[76.7766,15.0546],[76.7732,15.0595],[76.7751,15.0717],[76.7826,15.0779],[76.7854,15.0826],[76.7853,15.0868],[76.7924,15.0881],[76.796,15.094],[76.8,15.0961],[76.802,15.0955],[76.8111,15.0873],[76.8184,15.084],[76.8244,15.0803],[76.8343,15.0798],[76.8369,15.0791],[76.8472,15.0708],[76.8575,15.064],[76.8614,15.0628],[76.8609,15.0607],[76.8642,15.0587],[76.8656,15.0557],[76.8692,15.0537],[76.8697,15.0508],[76.873,15.044],[76.8779,15.0361],[76.8775,15.0312],[76.893,15.0373],[76.899,15.0369],[76.9068,15.0336],[76.9182,15.0363],[76.9223,15.0323],[76.9344,15.0303],[76.9455,15.032],[76.9505,15.0309],[76.9656,15.0192],[76.9716,15.0175],[76.9855,15.016],[76.986,15.0269],[76.9907,15.0284],[77.0034,15.0314],[77.0044,15.0343],[77.022,15.0327],[77.0352,15.0323],[77.0526,15.034],[77.0542,15.0263],[77.0514,15.0181],[77.046,15.0096],[77.0651,15.006],[77.0722,15.0051],[77.0728,15.0063],[77.0826,15.0066],[77.0831,15.0149],[77.0849,15.0314],[77.0909,15.03],[77.0937,15.0368],[77.1131,15.0347],[77.1153,15.0471],[77.1196,15.0464],[77.1206,15.0543],[77.1261,15.0682],[77.1274,15.0703],[77.1293,15.0806],[77.1294,15.0898],[77.1304,15.0947],[77.1301,15.1017],[77.1349,15.103],[77.1369,15.1051],[77.142,15.1053],[77.1502,15.1127],[77.1524,15.1175],[77.1562,15.1235],[77.1573,15.1296],[77.1564,15.1386],[77.15715276497696,15.141405760368665],[77.1572,15.1414],[77.15726976744186,15.141841860465142],[77.1575,15.1427],[77.1581,15.1471],[77.1604,15.1479],[77.1766,15.1431],[77.1803,15.1441],[77.183,15.1512],[77.1881,15.1583],[77.1996,15.1609],[77.2025,15.1583],[77.2137,15.1556],[77.2135,15.1527],[77.2208,15.1516],[77.2205,15.1493],[77.2291,15.1471],[77.2301,15.145],[77.2342,15.1458],[77.248,15.146],[77.2645,15.1431],[77.2675,15.137],[77.2714,15.1317],[77.2845,15.1325],[77.2917,15.132],[77.2949,15.1398],[77.2987,15.151],[77.2996,15.1552],[77.3049,15.1547],[77.3098,15.1554],[77.3114,15.1609],[77.3136,15.1654],[77.3163,15.1781],[77.3215,15.1777],[77.3308,15.1757],[77.3339,15.1775],[77.3514,15.1784],[77.35,15.1826],[77.3546,15.2023],[77.3574,15.202],[77.3623,15.2143],[77.3631,15.2242],[77.3659,15.2242],[77.3836,15.2217],[77.3904,15.2186],[77.3985,15.2189],[77.4038,15.2208],[77.4063,15.2206],[77.4073,15.2252],[77.4089,15.2269],[77.4131,15.2254],[77.4184,15.2255],[77.4282,15.2242],[77.4293,15.2223],[77.4332,15.2221],[77.4344,15.2185],[77.4344,15.2119],[77.4423,15.2099],[77.444,15.2084],[77.4508,15.2069],[77.4467,15.2154],[77.4506,15.2169],[77.4515,15.2237],[77.4555,15.221],[77.4603,15.2196],[77.4679,15.2191],[77.4732,15.2152],[77.4763,15.2139],[77.4783,15.211],[77.4838,15.2107],[77.486,15.2154],[77.4974,15.2177],[77.4986,15.2216],[77.5028,15.2232],[77.5114,15.225],[77.5201,15.2257],[77.5275,15.2253],[77.531,15.2222],[77.5354,15.2166],[77.5393,15.2137],[77.5418,15.2104],[77.55,15.2088],[77.563,15.2046],[77.5665,15.2043],[77.573,15.1988],[77.5826,15.1891],[77.5945,15.185],[77.5981,15.1845],[77.6045,15.1852],[77.6115,15.1847],[77.6105,15.1969],[77.6159,15.2043],[77.6211,15.2069],[77.6254,15.208],[77.6337,15.2074],[77.6352,15.2081],[77.6368,15.2155],[77.6367,15.2208],[77.6387,15.2235],[77.6437,15.2242],[77.6496,15.2265],[77.6488,15.2311],[77.6518,15.2338],[77.6568,15.2325],[77.6645,15.2349],[77.6663,15.2332],[77.6715,15.2329],[77.6772,15.2289],[77.6764,15.2225],[77.6788,15.2178],[77.6819,15.2151],[77.6889,15.2144],[77.6879,15.2104],[77.691,15.2078],[77.6961,15.2083],[77.6987,15.2041],[77.6986,15.2008],[77.6953,15.1959],[77.6953,15.1931],[77.6931,15.1889],[77.6929,15.1848],[77.6961,15.1824],[77.7013,15.1808],[77.7091,15.1849],[77.7118,15.1851],[77.7171,15.1801],[77.7163,15.1734],[77.7226,15.1715],[77.729,15.171],[77.733,15.1689],[77.7302,15.1648],[77.7293,15.1544],[77.7305,15.1513],[77.7344,15.1479],[77.7429,15.1457],[77.7467,15.1413],[77.7474,15.1326],[77.7492,15.1293],[77.7603,15.1284],[77.7689,15.1259],[77.774,15.1255],[77.7738,15.1223],[77.771,15.115],[77.7744,15.1127],[77.7792,15.1118],[77.7811,15.1145],[77.785,15.114],[77.7873,15.112],[77.7869,15.1096],[77.7915,15.1073],[77.7963,15.1201],[77.8044,15.1238],[77.8112,15.1297],[77.8098,15.1363],[77.8157,15.144],[77.8256,15.1441],[77.8286,15.1452],[77.839,15.146],[77.8427,15.1306],[77.8531,15.1359],[77.8719,15.1366],[77.8755,15.1364],[77.8754,15.1399],[77.8781,15.144],[77.8795,15.1491],[77.8812,15.1505],[77.8807,15.1636],[77.8852,15.1723],[77.8838,15.1762],[77.8845,15.1794],[77.889,15.1798],[77.8974,15.1781],[77.9042,15.1789],[77.9072,15.1765],[77.9124,15.1751],[77.91550476190476,15.174212925170071],[77.9155,15.1742],[77.9157,15.174157142857142],[77.9166,15.1739],[77.9169,15.1739],[77.9194,15.1749],[77.9182,15.1711],[77.9233,15.1648],[77.9233,15.1586],[77.9205,15.1569],[77.9205,15.1543],[77.9247,15.1534],[77.9239,15.1497],[77.9192,15.1469],[77.9137,15.1455],[77.9139,15.1427],[77.9088,15.1393],[77.9148,15.133],[77.915,15.13],[77.9073,15.1317],[77.9057,15.1301],[77.9064,15.1236],[77.9111,15.1244],[77.918,15.1214],[77.9198,15.1188],[77.9245,15.1163],[77.9264,15.1171],[77.9326,15.1133],[77.9366,15.1156],[77.9456,15.1129],[77.9613,15.1098],[77.9641,15.1156],[77.9649,15.1237],[77.9699,15.1301],[77.9746,15.1401],[77.9856,15.1377],[77.9908,15.1349],[77.9938,15.1343],[77.9957,15.1316],[77.9971,15.1261],[78.0025,15.1227],[78.0066,15.1234],[78.0098,15.1177],[78.0129,15.1161],[78.0145,15.1125],[78.014,15.103],[78.0126,15.1024],[78.0068,15.0948],[78.0069,15.0882],[78.0059,15.0825],[78.0028,15.0815],[77.999,15.0834],[77.9963,15.0774],[77.9987,15.0727],[77.9961,15.0684],[77.9955,15.0648],[78.002,15.0583],[78.0054,15.0536],[78.0108,15.0526],[78.0102,15.0382],[78.0108,15.0291],[78.0189,15.0201],[78.022,15.0177],[78.0268,15.017],[78.0266,15.0125],[78.0299,15.0072],[78.0323,15.0058],[78.034,15.0006],[78.0546,14.993],[78.0571,15.0017],[78.0603,15.0044],[78.0631,14.9989],[78.0657,14.9958],[78.0824,14.9872],[78.0852,14.9838],[78.0886,14.9829],[78.0874,14.973],[78.0988,14.9683],[78.1173,14.9672],[78.1207,14.9654],[78.1251,14.9654],[78.1263,14.9628],[78.1341,14.9614],[78.1375,14.9487],[78.1375,14.9452],[78.1349,14.9398],[78.1312,14.9349],[78.1267,14.9339],[78.1255,14.9377],[78.1227,14.9348],[78.1134,14.9324],[78.1087,14.9229],[78.0986,14.8946],[78.0947,14.8852],[78.0955,14.884],[78.093,14.8723],[78.09,14.8629],[78.0895,14.8583],[78.1009,14.856],[78.1051,14.8545],[78.1093,14.8545],[78.1139,14.8514],[78.1095,14.8426],[78.1014,14.8177],[78.098,14.8183],[78.0846,14.8239],[78.0805,14.8267],[78.0768,14.8279],[78.0755,14.8212],[78.0756,14.8169],[78.0728,14.8139],[78.0688,14.8055],[78.0658,14.7978],[78.0637,14.7964],[78.0614,14.7923],[78.0584,14.7906],[78.0552,14.7841],[78.0517,14.781],[78.047,14.7751],[78.0474,14.7712],[78.0541,14.7689],[78.0607,14.7654],[78.0621,14.7627],[78.0696,14.7579],[78.0733,14.7572],[78.0765,14.7531],[78.0779,14.7459],[78.0693,14.7292],[78.0658,14.7216],[78.0637,14.7192],[78.067,14.7162],[78.0779,14.7188],[78.0871,14.7173],[78.0944,14.7141],[78.0954,14.7095],[78.098,14.7091],[78.0968,14.7017],[78.107,14.7002],[78.1092,14.6971],[78.1099,14.6931],[78.1169,14.6923],[78.1194,14.6935],[78.1196,14.6979],[78.1256,14.6981],[78.135,14.6962],[78.1352,14.6882],[78.1327,14.6763],[78.132,14.6708],[78.1299,14.6498],[78.1197,14.6349],[78.1243,14.6306],[78.1222,14.6244],[78.1127,14.6262],[78.1137,14.6289],[78.1045,14.6286],[78.0884,14.6313],[78.0868,14.6213],[78.0852,14.6164],[78.0819,14.613],[78.0812,14.6083],[78.077,14.5983],[78.0746,14.5891],[78.07,14.5814],[78.0676,14.5808],[78.0648,14.573],[78.0593,14.5735],[78.0526,14.5717],[78.0447,14.5677],[78.0395,14.5672],[78.0379,14.5625],[78.0394,14.5609],[78.0388,14.5564],[78.0444,14.5472],[78.0423,14.5371],[78.0401,14.534],[78.0346,14.5337],[78.0334,14.5311],[78.0304,14.5338],[78.0255,14.5349],[78.0223,14.5336],[78.0144,14.5384],[78.0125,14.5368],[78.0008,14.5395],[77.9942,14.5394],[77.9879,14.5404],[77.9844,14.5434],[77.9829,14.5461],[77.9848,14.5496],[77.9851,14.555],[77.9823,14.5672],[77.9874,14.5663],[77.9893,14.5678],[77.9869,14.5709],[77.9875,14.5748],[77.9874,14.5844],[77.9822,14.5955],[77.9881,14.6066],[77.9883,14.6111],[77.991,14.6117],[77.9847,14.6182],[77.9805,14.6217],[77.9748,14.6237],[77.9678,14.624],[77.9626,14.6279],[77.9579,14.6353],[77.9511,14.6363],[77.9443,14.6355],[77.94,14.6382],[77.9367,14.6378],[77.9314,14.6398],[77.9271,14.6401],[77.9208,14.6419],[77.9139,14.6414],[77.9087,14.6443],[77.9054,14.6445],[77.8987,14.6434],[77.8948,14.6454],[77.8939,14.6485],[77.8847,14.6481],[77.8794,14.6438],[77.8751,14.6469],[77.8746,14.6507],[77.8702,14.6544],[77.8686,14.653],[77.8625,14.6446],[77.8595,14.6422],[77.8525,14.6407],[77.8503,14.638],[77.8538,14.6349],[77.8541,14.6301],[77.8528,14.6269],[77.854,14.6251],[77.8539,14.6194],[77.8562,14.6181],[77.8558,14.6141],[77.8496,14.6132],[77.8492,14.615],[77.8403,14.6129],[77.8419,14.6108],[77.8468,14.6117],[77.8517,14.6098],[77.8553,14.6057],[77.8521,14.6005],[77.8461,14.5987],[77.8251,14.6058],[77.823,14.6029],[77.8192,14.6038],[77.8177,14.6014],[77.8139,14.6073],[77.8063,14.6134],[77.8045,14.6161],[77.7997,14.6125],[77.7952,14.6134],[77.7896,14.6086],[77.7786,14.6003],[77.7736,14.5957],[77.7614,14.5942],[77.7583,14.597],[77.7542,14.595],[77.7472,14.5935],[77.7388,14.5925],[77.7344,14.5891],[77.7387,14.5863],[77.7364,14.5767],[77.7289,14.5748],[77.7284,14.5764],[77.7231,14.5776],[77.721,14.5798],[77.7148,14.5761],[77.7147,14.5733],[77.7121,14.5718],[77.7091,14.5582],[77.7061,14.556],[77.7053,14.5489],[77.7026,14.5439],[77.6962,14.5401],[77.6937,14.5375],[77.6879,14.5367],[77.6758,14.5378],[77.6694,14.5413],[77.6665,14.5411],[77.6545,14.5363],[77.6543,14.5316],[77.6525,14.528],[77.6498,14.5183],[77.6543,14.5192],[77.6641,14.5156],[77.6692,14.5122],[77.6709,14.51],[77.6774,14.5057],[77.677,14.4983],[77.6687,14.4893],[77.6611,14.4838],[77.6556,14.4829],[77.652,14.4839],[77.6481,14.478],[77.6439,14.4773],[77.6423,14.4752],[77.6442,14.4722],[77.6464,14.4623],[77.6433,14.4591],[77.6395,14.4587],[77.6374,14.4559],[77.6342,14.4478],[77.6368,14.4424],[77.6409,14.4406],[77.6421,14.4346],[77.6395,14.4335],[77.6376,14.4273],[77.6316,14.4212],[77.6331,14.4163],[77.6283,14.4125],[77.6328,14.4108],[77.632,14.4073],[77.6285,14.4072],[77.6262,14.4038],[77.6249,14.3964],[77.6336,14.3961],[77.638,14.3968],[77.6491,14.3947],[77.655,14.3924],[77.6632,14.393],[77.6639,14.3893],[77.6659,14.3863],[77.6657,14.3776],[77.6686,14.3725],[77.6722,14.3726],[77.6772,14.3747],[77.6839,14.3727],[77.6914,14.3739],[77.6955,14.3793],[77.6985,14.3799],[77.7025,14.3828],[77.7063,14.3813],[77.7106,14.3781],[77.7106,14.3717],[77.7163,14.3703],[77.7162,14.3674],[77.7199,14.3651],[77.728,14.3521],[77.7351,14.3417],[77.7337,14.3361],[77.73,14.3365],[77.7239,14.3347],[77.7258,14.325],[77.7325,14.3255],[77.7362,14.3249],[77.7419,14.3269],[77.7474,14.3267],[77.7465,14.3229],[77.7529,14.3213],[77.7513,14.3251],[77.757,14.3271],[77.7585,14.3286],[77.764,14.3288],[77.7666,14.3279],[77.7704,14.331],[77.7762,14.3301],[77.785,14.3358],[77.791,14.339],[77.7955,14.3402],[77.7999,14.3401],[77.7987,14.3345],[77.7983,14.3276],[77.8079,14.3191],[77.8255,14.3065],[77.8397,14.3069],[77.8448,14.3061],[77.8476,14.3034],[77.85,14.2996],[77.8438,14.2894],[77.8449,14.2875],[77.847,14.2789],[77.8449,14.273],[77.8428,14.2715],[77.8452,14.2686],[77.845,14.2657],[77.8393,14.2619],[77.8277,14.252],[77.8251,14.2562],[77.8209,14.2655],[77.8169,14.2704],[77.8094,14.2699],[77.8026,14.2733],[77.7992,14.2725],[77.7908,14.2721],[77.7877,14.271],[77.7806,14.2739],[77.7802,14.2789],[77.772,14.2785],[77.7673,14.2777],[77.7619,14.2738],[77.7598,14.2648],[77.7578,14.2597],[77.7531,14.2599],[77.7507,14.2577],[77.7492,14.2534],[77.7462,14.2542],[77.736,14.2506],[77.7333,14.255],[77.7268,14.2531],[77.7233,14.2538],[77.7114,14.2513],[77.6963,14.2459],[77.6926,14.2451],[77.6873,14.2422],[77.6763,14.2425],[77.6651,14.2397],[77.6612,14.2375],[77.6585,14.2335],[77.6535,14.2317],[77.648,14.2329],[77.6399,14.2335],[77.635,14.2321],[77.6313,14.2279],[77.6278,14.2296],[77.6202,14.2303],[77.6104,14.23],[77.6062,14.2288],[77.5929,14.2215],[77.5804,14.2238],[77.5773,14.2239],[77.5666,14.2212],[77.5631,14.2132],[77.5629,14.2029],[77.5639,14.1953],[77.5569,14.1938],[77.5517,14.1893],[77.5521,14.1862],[77.5465,14.1856],[77.5434,14.1864],[77.5326,14.1848],[77.5225,14.1814],[77.5169,14.1834],[77.5168,14.1864],[77.5049,14.1936],[77.5032,14.1977],[77.5013,14.2053],[77.5033,14.211],[77.4962,14.2208],[77.4944,14.2252],[77.4958,14.2328],[77.4924,14.2333],[77.4922,14.2356],[77.4964,14.2376],[77.4968,14.2411],[77.5012,14.2516],[77.5041,14.2602],[77.5044,14.2643],[77.4985,14.2792],[77.4929,14.2783],[77.4911,14.2814],[77.4873,14.282],[77.485,14.2883],[77.4822,14.2919],[77.4792,14.2925],[77.4742,14.2896],[77.4667,14.2836],[77.4591,14.2804],[77.4504,14.2809],[77.4482,14.2828],[77.4467,14.293],[77.4454,14.2954],[77.4468,14.3059],[77.4464,14.3176],[77.4385,14.3167],[77.433,14.3134],[77.431,14.3136],[77.4305,14.3193],[77.4286,14.3243],[77.4287,14.3289],[77.424,14.3285],[77.4172,14.3324],[77.4127,14.3367],[77.4072,14.338],[77.4002,14.3367],[77.3946,14.3368],[77.3901,14.3338],[77.3861,14.3285],[77.3793,14.323],[77.3783,14.3159],[77.3786,14.3128],[77.3772,14.3072],[77.3779,14.3022],[77.3827,14.2986],[77.3853,14.2929],[77.3866,14.2824],[77.389,14.2811],[77.3893,14.2773],[77.3871,14.272],[77.3885,14.2699],[77.3995,14.2661],[77.4053,14.267],[77.4082,14.2553],[77.4095,14.2521],[77.409,14.2446],[77.4096,14.2323],[77.4121,14.2282],[77.4178,14.2263],[77.4173,14.2223],[77.4183,14.2196],[77.4183,14.2092],[77.4144,14.2051],[77.4095,14.2059],[77.4004,14.2034],[77.3921,14.1991],[77.3872,14.2002],[77.387,14.2035],[77.3831,14.208],[77.3843,14.2213],[77.3777,14.2284],[77.3626,14.2344],[77.3596,14.2343],[77.36,14.2447],[77.3618,14.2502],[77.3647,14.2511],[77.3649,14.2561],[77.3626,14.2606],[77.363,14.2661],[77.3619,14.269],[77.364,14.276],[77.3576,14.2769],[77.3455,14.2773],[77.3395,14.277],[77.3356,14.2787],[77.3255,14.2806],[77.315,14.2806],[77.3055,14.2835],[77.3019,14.2834],[77.2893,14.2815],[77.2837,14.2828],[77.2831,14.2864],[77.2882,14.2989],[77.2892,14.3082],[77.2889,14.3273],[77.2878,14.3273],[77.2869,14.3405],[77.2841,14.3376],[77.2774,14.3378],[77.2744,14.3348],[77.2698,14.3323],[77.2641,14.3331],[77.2581,14.3307],[77.2588,14.3277],[77.2537,14.3255],[77.2543,14.3224],[77.2504,14.3172],[77.2457,14.316],[77.2412,14.3164],[77.2352,14.3181],[77.2291,14.3211],[77.2141,14.3188],[77.1976,14.3214],[77.1842,14.3326],[77.1809,14.3326],[77.1739,14.3375],[77.1695,14.3383],[77.1688,14.3423],[77.1596,14.3423],[77.1547,14.3396],[77.1501,14.3393],[77.1456,14.3407],[77.1395,14.3403],[77.1359,14.337],[77.1371,14.3339],[77.1366,14.3236],[77.1325,14.311],[77.13,14.3055],[77.1237,14.2984],[77.1157,14.2923],[77.1157,14.2743],[77.1102,14.269],[77.1119,14.2659],[77.1112,14.2619],[77.1205,14.2632],[77.119,14.2576],[77.1154,14.2552],[77.1186,14.2481],[77.1191,14.2448],[77.117,14.2384],[77.1175,14.2274],[77.117,14.2249],[77.1114,14.2211],[77.103,14.2173],[77.0826,14.2142],[77.0771,14.2232],[77.0731,14.2265],[77.064,14.2294],[77.0615,14.2321],[77.0612,14.2364],[77.0582,14.2413],[77.0584,14.2447],[77.0549,14.2459],[77.0379,14.247],[77.0375,14.2448],[77.0323,14.2443],[77.0321,14.2423],[77.0211,14.2409],[77.0155,14.2384],[77.0089,14.2376],[77.0067,14.2358],[76.9982,14.2416],[76.9919,14.2418],[76.986,14.2477],[76.9768,14.2467],[76.97,14.2437],[76.9624,14.2451],[76.9588,14.245],[76.9512,14.2422],[76.9448,14.2429],[76.9399,14.2449],[76.9382,14.2502],[76.9369,14.2579],[76.9347,14.2619],[76.9253,14.2736],[76.9284,14.2792],[76.9373,14.2802],[76.939,14.2829],[76.9476,14.286],[76.957,14.2945],[76.9506,14.3038],[76.946,14.3132],[76.9366,14.3136],[76.9269,14.3147],[76.9083,14.3229],[76.9037,14.3227],[76.9007,14.3269],[76.8923,14.3416],[76.8885,14.3458],[76.8852,14.3473],[76.883,14.354],[76.8824,14.3589],[76.8841,14.3646],[76.8842,14.375],[76.8853,14.3828],[76.8861,14.3957],[76.8934,14.3963],[76.8984,14.3977],[76.9052,14.4042],[76.9157,14.4201],[76.9167,14.4203],[76.9262,14.4141],[76.9299,14.4124],[76.9369,14.407],[76.9431,14.3998],[76.9471,14.4067],[76.9481,14.4128],[76.9452,14.451],[76.9463,14.4527],[76.9573,14.4522],[76.9603,14.4507],[76.9636,14.456],[76.9654,14.457],[76.9689,14.4622],[76.9689,14.4654],[76.972,14.4682],[76.9758,14.478],[76.9751,14.4856],[76.9648,14.4857],[76.9592,14.487],[76.9505,14.487],[76.949,14.4894],[76.941,14.4892],[76.9253,14.4907],[76.9009,14.4895],[76.8895,14.4834],[76.8869,14.4838],[76.8842,14.4795],[76.8847,14.4774],[76.8682,14.4742],[76.8653,14.479],[76.8653,14.482],[76.8617,14.4962],[76.8596,14.4974],[76.8567,14.508],[76.8553,14.5101],[76.8491,14.513],[76.8464,14.5164],[76.8399,14.5206],[76.8359,14.5214],[76.8331,14.5282]]]},"properties":{"district":"Anantapur","st_nm":"Andhra Pradesh"}},{"type":"Feature","geometry":{"type":"Polygon","coordinates":[[[77.4308,13.8444],[77.4276,13.841],[77.4204,13.8415],[77.4162,13.8395],[77.4094,13.8397],[77.4014,13.8409],[77.3967,13.8409],[77.3892,13.839],[77.3828,13.8391],[77.3793,13.84],[77.3814,13.8471],[77.3747,13.8525],[77.3619,13.8542],[77.3559,13.849],[77.3539,13.8455],[77.3477,13.8422],[77.3376,13.8329],[77.326,13.8334],[77.3262,13.8371],[77.3236,13.8401],[77.3258,13.8456],[77.3223,13.8471],[77.322,13.8562],[77.3197,13.8572],[77.3167,13.8632],[77.3115,13.8665],[77.3109,13.8628],[77.3055,13.8622],[77.2973,13.8567],[77.2959,13.8571],[77.291,13.848],[77.289,13.8472],[77.2809,13.8509],[77.2745,13.8488],[77.2644,13.8469],[77.257,13.8465],[77.2563,13.8501],[77.2583,13.8548],[77.2596,13.8629],[77.2533,13.8651],[77.2506,13.8673],[77.2469,13.8677],[77.2489,13.8735],[77.2471,13.88],[77.2451,13.8835],[77.2479,13.8881],[77.2474,13.8929],[77.2484,13.9013],[77.2457,13.9029],[77.2366,13.9011],[77.2359,13.9041],[77.2308,13.9033],[77.2299,13.8978],[77.2303,13.8918],[77.2269,13.8821],[77.2252,13.8829],[77.2202,13.8676],[77.2156,13.8678],[77.217,13.8848],[77.2154,13.8862],[77.2104,13.8847],[77.2105,13.8782],[77.2046,13.8698],[77.2008,13.8629],[77.1817,13.8698],[77.1856,13.8754],[77.1869,13.8854],[77.1857,13.8867],[77.1866,13.895],[77.1887,13.9003],[77.1911,13.9118],[77.1883,13.914],[77.1851,13.9252],[77.1702,13.9206],[77.1623,13.9065],[77.1625,13.8995],[77.1642,13.8954],[77.1692,13.8899],[77.1691,13.8809],[77.1701,13.88],[77.1718,13.8712],[77.1688,13.8645],[77.1583,13.8661],[77.1478,13.8685],[77.1364,13.8564],[77.1285,13.8563],[77.1325,13.8461],[77.1463,13.8461],[77.1565,13.8443],[77.1548,13.8415],[77.1541,13.834],[77.1658,13.833],[77.169,13.8296],[77.169,13.8232],[77.1674,13.8205],[77.163,13.8168],[77.1629,13.8085],[77.1579,13.8059],[77.1624,13.8046],[77.1632,13.7985],[77.1658,13.7939],[77.1759,13.7834],[77.1793,13.7816],[77.1735,13.7618],[77.1584,13.7638],[77.1527,13.766],[77.1412,13.7648],[77.1401,13.7607],[77.1372,13.758],[77.1215,13.7615],[77.1175,13.7644],[77.1062,13.7677],[77.1022,13.7679],[77.0948,13.7662],[77.0909,13.7669],[77.0908,13.7621],[77.0859,13.7621],[77.0842,13.7559],[77.0848,13.7499],[77.0888,13.7472],[77.0896,13.7403],[77.0802,13.7402],[77.0669,13.7425],[77.0607,13.7509],[77.0578,13.7527],[77.0595,13.7591],[77.0523,13.7638],[77.0506,13.7681],[77.0477,13.7707],[77.0445,13.7705],[77.0439,13.7775],[77.0338,13.7788],[77.0248,13.779],[77.0243,13.7676],[77.0218,13.762],[77.0179,13.7557],[77.0196,13.7509],[77.0244,13.7472],[77.0226,13.7423],[77.0217,13.735],[77.0172,13.7349],[77.0023,13.7412],[76.998,13.751],[76.9989,13.7549],[76.9952,13.7595],[76.9933,13.7707],[76.9856,13.7906],[76.9898,13.7948],[76.9921,13.8027],[76.9901,13.8129],[76.9845,13.8155],[76.9768,13.8172],[76.9783,13.8268],[76.9833,13.8288],[76.9877,13.8328],[76.9906,13.8373],[76.9924,13.849],[76.9993,13.8491],[77.0071,13.852],[77.0146,13.8602],[77.0136,13.863],[77.0135,13.8714],[77.0188,13.8724],[77.0166,13.8843],[77.0206,13.888],[77.0209,13.8923],[77.0235,13.8957],[77.0234,13.9026],[77.0289,13.9035],[77.0337,13.9054],[77.0441,13.9055],[77.0477,13.9065],[77.0448,13.9132],[77.0442,13.9194],[77.0421,13.9265],[77.0419,13.9334],[77.0373,13.937],[77.0245,13.94],[77.0161,13.9513],[77.0144,13.955],[77.0066,13.9563],[77.0041,13.958],[76.9939,13.9626],[76.9962,13.9765],[77.0001,13.9892],[76.996,13.9908],[76.99,13.9946],[76.9813,14.0027],[76.9669,14.0112],[76.9559,14.0132],[76.9497,14.016],[76.9442,14.0235],[76.9445,14.0286],[76.9394,14.03],[76.9347,14.0328],[76.9316,14.0305],[76.9327,14.0384],[76.9346,14.0446],[76.9326,14.0544],[76.9413,14.0536],[76.9525,14.0544],[76.9583,14.0573],[76.9636,14.0583],[76.9722,14.0586],[76.9745,14.0632],[76.9771,14.0659],[76.978,14.0717],[76.9758,14.0741],[76.9755,14.0811],[76.9739,14.0837],[76.9597,14.0919],[76.9488,14.0922],[76.9538,14.0998],[76.9522,14.1057],[76.9473,14.113],[76.9445,14.1209],[76.9368,14.1245],[76.936,14.129],[76.9308,14.1316],[76.9252,14.1372],[76.9178,14.1289],[76.9128,14.1288],[76.9042,14.134],[76.8967,14.1353],[76.8897,14.1356],[76.8862,14.1382],[76.8905,14.1424],[76.8914,14.1456],[76.8934,14.1632],[76.8949,14.1678],[76.9039,14.1676],[76.908,14.1683],[76.9121,14.1676],[76.92,14.1645],[76.9222,14.1695],[76.9247,14.1703],[76.9427,14.1736],[76.9422,14.1813],[76.9448,14.1865],[76.9427,14.1908],[76.9429,14.1953],[76.9479,14.1983],[76.9504,14.1939],[76.9575,14.1884],[76.9576,14.1868],[76.9613,14.1819],[76.9689,14.1829],[76.9724,14.1825],[76.9819,14.1792],[76.9858,14.1802],[76.9886,14.1795],[76.9947,14.1802],[77.0063,14.1841],[77.0161,14.1792],[77.0271,14.175],[77.0215,14.1573],[77.0228,14.1532],[77.0219,14.1494],[77.0211,14.1308],[77.0268,14.1295],[77.0269,14.1249],[77.0227,14.1227],[77.0247,14.1126],[77.0175,14.1045],[77.0154,14.0999],[77.0192,14.0966],[77.0194,14.0942],[77.0287,14.0893],[77.0304,14.0877],[77.0293,14.0758],[77.0271,14.0693],[77.0265,14.0651],[77.0314,14.0572],[77.0329,14.0558],[77.0481,14.0562],[77.057,14.0535],[77.0606,14.0535],[77.0673,14.0517],[77.0766,14.0529],[77.076,14.0434],[77.0812,14.0424],[77.0964,14.0421],[77.1019,14.0449],[77.1095,14.0451],[77.1271,14.0468],[77.132,14.0438],[77.137,14.0216],[77.14,14.018],[77.1419,14.0125],[77.1416,14.0065],[77.1427,14.0031],[77.1512,13.9999],[77.1602,14.0003],[77.1725,14.0003],[77.1727,14.0035],[77.1713,14.0112],[77.1751,14.0125],[77.1862,14.0115],[77.1925,14.0093],[77.2015,14.0085],[77.2046,14.0076],[77.2093,14.0105],[77.2163,14.0103],[77.2201,14.0131],[77.2238,14.0131],[77.2454,14.0115],[77.2492,14.0182],[77.2564,14.022],[77.2607,14.029],[77.2635,14.029],[77.2702,14.0346],[77.2777,14.035],[77.2791,14.0327],[77.2797,14.0273],[77.2754,14.0119],[77.2821,14.0136],[77.2896,14.0179],[77.2925,14.0206],[77.3015,14.0255],[77.3017,14.0279],[77.3057,14.0317],[77.3101,14.0328],[77.3225,14.0301],[77.3229,14.0237],[77.3286,14.0151],[77.3352,14.0085],[77.3372,14.0032],[77.3356,13.998],[77.3364,13.9956],[77.3405,13.9957],[77.3491,13.994],[77.3559,13.9916],[77.3611,13.9907],[77.3596,13.9834],[77.3563,13.9795],[77.354,13.9712],[77.3522,13.9681],[77.3539,13.9637],[77.3534,13.9615],[77.3498,13.9581],[77.372,13.9529],[77.3675,13.9497],[77.3648,13.9438],[77.3591,13.9354],[77.3549,13.9303],[77.3518,13.9246],[77.3478,13.9156],[77.3502,13.9131],[77.3528,13.9135],[77.3544,13.9041],[77.3607,13.903],[77.3695,13.9031],[77.3732,13.9043],[77.3867,13.9063],[77.3972,13.9064],[77.3992,13.8983],[77.3994,13.8924],[77.3984,13.8883],[77.405,13.8896],[77.4059,13.8907],[77.4102,13.8965],[77.4202,13.8995],[77.4226,13.9029],[77.4285,13.9062],[77.4281,13.9092],[77.4316,13.9101],[77.4352,13.9165],[77.4349,13.9195],[77.4252,13.9209],[77.4204,13.9231],[77.4154,13.9239],[77.4146,13.9354],[77.4116,13.9459],[77.4195,13.945],[77.4259,13.9461],[77.4299,13.9452],[77.4338,13.9462],[77.4358,13.9482],[77.4375,13.9551],[77.4353,13.9575],[77.4347,13.9641],[77.438,13.9743],[77.437,13.9771],[77.4333,13.98],[77.4288,13.9787],[77.4272,13.9796],[77.4259,13.9856],[77.4102,13.9835],[77.3959,13.9834],[77.3875,13.9795],[77.3816,13.9758],[77.3802,13.9816],[77.3797,13.9898],[77.3827,13.9942],[77.3871,14.0042],[77.3889,14.0095],[77.3883,14.0157],[77.3763,14.0182],[77.3588,14.0228],[77.3495,14.0264],[77.339,14.0284],[77.3326,14.0308],[77.3339,14.039],[77.3358,14.0473],[77.3407,14.0604],[77.3446,14.0597],[77.3564,14.0627],[77.3602,14.0623],[77.3638,14.0732],[77.373,14.0768],[77.3752,14.0786],[77.3781,14.0843],[77.378,14.0869],[77.3813,14.0979],[77.3856,14.0975],[77.3891,14.0999],[77.3979,14.1104],[77.4004,14.1159],[77.4013,14.1203],[77.3972,14.1234],[77.3974,14.1256],[77.3911,14.1269],[77.382,14.1235],[77.3762,14.1192],[77.3722,14.119],[77.362,14.1156],[77.3538,14.11],[77.35,14.1033],[77.3476,14.1039],[77.3498,14.1119],[77.3499,14.1155],[77.3516,14.1201],[77.3512,14.1239],[77.3522,14.1314],[77.3575,14.1303],[77.3663,14.1324],[77.3722,14.1345],[77.3791,14.1359],[77.3834,14.1442],[77.3851,14.1534],[77.3882,14.1537],[77.3892,14.1599],[77.395,14.161],[77.3947,14.1689],[77.3915,14.173],[77.3938,14.1745],[77.4045,14.1735],[77.4095,14.1739],[77.4154,14.1764],[77.4229,14.177],[77.4227,14.1735],[77.4301,14.1709],[77.4412,14.1722],[77.4461,14.1723],[77.457,14.1704],[77.4671,14.1723],[77.467,14.1669],[77.4685,14.1656],[77.481,14.1654],[77.4882,14.1625],[77.4906,14.163],[77.5,14.1598],[77.5035,14.1573],[77.508,14.1683],[77.5113,14.1745],[77.5141,14.1765],[77.5136,14.1797],[77.5169,14.1834],[77.5225,14.1814],[77.5326,14.1848],[77.5434,14.1864],[77.5465,14.1856],[77.5521,14.1862],[77.5517,14.1893],[77.5569,14.1938],[77.5639,14.1953],[77.5629,14.2029],[77.5631,14.2132],[77.5666,14.2212],[77.5773,14.2239],[77.5804,14.2238],[77.5929,14.2215],[77.6062,14.2288],[77.6104,14.23],[77.6202,14.2303],[77.6278,14.2296],[77.6313,14.2279],[77.635,14.2321],[77.6399,14.2335],[77.648,14.2329],[77.6535,14.2317],[77.6585,14.2335],[77.6612,14.2375],[77.6651,14.2397],[77.6763,14.2425],[77.6873,14.2422],[77.6926,14.2451],[77.6963,14.2459],[77.7114,14.2513],[77.7233,14.2538],[77.7268,14.2531],[77.7333,14.255],[77.736,14.2506],[77.7462,14.2542],[77.7492,14.2534],[77.7507,14.2577],[77.7531,14.2599],[77.7578,14.2597],[77.7598,14.2648],[77.7619,14.2738],[77.7673,14.2777],[77.772,14.2785],[77.7802,14.2789],[77.7806,14.2739],[77.7877,14.271],[77.7908,14.2721],[77.7992,14.2725],[77.8026,14.2733],[77.8094,14.2699],[77.8169,14.2704],[77.8209,14.2655],[77.8251,14.2562],[77.8277,14.252],[77.8393,14.2619],[77.845,14.2657],[77.8452,14.2686],[77.8428,14.2715],[77.8449,14.273],[77.847,14.2789],[77.8449,14.2875],[77.8438,14.2894],[77.85,14.2996],[77.8476,14.3034],[77.8448,14.3061],[77.8397,14.3069],[77.8255,14.3065],[77.8079,14.3191],[77.7983,14.3276],[77.7987,14.3345],[77.7999,14.3401],[77.7955,14.3402],[77.791,14.339],[77.785,14.3358],[77.7762,14.3301],[77.7704,14.331],[77.7666,14.3279],[77.764,14.3288],[77.7585,14.3286],[77.757,14.3271],[77.7513,14.3251],[77.7529,14.3213],[77.7465,14.3229],[77.7474,14.3267],[77.7419,14.3269],[77.7362,14.3249],[77.7325,14.3255],[77.7258,14.325],[77.7239,14.3347],[77.73,14.3365],[77.7337,14.3361],[77.7351,14.3417],[77.728,14.3521],[77.7199,14.3651],[77.7162,14.3674],[77.7163,14.3703],[77.7106,14.3717],[77.7106,14.3781],[77.7063,14.3813],[77.7025,14.3828],[77.6985,14.3799],[77.6955,14.3793],[77.6914,14.3739],[77.6839,14.3727],[77.6772,14.3747],[77.6722,14.3726],[77.6686,14.3725],[77.6657,14.3776],[77.6659,14.3863],[77.6639,14.3893],[77.6632,14.393],[77.655,14.3924],[77.6491,14.3947],[77.638,14.3968],[77.6336,14.3961],[77.6249,14.3964],[77.6262,14.4038],[77.6285,14.4072],[77.632,14.4073],[77.6328,14.4108],[77.6283,14.4125],[77.6331,14.4163],[77.6316,14.4212],[77.6376,14.4273],[77.6395,14.4335],[77.6421,14.4346],[77.6409,14.4406],[77.6368,14.4424],[77.6342,14.4478],[77.6374,14.4559],[77.6395,14.4587],[77.6433,14.4591],[77.6464,14.4623],[77.6442,14.4722],[77.6423,14.4752],[77.6439,14.4773],[77.6481,14.478],[77.652,14.4839],[77.6556,14.4829],[77.6611,14.4838],[77.6687,14.4893],[77.677,14.4983],[77.6774,14.5057],[77.6709,14.51],[77.6692,14.5122],[77.6641,14.5156],[77.6543,14.5192],[77.6498,14.5183],[77.6525,14.528],[77.6543,14.5316],[77.6545,14.5363],[77.6665,14.5411],[77.6694,14.5413],[77.6758,14.5378],[77.6879,14.5367],[77.6937,14.5375],[77.6962,14.5401],[77.7026,14.5439],[77.7053,14.5489],[77.7061,14.556],[77.7091,14.5582],[77.7121,14.5718],[77.7147,14.5733],[77.7148,14.5761],[77.721,14.5798],[77.7231,14.5776],[77.7284,14.5764],[77.7289,14.5748],[77.7364,14.5767],[77.7387,14.5863],[77.7344,14.5891],[77.7388,14.5925],[77.7472,14.5935],[77.7542,14.595],[77.7583,14.597],[77.7614,14.5942],[77.7736,14.5957],[77.7786,14.6003],[77.7896,14.6086],[77.7952,14.6134],[77.7997,14.6125],[77.8045,14.6161],[77.8063,14.6134],[77.8139,14.6073],[77.8177,14.6014],[77.8192,14.6038],[77.823,14.6029],[77.8251,14.6058],[77.8461,14.5987],[77.8521,14.6005],[77.8553,14.6057],[77.8517,14.6098],[77.8468,14.6117],[77.8419,14.6108],[77.8403,14.6129],[77.8492,14.615],[77.8496,14.6132],[77.8558,14.6141],[77.8562,14.6181],[77.8539,14.6194],[77.854,14.6251],[77.8528,14.6269],[77.8541,14.6301],[77.8538,14.6349],[77.8503,14.638],[77.8525,14.6407],[77.8595,14.6422],[77.8625,14.6446],[77.8686,14.653],[77.8702,14.6544],[77.8746,14.6507],[77.8751,14.6469],[77.8794,14.6438],[77.8847,14.6481],[77.8939,14.6485],[77.8948,14.6454],[77.8987,14.6434],[77.9054,14.6445],[77.9087,14.6443],[77.9139,14.6414],[77.9208,14.6419],[77.9271,14.6401],[77.9314,14.6398],[77.9367,14.6378],[77.94,14.6382],[77.9443,14.6355],[77.9511,14.6363],[77.9579,14.6353],[77.9626,14.6279],[77.9678,14.624],[77.9748,14.6237],[77.9805,14.6217],[77.9847,14.6182],[77.991,14.6117],[77.9883,14.6111],[77.9881,14.6066],[77.9822,14.5955],[77.9874,14.5844],[77.9875,14.5748],[77.9869,14.5709],[77.9893,14.5678],[77.9874,14.5663],[77.9823,14.5672],[77.9777,14.5678],[77.9747,14.5697],[77.9694,14.5767],[77.9671,14.5871],[77.9644,14.5884],[77.9639,14.584],[77.96,14.5807],[77.956,14.5808],[77.9518,14.5769],[77.9476,14.5747],[77.9441,14.5704],[77.9521,14.5626],[77.9614,14.5603],[77.9635,14.5549],[77.9686,14.5492],[77.9709,14.5452],[77.9772,14.5378],[77.9728,14.5354],[77.9729,14.5318],[77.978,14.5237],[77.9879,14.5148],[77.9949,14.5021],[77.9984,14.4995],[78.0008,14.4895],[78.018,14.4747],[78.0233,14.4711],[78.0331,14.4629],[78.0391,14.4571],[78.0555,14.4422],[78.0644,14.4347],[78.0852,14.4219],[78.0861,14.4155],[78.0879,14.4139],[78.1075,14.393],[78.1192,14.3878],[78.1378,14.3787],[78.156,14.3658],[78.1588,14.3628],[78.171,14.3548],[78.1784,14.3526],[78.1825,14.353],[78.1888,14.3502],[78.1903,14.345],[78.1985,14.3386],[78.2072,14.3332],[78.2182,14.3287],[78.2212,14.3246],[78.2201,14.3229],[78.2295,14.3176],[78.2291,14.3156],[78.2409,14.3109],[78.2479,14.3076],[78.2514,14.3087],[78.2538,14.3052],[78.2713,14.305],[78.2774,14.3054],[78.2813,14.302],[78.2828,14.2944],[78.2853,14.2924],[78.2948,14.294],[78.2994,14.2909],[78.313,14.2914],[78.3172,14.294],[78.3217,14.2942],[78.3301,14.2907],[78.3426,14.2895],[78.3434,14.292],[78.3574,14.2936],[78.3644,14.2876],[78.3686,14.2884],[78.3872,14.2804],[78.3952,14.2776],[78.4125,14.2777],[78.4166,14.2785],[78.4208,14.2839],[78.424,14.2743],[78.4222,14.2705],[78.4197,14.2577],[78.4124,14.2383],[78.4105,14.2344],[78.4084,14.2272],[78.4099,14.2249],[78.408,14.2204],[78.4064,14.2129],[78.406,14.2018],[78.4103,14.2007],[78.4128,14.1975],[78.4212,14.1969],[78.4228,14.1993],[78.4282,14.1988],[78.4313,14.1931],[78.4303,14.1902],[78.4304,14.184],[78.4289,14.1811],[78.4242,14.1794],[78.4228,14.1741],[78.4203,14.1708],[78.4207,14.1602],[78.4203,14.1567],[78.4223,14.1555],[78.4221,14.1491],[78.4248,14.1484],[78.4252,14.1416],[78.43,14.1392],[78.4384,14.1376],[78.4391,14.1347],[78.4435,14.1385],[78.4488,14.1325],[78.4511,14.1263],[78.4514,14.1232],[78.4548,14.1152],[78.4596,14.1116],[78.4617,14.1081],[78.4595,14.0961],[78.4591,14.0918],[78.457,14.0897],[78.4546,14.0848],[78.4514,14.0833],[78.4495,14.0852],[78.4447,14.0849],[78.4429,14.0811],[78.4435,14.0775],[78.446,14.0757],[78.4476,14.0711],[78.4464,14.0699],[78.4462,14.0613],[78.4468,14.0565],[78.4493,14.0528],[78.4403,14.0437],[78.4418,14.0317],[78.4409,14.019],[78.4434,14.0156],[78.4574,14.01],[78.459,14.0086],[78.4701,14.0077],[78.4687,14.0053],[78.4675,13.9959],[78.4665,13.9949],[78.4628,13.9917],[78.4607,13.9876],[78.4534,13.9843],[78.4461,13.9821],[78.4427,13.9838],[78.4349,13.9793],[78.4277,13.9794],[78.4263,13.9774],[78.4252,13.972],[78.4207,13.9639],[78.4151,13.9621],[78.4049,13.957],[78.3974,13.9508],[78.3916,13.9449],[78.3898,13.9412],[78.3869,13.9393],[78.3786,13.9415],[78.3725,13.9452],[78.3759,13.9524],[78.3706,13.957],[78.3597,13.945],[78.3523,13.9386],[78.3486,13.94],[78.3472,13.9355],[78.3377,13.9371],[78.336,13.9305],[78.3369,13.9273],[78.3335,13.9223],[78.3319,13.9181],[78.3258,13.9221],[78.3185,13.9212],[78.3102,13.914],[78.3081,13.91],[78.3052,13.908],[78.301,13.9083],[78.2982,13.9049],[78.2989,13.9003],[78.2957,13.8926],[78.2897,13.8922],[78.2851,13.894],[78.2818,13.8977],[78.2781,13.8958],[78.2731,13.8956],[78.2785,13.8896],[78.2746,13.8866],[78.2752,13.8826],[78.2682,13.8729],[78.2691,13.8676],[78.2641,13.8657],[78.2633,13.8629],[78.2653,13.8578],[78.2594,13.8587],[78.2581,13.8544],[78.2537,13.8528],[78.2487,13.8526],[78.2426,13.8511],[78.2412,13.846],[78.2485,13.8416],[78.2515,13.8381],[78.2561,13.8367],[78.2563,13.824],[78.255,13.8198],[78.2555,13.8066],[78.262,13.8003],[78.2634,13.7982],[78.2619,13.7914],[78.2579,13.7926],[78.2515,13.7919],[78.2496,13.7871],[78.2359,13.7808],[78.2255,13.7811],[78.2167,13.7832],[78.2086,13.7822],[78.2034,13.7855],[78.2006,13.7862],[78.1933,13.7861],[78.1891,13.7896],[78.1833,13.7884],[78.1825,13.7863],[78.1744,13.7865],[78.1633,13.7846],[78.16,13.7862],[78.1571,13.7856],[78.1516,13.7868],[78.1479,13.7822],[78.1406,13.7827],[78.129,13.7849],[78.1256,13.787],[78.1237,13.7912],[78.1227,13.7994],[78.1148,13.8084],[78.1156,13.8141],[78.1247,13.8303],[78.1254,13.8323],[78.1225,13.8389],[78.1238,13.845],[78.1202,13.8482],[78.1165,13.8549],[78.1153,13.8607],[78.1148,13.8636],[78.1099,13.8627],[78.0993,13.8621],[78.0942,13.8651],[78.0897,13.8648],[78.0842,13.8623],[78.08,13.8695],[78.0808,13.8739],[78.0787,13.882],[78.0729,13.8853],[78.0665,13.8866],[78.0618,13.8886],[78.0626,13.8912],[78.0523,13.8962],[78.0488,13.8969],[78.0487,13.8936],[78.0503,13.8897],[78.0513,13.8815],[78.0504,13.8712],[78.0471,13.8673],[78.0456,13.8623],[78.0416,13.861],[78.0377,13.863],[78.0331,13.8634],[78.0319,13.8648],[78.0204,13.864],[78.0173,13.8653],[78.0141,13.8708],[78.0006,13.8732],[77.999,13.8692],[77.9925,13.869],[77.9899,13.8628],[77.9893,13.8538],[77.9859,13.852],[77.9794,13.8397],[77.9765,13.8294],[77.9705,13.829],[77.9608,13.8295],[77.9531,13.8275],[77.9527,13.8295],[77.9565,13.8317],[77.9565,13.8361],[77.9539,13.8387],[77.9552,13.8424],[77.9539,13.8482],[77.9546,13.8553],[77.9532,13.8568],[77.9496,13.871],[77.9486,13.8813],[77.9499,13.8877],[77.9526,13.8902],[77.9682,13.8947],[77.9852,13.898],[77.9871,13.9033],[77.9836,13.9052],[77.9846,13.9106],[77.9832,13.9235],[77.9808,13.928],[77.9862,13.9503],[77.9883,13.9559],[77.9832,13.9582],[77.9682,13.9606],[77.9651,13.956],[77.9627,13.9554],[77.9626,13.952],[77.9607,13.9408],[77.9576,13.9366],[77.9556,13.9389],[77.9467,13.9357],[77.9454,13.9313],[77.9366,13.9172],[77.9277,13.9057],[77.92,13.9069],[77.9166,13.908],[77.9102,13.9123],[77.9062,13.9168],[77.9003,13.917],[77.8966,13.9206],[77.8959,13.9263],[77.8996,13.9309],[77.8963,13.9414],[77.8778,13.9376],[77.8641,13.9368],[77.8558,13.9388],[77.8428,13.9366],[77.8388,13.9367],[77.8308,13.9418],[77.8272,13.9455],[77.8226,13.9394],[77.8163,13.9341],[77.8148,13.9311],[77.8139,13.9218],[77.8139,13.9155],[77.8176,13.9088],[77.8166,13.904],[77.8201,13.9004],[77.8253,13.9003],[77.8317,13.898],[77.836,13.8815],[77.8283,13.8768],[77.8278,13.875],[77.8336,13.873],[77.8376,13.8704],[77.83,13.8658],[77.8223,13.8651],[77.8164,13.86],[77.8142,13.856],[77.8125,13.8494],[77.8086,13.8512],[77.801,13.8508],[77.7897,13.8485],[77.7826,13.8448],[77.7826,13.8391],[77.7846,13.8349],[77.7895,13.8313],[77.7893,13.8237],[77.7818,13.8194],[77.7692,13.8178],[77.7644,13.8179],[77.7491,13.8116],[77.7449,13.8106],[77.7408,13.8126],[77.7318,13.8079],[77.7294,13.8024],[77.7262,13.801],[77.7195,13.8006],[77.7222,13.7961],[77.7223,13.7904],[77.7198,13.7882],[77.7193,13.7826],[77.7205,13.7795],[77.7201,13.7763],[77.7225,13.7697],[77.7199,13.7614],[77.72,13.7534],[77.7188,13.7519],[77.7179,13.7411],[77.7153,13.7438],[77.7089,13.7413],[77.7075,13.7506],[77.7066,13.7526],[77.7035,13.77],[77.6952,13.7708],[77.6832,13.7649],[77.6797,13.7624],[77.6754,13.7608],[77.6717,13.7608],[77.6779,13.7673],[77.6804,13.7735],[77.6816,13.7808],[77.6803,13.7871],[77.6731,13.7858],[77.6702,13.7842],[77.6637,13.7856],[77.6513,13.7843],[77.6467,13.7793],[77.6304,13.773],[77.6213,13.7688],[77.618,13.7629],[77.6192,13.7558],[77.6254,13.7537],[77.6301,13.7549],[77.6371,13.7497],[77.6422,13.7485],[77.6418,13.7422],[77.6372,13.7396],[77.6325,13.7389],[77.631,13.7361],[77.6282,13.7348],[77.6248,13.7353],[77.6201,13.7426],[77.6187,13.746],[77.6131,13.7523],[77.6034,13.7506],[77.6,13.7508],[77.5962,13.7483],[77.5953,13.7455],[77.592,13.7415],[77.5872,13.7335],[77.5804,13.7354],[77.5773,13.7385],[77.5719,13.7384],[77.5647,13.7258],[77.561,13.7224],[77.5591,13.7235],[77.5548,13.7349],[77.5495,13.7407],[77.5495,13.7491],[77.5481,13.753],[77.5428,13.756],[77.5403,13.7563],[77.5257,13.7536],[77.5223,13.7448],[77.5245,13.7438],[77.5317,13.7374],[77.5368,13.731],[77.5349,13.7088],[77.534,13.7052],[77.5285,13.6931],[77.5248,13.6915],[77.5216,13.6923],[77.5201,13.6965],[77.5127,13.6977],[77.5148,13.7054],[77.5145,13.7133],[77.4929,13.715],[77.4854,13.715],[77.4851,13.7123],[77.4886,13.7042],[77.4882,13.7003],[77.4917,13.6953],[77.4924,13.6901],[77.4882,13.6894],[77.4881,13.687],[77.4748,13.6864],[77.4652,13.684],[77.4623,13.6842],[77.4558,13.6827],[77.4565,13.6908],[77.4551,13.6961],[77.4535,13.6963],[77.4529,13.704],[77.4512,13.705],[77.4505,13.7111],[77.4592,13.7111],[77.4621,13.7099],[77.4656,13.7111],[77.4653,13.7185],[77.4639,13.724],[77.4656,13.7366],[77.4673,13.7408],[77.4691,13.7543],[77.4723,13.7591],[77.4667,13.7597],[77.4659,13.7678],[77.4642,13.7744],[77.4614,13.7808],[77.4621,13.789],[77.457,13.7895],[77.4615,13.8034],[77.4653,13.8035],[77.4651,13.8086],[77.4621,13.8085],[77.4579,13.8075],[77.4532,13.8094],[77.4465,13.811],[77.4415,13.8063],[77.4386,13.7972],[77.4329,13.797],[77.4238,13.7993],[77.4256,13.8027],[77.4296,13.8039],[77.4299,13.807],[77.4207,13.8098],[77.4175,13.8093],[77.4239,13.8229],[77.4284,13.8286],[77.4284,13.8329],[77.4324,13.8369],[77.4334,13.8431],[77.4308,13.8444]]]},"properties":{"district":"Sri Sathya Sai","st_nm":"Andhra Pradesh"}},{"type":"Feature","geometry":{"type":"Polygon","coordinates":[[[78.7473,13.5827],[78.7507,13.5868],[78.7608,13.5855],[78.7639,13.586],[78.7704,13.5834],[78.782,13.5833],[78.788,13.5809],[78.792,13.5825],[78.8027,13.5819],[78.8043,13.5859],[78.8022,13.5919],[78.8022,13.5956],[78.7989,13.6041],[78.796,13.6062],[78.7948,13.6114],[78.799,13.6152],[78.8084,13.6123],[78.8182,13.6124],[78.8188,13.6163],[78.8259,13.6259],[78.8326,13.6327],[78.839,13.6376],[78.8403,13.6377],[78.8459,13.644],[78.8477,13.6482],[78.8514,13.6493],[78.8524,13.6651],[78.8542,13.6718],[78.8626,13.6661],[78.8627,13.6584],[78.8667,13.6578],[78.8712,13.6595],[78.8783,13.6602],[78.8821,13.6598],[78.88,13.6555],[78.8801,13.6507],[78.8836,13.6407],[78.8826,13.6348],[78.8855,13.6343],[78.8866,13.6273],[78.8857,13.6237],[78.8814,13.6231],[78.8785,13.6193],[78.8762,13.6137],[78.8718,13.6059],[78.8731,13.5983],[78.8794,13.5928],[78.8862,13.594],[78.8979,13.5941],[78.9013,13.5924],[78.9047,13.5855],[78.9122,13.5802],[78.9157,13.5813],[78.9218,13.5801],[78.9279,13.582],[78.9333,13.5887],[78.9342,13.5927],[78.945,13.5892],[78.9467,13.5846],[78.9551,13.5823],[78.9585,13.5885],[78.9597,13.5938],[78.9697,13.5938],[78.9735,13.6035],[78.9743,13.6083],[78.9738,13.6136],[78.971,13.6188],[78.9687,13.6201],[78.9676,13.625],[78.975,13.6277],[78.9789,13.63],[78.9967,13.6313],[78.9941,13.6365],[78.9974,13.6395],[78.994,13.6417],[78.9943,13.645],[78.992,13.6464],[78.9922,13.6519],[78.9881,13.6527],[78.9826,13.651],[78.9789,13.6509],[78.9767,13.6541],[78.9784,13.6569],[78.9827,13.6563],[78.9842,13.6607],[78.9899,13.6649],[78.993,13.6634],[78.995,13.6651],[78.9955,13.6699],[78.9925,13.6733],[78.9918,13.6768],[78.9864,13.6773],[78.9848,13.6873],[78.9785,13.6921],[78.9772,13.6984],[78.9761,13.7084],[78.9766,13.7153],[78.9782,13.7208],[78.9909,13.7234],[78.9954,13.7252],[78.9991,13.7245],[79.0062,13.7273],[79.0065,13.7294],[79.0101,13.7319],[79.0124,13.738],[79.0168,13.7412],[79.0285,13.7432],[79.0304,13.742],[79.0387,13.7466],[79.0368,13.761],[79.0386,13.7636],[79.0388,13.7719],[79.0455,13.7762],[79.0524,13.7784],[79.0572,13.7785],[79.0668,13.7815],[79.0736,13.7794],[79.0856,13.7826],[79.0901,13.7801],[79.0913,13.7753],[79.0906,13.7684],[79.0892,13.7683],[79.0852,13.7621],[79.0845,13.7526],[79.0851,13.7496],[79.084,13.7417],[79.0822,13.7387],[79.086,13.7361],[79.0903,13.7309],[79.0927,13.7266],[79.0929,13.7219],[79.0901,13.7165],[79.0876,13.7081],[79.086,13.7055],[79.0854,13.6995],[79.0815,13.6942],[79.0823,13.6922],[79.0804,13.6875],[79.0774,13.6852],[79.0774,13.6811],[79.0755,13.6735],[79.0768,13.6675],[79.0736,13.6589],[79.0686,13.6566],[79.0639,13.6514],[79.0535,13.6468],[79.0522,13.6439],[79.0522,13.6373],[79.0531,13.6347],[79.0523,13.6282],[79.0529,13.6261],[79.0501,13.6199],[79.0532,13.6129],[79.068,13.6111],[79.0776,13.6105],[79.0852,13.6124],[79.0934,13.6118],[79.1094,13.6086],[79.1161,13.6079],[79.1377,13.6065],[79.1499,13.6048],[79.1531,13.6025],[79.1587,13.6006],[79.1641,13.6006],[79.1724,13.6033],[79.1724,13.6009],[79.1759,13.5939],[79.1762,13.5887],[79.1705,13.5729],[79.1702,13.5653],[79.171,13.5637],[79.1731,13.553],[79.1796,13.5458],[79.1799,13.5443],[79.1651,13.5344],[79.1439,13.5218],[79.1381,13.5229],[79.1219,13.5204],[79.1174,13.5216],[79.1121,13.5177],[79.1063,13.5149],[79.0999,13.515],[79.0903,13.5138],[79.0881,13.5167],[79.0841,13.518],[79.0817,13.523],[79.082,13.5324],[79.0694,13.5292],[79.0628,13.5299],[79.0619,13.5312],[79.0493,13.5399],[79.0435,13.5413],[79.0416,13.5432],[79.0417,13.5488],[79.0427,13.5512],[79.0393,13.5542],[79.0395,13.5587],[79.0377,13.5623],[79.029,13.5638],[79.0215,13.5624],[79.0198,13.5571],[79.0194,13.5507],[79.0149,13.5436],[79.0128,13.5447],[79.0041,13.5401],[78.9955,13.5452],[78.9746,13.539],[78.9682,13.5428],[78.9601,13.5412],[78.9523,13.5415],[78.956,13.5386],[78.9589,13.5347],[78.9649,13.5315],[78.9717,13.5312],[78.9769,13.5302],[78.9842,13.5159],[78.9824,13.5023],[78.9813,13.4913],[78.989,13.4934],[78.9995,13.4922],[79.0028,13.4887],[79.0066,13.4827],[79.0113,13.4797],[79.0269,13.4759],[79.0296,13.4732],[79.0364,13.4707],[79.0404,13.4649],[79.0478,13.4608],[79.0472,13.4577],[79.0509,13.4517],[79.0553,13.4488],[79.0614,13.4466],[79.0667,13.4499],[79.0715,13.4505],[79.0722,13.448],[79.0777,13.4441],[79.083,13.4422],[79.0901,13.4408],[79.0922,13.4375],[79.091,13.4258],[79.0921,13.4251],[79.0998,13.4264],[79.1042,13.4262],[79.1122,13.423],[79.1196,13.4223],[79.1257,13.4179],[79.1301,13.4181],[79.1317,13.4217],[79.1421,13.4218],[79.143,13.4209],[79.1419,13.411],[79.1452,13.4118],[79.1491,13.4104],[79.1496,13.4143],[79.1539,13.4138],[79.1536,13.4081],[79.1569,13.407],[79.1573,13.4015],[79.1597,13.3962],[79.1562,13.3958],[79.1536,13.3918],[79.1527,13.3872],[79.1468,13.3864],[79.1435,13.3847],[79.1438,13.3804],[79.1477,13.3778],[79.1543,13.3805],[79.1539,13.3846],[79.1569,13.3851],[79.1583,13.3812],[79.1619,13.3799],[79.1709,13.3794],[79.1741,13.3804],[79.181,13.379],[79.1808,13.3831],[79.1761,13.3879],[79.1796,13.3897],[79.1799,13.3927],[79.1826,13.3938],[79.1855,13.3908],[79.189,13.3911],[79.1914,13.3946],[79.1954,13.3947],[79.1977,13.3993],[79.2004,13.3992],[79.2013,13.3943],[79.2054,13.3939],[79.2086,13.3914],[79.213,13.385],[79.2186,13.3805],[79.2248,13.381],[79.2264,13.3823],[79.2255,13.3864],[79.2268,13.3935],[79.2341,13.3909],[79.236,13.394],[79.2401,13.3916],[79.2414,13.3844],[79.2395,13.3816],[79.2405,13.3771],[79.2504,13.3757],[79.2519,13.3868],[79.2498,13.3895],[79.2484,13.3989],[79.2443,13.3973],[79.2378,13.3978],[79.2287,13.3971],[79.2255,13.3961],[79.2213,13.3965],[79.2205,13.3985],[79.227,13.4012],[79.2283,13.4049],[79.228,13.4108],[79.2201,13.4128],[79.2128,13.4136],[79.2079,13.4126],[79.2043,13.4176],[79.2054,13.4214],[79.2077,13.4241],[79.2111,13.4247],[79.2168,13.4196],[79.2226,13.4174],[79.2231,13.4198],[79.229,13.4235],[79.2299,13.4184],[79.2333,13.4173],[79.2384,13.4182],[79.2461,13.4178],[79.2467,13.4191],[79.253,13.4196],[79.2561,13.4225],[79.2549,13.4247],[79.242,13.4263],[79.2398,13.4374],[79.233,13.4356],[79.2288,13.4378],[79.2251,13.4375],[79.2198,13.4353],[79.2171,13.4371],[79.2228,13.4408],[79.2245,13.4431],[79.2284,13.445],[79.2321,13.4424],[79.2398,13.4411],[79.2416,13.4488],[79.2491,13.4529],[79.2552,13.4556],[79.2601,13.4701],[79.2703,13.4724],[79.2706,13.4738],[79.2775,13.4785],[79.2864,13.4795],[79.2898,13.4824],[79.2979,13.4812],[79.3012,13.4826],[79.305,13.4816],[79.3118,13.4837],[79.3193,13.4826],[79.3254,13.484],[79.3329,13.4841],[79.3444,13.4867],[79.3469,13.4853],[79.3499,13.4899],[79.3554,13.4891],[79.3632,13.492],[79.3794,13.4931],[79.3815,13.4911],[79.3849,13.4914],[79.3862,13.4891],[79.3926,13.4917],[79.3934,13.4967],[79.4002,13.502],[79.4029,13.5029],[79.4151,13.5025],[79.4158,13.5004],[79.4123,13.492],[79.4167,13.491],[79.4183,13.4859],[79.4199,13.4859],[79.4204,13.4915],[79.4249,13.492],[79.4412,13.4996],[79.4396,13.504],[79.4383,13.511],[79.4389,13.5137],[79.4435,13.521],[79.4542,13.5234],[79.4622,13.5295],[79.4612,13.5367],[79.4617,13.5435],[79.4645,13.5445],[79.4634,13.5521],[79.4655,13.5543],[79.4649,13.5641],[79.4724,13.5656],[79.4786,13.5639],[79.4825,13.5643],[79.4824,13.5677],[79.4844,13.573],[79.489,13.5754],[79.4933,13.5753],[79.4991,13.5737],[79.5023,13.5686],[79.5017,13.5614],[79.5083,13.5598],[79.5145,13.5606],[79.516,13.5651],[79.5187,13.5655],[79.5207,13.5626],[79.5283,13.5628],[79.5316,13.5676],[79.5368,13.5707],[79.5377,13.574],[79.5367,13.578],[79.5329,13.5855],[79.5337,13.5945],[79.5371,13.6019],[79.5407,13.5952],[79.5444,13.5936],[79.5477,13.5862],[79.5593,13.5862],[79.5584,13.5774],[79.5604,13.577],[79.562,13.5722],[79.5641,13.5741],[79.5688,13.5729],[79.5664,13.567],[79.5602,13.5586],[79.555,13.5497],[79.5506,13.5491],[79.5487,13.5466],[79.5515,13.5346],[79.5479,13.5334],[79.5435,13.528],[79.5402,13.5214],[79.5365,13.5202],[79.5342,13.514],[79.535,13.511],[79.5373,13.5103],[79.5398,13.5124],[79.5466,13.513],[79.5517,13.5093],[79.5576,13.5091],[79.5607,13.5107],[79.5655,13.5091],[79.5663,13.5061],[79.5631,13.4942],[79.5654,13.4878],[79.5706,13.4848],[79.5781,13.4777],[79.5813,13.4755],[79.5847,13.479],[79.5922,13.4749],[79.5938,13.4721],[79.5903,13.4681],[79.5809,13.4672],[79.5773,13.4636],[79.5804,13.4604],[79.5805,13.4575],[79.5878,13.4528],[79.5893,13.4511],[79.5854,13.4476],[79.5799,13.4408],[79.5747,13.4408],[79.5702,13.4398],[79.5648,13.4412],[79.5585,13.4411],[79.5576,13.4327],[79.5598,13.4215],[79.5597,13.4153],[79.5708,13.4238],[79.574,13.4258],[79.5743,13.4218],[79.5706,13.4031],[79.5729,13.3985],[79.5784,13.3933],[79.587,13.3952],[79.599,13.3988],[79.6183,13.3967],[79.6185,13.3982],[79.6267,13.3977],[79.6276,13.3929],[79.6334,13.3931],[79.6421,13.3947],[79.6434,13.3983],[79.6488,13.4001],[79.6508,13.4069],[79.6502,13.4105],[79.6554,13.4102],[79.6612,13.4112],[79.6647,13.4101],[79.6729,13.4144],[79.6727,13.4311],[79.6737,13.4384],[79.6815,13.4427],[79.6896,13.4405],[79.6924,13.4408],[79.6957,13.4441],[79.7008,13.4433],[79.708,13.4407],[79.7125,13.4399],[79.7123,13.436],[79.7136,13.432],[79.7125,13.4254],[79.715,13.4211],[79.7139,13.4187],[79.7103,13.4171],[79.7079,13.413],[79.7058,13.4027],[79.7024,13.3996],[79.7002,13.3913],[79.7024,13.3866],[79.7147,13.3865],[79.7195,13.3855],[79.7215,13.3827],[79.7238,13.3744],[79.7219,13.368],[79.7271,13.3679],[79.731,13.364],[79.7319,13.359],[79.7386,13.3556],[79.7457,13.3454],[79.749,13.3385],[79.7525,13.3275],[79.7565,13.3222],[79.7668,13.3214],[79.774,13.3112],[79.7795,13.3063],[79.7754,13.3062],[79.773,13.3088],[79.7701,13.3094],[79.7683,13.3138],[79.7604,13.3186],[79.7626,13.3129],[79.7608,13.3049],[79.7608,13.3017],[79.7588,13.2975],[79.7555,13.2936],[79.7443,13.288],[79.7394,13.2909],[79.7338,13.2883],[79.731,13.2839],[79.7347,13.2786],[79.735,13.2755],[79.7402,13.2733],[79.7417,13.2705],[79.7479,13.2705],[79.7537,13.2632],[79.7608,13.258],[79.7674,13.2553],[79.7714,13.2546],[79.7812,13.2506],[79.788,13.2441],[79.7945,13.2416],[79.7944,13.2358],[79.7932,13.2277],[79.7865,13.2296],[79.783,13.2247],[79.7806,13.2229],[79.777,13.2235],[79.7757,13.2163],[79.7736,13.2187],[79.7698,13.2165],[79.7637,13.2178],[79.7606,13.2148],[79.7602,13.2062],[79.7572,13.2071],[79.7519,13.2062],[79.7507,13.2092],[79.7508,13.2164],[79.7493,13.2167],[79.748,13.2225],[79.7451,13.2247],[79.7443,13.2272],[79.7397,13.2291],[79.7378,13.2361],[79.7324,13.2367],[79.7328,13.2333],[79.7315,13.2278],[79.7322,13.2225],[79.7286,13.2218],[79.7222,13.2236],[79.7181,13.2181],[79.7157,13.2173],[79.7092,13.2217],[79.7037,13.2221],[79.7022,13.2253],[79.7069,13.2346],[79.7141,13.2357],[79.7122,13.2414],[79.7128,13.2438],[79.708,13.2503],[79.7037,13.2511],[79.7019,13.2533],[79.6984,13.2486],[79.6964,13.2429],[79.6936,13.2427],[79.6928,13.2384],[79.6899,13.2377],[79.6836,13.2436],[79.6835,13.2468],[79.6801,13.2529],[79.6782,13.2613],[79.6805,13.2642],[79.6878,13.2665],[79.6911,13.2604],[79.6939,13.2636],[79.6956,13.2688],[79.6919,13.2687],[79.6938,13.2736],[79.6939,13.2794],[79.6904,13.2799],[79.6893,13.2827],[79.6813,13.2893],[79.6819,13.2942],[79.678,13.2971],[79.676,13.2901],[79.6758,13.2851],[79.6732,13.2807],[79.6645,13.2816],[79.6663,13.2872],[79.661,13.2874],[79.6582,13.2839],[79.6548,13.285],[79.6534,13.2892],[79.6513,13.2918],[79.6425,13.2898],[79.6427,13.2847],[79.6396,13.28],[79.638,13.2838],[79.6342,13.2824],[79.6347,13.2784],[79.6329,13.275],[79.6341,13.2713],[79.6286,13.2694],[79.6238,13.2737],[79.6196,13.2794],[79.6143,13.2826],[79.6085,13.2807],[79.6061,13.2881],[79.5956,13.2845],[79.595,13.2759],[79.5928,13.275],[79.5946,13.2716],[79.5939,13.266],[79.5907,13.2606],[79.5829,13.2573],[79.5739,13.2589],[79.5671,13.2652],[79.5657,13.2678],[79.5585,13.2729],[79.5403,13.2727],[79.5352,13.2753],[79.534,13.2777],[79.5347,13.2846],[79.541,13.2913],[79.5354,13.2981],[79.535,13.3018],[79.5434,13.3127],[79.5442,13.3175],[79.5395,13.3222],[79.5418,13.3278],[79.5409,13.3322],[79.5375,13.339],[79.5359,13.3385],[79.5322,13.3416],[79.5264,13.3448],[79.5224,13.3422],[79.5115,13.3423],[79.5104,13.3347],[79.5034,13.3343],[79.4979,13.333],[79.4977,13.3368],[79.499,13.3441],[79.498,13.3472],[79.4869,13.3422],[79.4809,13.3403],[79.4749,13.3414],[79.4733,13.3396],[79.4659,13.339],[79.4629,13.3405],[79.4568,13.339],[79.4535,13.3403],[79.4499,13.3454],[79.4465,13.3475],[79.4366,13.3504],[79.4334,13.347],[79.432,13.3369],[79.421,13.3365],[79.4149,13.3302],[79.4128,13.3333],[79.4054,13.3352],[79.4028,13.3306],[79.3986,13.3306],[79.3989,13.3218],[79.402,13.3217],[79.4027,13.3182],[79.3965,13.3163],[79.3939,13.3176],[79.388,13.3183],[79.3836,13.3132],[79.3822,13.3079],[79.3889,13.3099],[79.3901,13.2976],[79.3949,13.3002],[79.4024,13.2999],[79.4056,13.2977],[79.414,13.3003],[79.4165,13.2994],[79.4196,13.2961],[79.4186,13.2915],[79.4207,13.29],[79.4264,13.2967],[79.4296,13.2982],[79.4309,13.3005],[79.445,13.302],[79.4457,13.301],[79.4464,13.2923],[79.4414,13.291],[79.4361,13.2915],[79.4343,13.2867],[79.4341,13.2753],[79.4179,13.2721],[79.4119,13.265],[79.4161,13.2614],[79.4175,13.2587],[79.4173,13.2521],[79.4219,13.2526],[79.4226,13.2498],[79.4172,13.2467],[79.4213,13.2423],[79.4251,13.2437],[79.428,13.2419],[79.433,13.2435],[79.4386,13.2433],[79.439,13.2403],[79.4351,13.2399],[79.4316,13.2366],[79.4402,13.2365],[79.4355,13.2323],[79.44,13.2309],[79.4405,13.2359],[79.4421,13.2386],[79.4499,13.2378],[79.4534,13.2386],[79.4533,13.2303],[79.4541,13.2255],[79.4538,13.2171],[79.4484,13.2165],[79.4399,13.218],[79.4379,13.2199],[79.4361,13.2136],[79.4413,13.2089],[79.4348,13.1975],[79.4336,13.1934],[79.4374,13.1915],[79.4369,13.1895],[79.4273,13.191],[79.4109,13.1911],[79.4086,13.1935],[79.4049,13.194],[79.4015,13.1925],[79.4013,13.1903],[79.3969,13.1893],[79.3963,13.1917],[79.3909,13.1921],[79.3875,13.1893],[79.3832,13.1889],[79.3746,13.1897],[79.3779,13.1852],[79.3843,13.1844],[79.3861,13.1816],[79.3891,13.18],[79.3884,13.1774],[79.3837,13.1795],[79.3756,13.1782],[79.3732,13.1789],[79.3704,13.1736],[79.3811,13.1709],[79.3807,13.1632],[79.3714,13.163],[79.3638,13.1657],[79.3573,13.1651],[79.3583,13.1625],[79.3581,13.1558],[79.3604,13.1522],[79.3598,13.1478],[79.361,13.1461],[79.3615,13.1385],[79.3656,13.1368],[79.3657,13.13],[79.3617,13.1287],[79.361,13.1235],[79.3541,13.1205],[79.349,13.1202],[79.3457,13.1221],[79.3448,13.1321],[79.3453,13.137],[79.3413,13.1369],[79.3401,13.1304],[79.3294,13.1308],[79.3268,13.1256],[79.3224,13.1249],[79.3196,13.1215],[79.3243,13.1195],[79.3215,13.1166],[79.3169,13.1167],[79.3164,13.1118],[79.3107,13.1121],[79.3078,13.106],[79.302,13.1079],[79.2985,13.1072],[79.2947,13.1098],[79.2991,13.116],[79.2997,13.1188],[79.3088,13.1234],[79.3055,13.1264],[79.299,13.1245],[79.2902,13.1232],[79.2885,13.1221],[79.2847,13.1247],[79.2831,13.1365],[79.2829,13.1427],[79.2814,13.1452],[79.2818,13.1536],[79.2765,13.1568],[79.2708,13.1544],[79.2685,13.15],[79.2636,13.1488],[79.2618,13.153],[79.2617,13.1599],[79.2589,13.1613],[79.2549,13.1607],[79.2533,13.1561],[79.2549,13.153],[79.2552,13.1471],[79.249,13.1415],[79.2467,13.1382],[79.2406,13.144],[79.2443,13.1523],[79.2422,13.1622],[79.2426,13.1711],[79.2369,13.1716],[79.2333,13.169],[79.2309,13.1631],[79.2272,13.1587],[79.2272,13.1552],[79.2184,13.1551],[79.2149,13.1567],[79.2109,13.1499],[79.2146,13.1478],[79.2222,13.146],[79.223,13.1437],[79.2282,13.1399],[79.233,13.139],[79.2295,13.1311],[79.2305,13.1261],[79.2384,13.1185],[79.2343,13.1148],[79.2345,13.1051],[79.2239,13.1004],[79.213,13.0922],[79.2094,13.0925],[79.2,13.088],[79.1983,13.0813],[79.1929,13.0826],[79.1919,13.087],[79.1886,13.0878],[79.1891,13.0829],[79.1809,13.0843],[79.1818,13.0809],[79.1854,13.0796],[79.1856,13.0749],[79.1878,13.0724],[79.1909,13.0732],[79.1921,13.0675],[79.1879,13.0654],[79.1874,13.0607],[79.1832,13.0634],[79.1798,13.0642],[79.1791,13.0579],[79.1833,13.057],[79.1885,13.0574],[79.1884,13.0556],[79.1824,13.0554],[79.1803,13.0504],[79.1825,13.0472],[79.1883,13.0473],[79.192,13.0483],[79.1931,13.0467],[79.1894,13.0438],[79.1859,13.0356],[79.1848,13.0298],[79.1811,13.0297],[79.1757,13.0271],[79.1717,13.0272],[79.1697,13.0246],[79.1659,13.0231],[79.1633,13.0204],[79.1596,13.0204],[79.1472,13.0253],[79.1385,13.034],[79.1349,13.0356],[79.1295,13.0352],[79.1154,13.0391],[79.1077,13.0386],[79.1058,13.0342],[79.0997,13.0291],[79.0987,13.0261],[79.0913,13.026],[79.087,13.028],[79.081,13.0258],[79.0723,13.0339],[79.0629,13.0405],[79.0646,13.0483],[79.0633,13.0532],[79.0562,13.0565],[79.046,13.0588],[79.0384,13.0615],[79.0363,13.0656],[79.0371,13.0706],[79.0347,13.0701],[79.0291,13.0727],[79.0265,13.0718],[79.0168,13.0766],[79.014,13.0762],[79.0098,13.0774],[79.0072,13.0822],[79.0043,13.0848],[78.9991,13.0854],[78.9957,13.0869],[78.9861,13.0865],[78.9824,13.0869],[78.9727,13.0842],[78.9696,13.0784],[78.9656,13.078],[78.9627,13.0792],[78.9614,13.0766],[78.9561,13.0761],[78.9473,13.0818],[78.9417,13.0787],[78.9279,13.0822],[78.924,13.0809],[78.9223,13.0667],[78.9199,13.0653],[78.9168,13.0678],[78.9133,13.0665],[78.9106,13.0632],[78.9082,13.0556],[78.9045,13.0499],[78.9064,13.0452],[78.9124,13.0452],[78.9196,13.0441],[78.9221,13.0471],[78.9296,13.0458],[78.9345,13.0391],[78.94,13.036],[78.9319,13.0349],[78.9296,13.0367],[78.9168,13.0338],[78.9069,13.0339],[78.8922,13.033],[78.8918,13.0392],[78.892,13.0479],[78.8916,13.0693],[78.8894,13.0736],[78.8926,13.09],[78.8959,13.0958],[78.8915,13.0975],[78.8827,13.0985],[78.8754,13.097],[78.871,13.092],[78.8701,13.088],[78.8713,13.0824],[78.8617,13.0838],[78.8412,13.0792],[78.8369,13.0814],[78.8302,13.0836],[78.8207,13.088],[78.8135,13.0894],[78.8007,13.077],[78.7981,13.075],[78.7953,13.0674],[78.7923,13.0656],[78.7517,13.0546],[78.744,13.0619],[78.7408,13.064],[78.7293,13.0655],[78.7215,13.066],[78.7186,13.0679],[78.7137,13.0691],[78.7116,13.0574],[78.7056,13.0205],[78.7047,13.0165],[78.6841,13.022],[78.6563,13.0311],[78.6561,13.0179],[78.6491,13.0108],[78.6365,13.0024],[78.6313,12.9948],[78.6252,12.9918],[78.6223,12.9912],[78.6292,12.9831],[78.6349,12.9774],[78.6402,12.9708],[78.6476,12.966],[78.6385,12.9646],[78.6437,12.9513],[78.6469,12.945],[78.6506,12.9395],[78.6574,12.9318],[78.6534,12.9289],[78.6441,12.9296],[78.6402,12.9309],[78.6337,12.9314],[78.6334,12.9249],[78.627,12.9092],[78.6271,12.9072],[78.6232,12.9043],[78.6188,12.894],[78.6149,12.8814],[78.613,12.8677],[78.6015,12.8507],[78.6023,12.8472],[78.6076,12.8218],[78.6002,12.8182],[78.601,12.8036],[78.5929,12.7981],[78.5924,12.7824],[78.5757,12.7715],[78.5764,12.7672],[78.5682,12.7666],[78.5654,12.759],[78.5614,12.7612],[78.5556,12.7557],[78.558,12.7537],[78.5582,12.7498],[78.5602,12.7435],[78.5566,12.7426],[78.5552,12.739],[78.5636,12.7372],[78.5636,12.7355],[78.5604,12.7267],[78.5562,12.7223],[78.5542,12.7185],[78.5552,12.7158],[78.5613,12.7102],[78.561,12.7072],[78.5554,12.7078],[78.5569,12.7026],[78.5545,12.6984],[78.5496,12.698],[78.5408,12.6903],[78.5352,12.6907],[78.5317,12.6963],[78.5308,12.7026],[78.5295,12.7061],[78.5301,12.7104],[78.5329,12.7113],[78.5345,12.7093],[78.5411,12.7112],[78.5334,12.7148],[78.528,12.7155],[78.5256,12.7204],[78.5231,12.7191],[78.522,12.7246],[78.5215,12.7326],[78.5198,12.7323],[78.5177,12.7239],[78.5115,12.7262],[78.513,12.7298],[78.5119,12.7338],[78.507,12.7366],[78.505,12.7425],[78.4997,12.7435],[78.4933,12.747],[78.4894,12.7421],[78.4929,12.7354],[78.4972,12.7312],[78.5015,12.7308],[78.5041,12.7244],[78.509,12.7238],[78.5111,12.7215],[78.5168,12.7182],[78.5203,12.7182],[78.5191,12.71],[78.5145,12.71],[78.5119,12.7072],[78.5094,12.7087],[78.5059,12.7139],[78.5039,12.7108],[78.4994,12.6987],[78.5031,12.6966],[78.503,12.6914],[78.5043,12.6848],[78.5034,12.6801],[78.5006,12.6796],[78.4987,12.6756],[78.4937,12.6735],[78.4827,12.6723],[78.4682,12.6756],[78.4709,12.6501],[78.475,12.6472],[78.4711,12.6445],[78.4706,12.6406],[78.472,12.6319],[78.4651,12.6237],[78.4586,12.6292],[78.4457,12.6301],[78.4418,12.6289],[78.4334,12.6296],[78.4273,12.6349],[78.4201,12.6306],[78.4121,12.6273],[78.4036,12.6272],[78.398,12.6264],[78.3933,12.6271],[78.3836,12.6259],[78.3803,12.6247],[78.371,12.6271],[78.3627,12.6341],[78.356,12.6361],[78.3529,12.6407],[78.3477,12.6445],[78.3438,12.6484],[78.3325,12.649],[78.3307,12.6531],[78.3263,12.6549],[78.3201,12.6607],[78.3116,12.6634],[78.3062,12.666],[78.3024,12.666],[78.301,12.6683],[78.2969,12.6711],[78.2957,12.6756],[78.292,12.6817],[78.2822,12.6942],[78.2764,12.7021],[78.2721,12.7047],[78.2684,12.7053],[78.2605,12.7046],[78.2525,12.7061],[78.2459,12.7057],[78.2402,12.7031],[78.2383,12.697],[78.2379,12.6858],[78.2337,12.6872],[78.2262,12.6865],[78.2115,12.6862],[78.2125,12.6884],[78.206,12.6924],[78.2,12.6929],[78.1995,12.6957],[78.2044,12.6964],[78.2074,12.6999],[78.2074,12.7086],[78.2124,12.7078],[78.2136,12.7113],[78.2182,12.7091],[78.2197,12.7107],[78.2273,12.7153],[78.2313,12.713],[78.241,12.7303],[78.241,12.733],[78.2383,12.7373],[78.2361,12.7381],[78.2349,12.7443],[78.2359,12.746],[78.2322,12.7532],[78.231,12.7606],[78.2384,12.7676],[78.2442,12.7838],[78.2457,12.789],[78.2464,12.8019],[78.2509,12.8133],[78.2519,12.8219],[78.2524,12.8322],[78.2515,12.8572],[78.2531,12.8616],[78.2583,12.8603],[78.2656,12.8616],[78.2686,12.8676],[78.2719,12.8668],[78.2825,12.8592],[78.2999,12.8591],[78.3082,12.8573],[78.3129,12.8584],[78.3143,12.8606],[78.3157,12.8681],[78.314,12.8761],[78.3278,12.8746],[78.3313,12.8753],[78.3324,12.8802],[78.3374,12.8821],[78.3384,12.8856],[78.336,12.8884],[78.3324,12.8888],[78.3314,12.8851],[78.3294,12.8843],[78.322,12.8854],[78.321,12.8888],[78.3237,12.8908],[78.3246,12.8937],[78.3229,12.897],[78.3238,12.9014],[78.3267,12.9044],[78.3309,12.9015],[78.3334,12.9024],[78.3401,12.9029],[78.3428,12.9071],[78.3424,12.9115],[78.3472,12.9137],[78.3473,12.9182],[78.3497,12.9255],[78.3541,12.9302],[78.3503,12.9354],[78.3539,12.9392],[78.3594,12.9378],[78.3707,12.9235],[78.3771,12.9178],[78.3786,12.9136],[78.386,12.9111],[78.3864,12.9087],[78.3902,12.9062],[78.3969,12.9067],[78.3991,12.9171],[78.405,12.9127],[78.4101,12.9076],[78.4126,12.9028],[78.4293,12.9017],[78.4309,12.9042],[78.4342,12.9041],[78.4362,12.9078],[78.4356,12.9112],[78.4397,12.9131],[78.4461,12.9114],[78.4467,12.9053],[78.4445,12.9023],[78.4498,12.8977],[78.4479,12.8914],[78.4496,12.8893],[78.4562,12.8869],[78.4593,12.8842],[78.4647,12.8772],[78.4628,12.8705],[78.4649,12.867],[78.4666,12.8748],[78.4686,12.8783],[78.4702,12.8896],[78.4694,12.891],[78.4689,12.9007],[78.4674,12.9049],[78.4643,12.9054],[78.457,12.9108],[78.453,12.9169],[78.4485,12.918],[78.4437,12.9209],[78.4385,12.9285],[78.4304,12.9306],[78.4256,12.9269],[78.4228,12.9231],[78.4192,12.922],[78.418,12.9281],[78.4163,12.9293],[78.4139,12.9393],[78.4116,12.9452],[78.4143,12.9481],[78.4207,12.9476],[78.422,12.9544],[78.4198,12.9583],[78.4294,12.9574],[78.4304,12.9591],[78.4358,12.961],[78.4366,12.9644],[78.4333,12.9673],[78.4353,12.9719],[78.4329,12.9777],[78.436,12.9809],[78.4528,12.9767],[78.458,12.9772],[78.4681,12.975],[78.4693,12.9825],[78.4753,12.9914],[78.4723,12.9929],[78.4709,12.9967],[78.4684,12.9984],[78.468,13.0051],[78.4639,13.0058],[78.4647,13.0106],[78.4633,13.0163],[78.4646,13.0213],[78.4613,13.0263],[78.4622,13.0439],[78.4675,13.0452],[78.4694,13.0439],[78.475,13.0441],[78.478,13.0493],[78.4789,13.0553],[78.4884,13.0529],[78.4983,13.0622],[78.5048,13.0617],[78.516,13.063],[78.5154,13.0721],[78.5117,13.0781],[78.509,13.0794],[78.5106,13.0926],[78.5169,13.0972],[78.5244,13.095],[78.5233,13.0991],[78.5252,13.1013],[78.5318,13.1062],[78.5382,13.1061],[78.5357,13.1098],[78.5276,13.1124],[78.524,13.1186],[78.5198,13.12],[78.5196,13.1237],[78.5174,13.1287],[78.5194,13.1321],[78.5246,13.1312],[78.5282,13.1369],[78.5281,13.139],[78.5319,13.1419],[78.5438,13.1414],[78.5471,13.1442],[78.5481,13.149],[78.5415,13.1534],[78.5511,13.1645],[78.569,13.1624],[78.5691,13.1655],[78.5737,13.1685],[78.5763,13.1673],[78.5804,13.1675],[78.5793,13.1714],[78.5775,13.1716],[78.5757,13.1801],[78.5767,13.1867],[78.5673,13.1915],[78.5556,13.1891],[78.5506,13.1901],[78.5507,13.2002],[78.5576,13.1988],[78.5627,13.1993],[78.5682,13.2012],[78.5698,13.2044],[78.5701,13.209],[78.5719,13.2121],[78.574,13.2114],[78.5796,13.2124],[78.58,13.2156],[78.5781,13.218],[78.5727,13.2198],[78.5673,13.2201],[78.5668,13.2251],[78.5695,13.2378],[78.5712,13.2414],[78.5715,13.2472],[78.5794,13.2532],[78.5855,13.2617],[78.5856,13.2653],[78.5875,13.268],[78.5881,13.2733],[78.5873,13.2809],[78.5789,13.2809],[78.5766,13.2852],[78.5777,13.2918],[78.5774,13.2955],[78.5746,13.2978],[78.5723,13.302],[78.5698,13.3086],[78.5654,13.3118],[78.5647,13.3076],[78.5651,13.2965],[78.5619,13.2892],[78.5579,13.287],[78.5551,13.2838],[78.5529,13.284],[78.5463,13.2882],[78.5385,13.2884],[78.5363,13.2733],[78.5321,13.268],[78.527,13.2682],[78.5257,13.272],[78.5215,13.2736],[78.5198,13.2768],[78.5196,13.2831],[78.5132,13.2854],[78.5141,13.2908],[78.5077,13.2907],[78.5042,13.2921],[78.5019,13.2965],[78.4993,13.299],[78.4962,13.2986],[78.4861,13.3],[78.4796,13.3016],[78.4813,13.3096],[78.4843,13.3137],[78.4842,13.32],[78.4788,13.3219],[78.4828,13.3247],[78.4893,13.326],[78.4929,13.3355],[78.4967,13.3384],[78.5037,13.338],[78.5104,13.341],[78.5173,13.3411],[78.519,13.3479],[78.5243,13.3527],[78.525,13.357],[78.5214,13.3639],[78.5192,13.3651],[78.5146,13.365],[78.5058,13.3679],[78.5077,13.3717],[78.5139,13.3755],[78.5204,13.3785],[78.5216,13.3806],[78.5189,13.3893],[78.5192,13.3963],[78.5167,13.401],[78.5191,13.4059],[78.5184,13.411],[78.5112,13.4166],[78.51,13.4212],[78.5033,13.4228],[78.5011,13.4241],[78.4994,13.4283],[78.5001,13.433],[78.502,13.4378],[78.5056,13.4411],[78.5052,13.4432],[78.4891,13.4446],[78.4816,13.4423],[78.4795,13.4432],[78.4811,13.4475],[78.4797,13.4499],[78.4854,13.4504],[78.4772,13.4554],[78.4827,13.4578],[78.4857,13.4625],[78.4873,13.4686],[78.4941,13.4757],[78.4954,13.4786],[78.4993,13.4831],[78.506,13.4848],[78.508,13.4815],[78.5108,13.4823],[78.5248,13.4837],[78.5293,13.4858],[78.5312,13.4888],[78.5359,13.489],[78.5379,13.486],[78.5434,13.4833],[78.5454,13.4888],[78.5491,13.4915],[78.5522,13.5009],[78.5571,13.5017],[78.5589,13.5062],[78.5624,13.5082],[78.564,13.5123],[78.5677,13.5158],[78.5725,13.509],[78.5828,13.5001],[78.5908,13.4944],[78.5965,13.4893],[78.6008,13.4873],[78.6071,13.4907],[78.6138,13.4908],[78.6184,13.489],[78.6239,13.4849],[78.629,13.4849],[78.6406,13.489],[78.6439,13.4897],[78.649,13.4892],[78.6532,13.4877],[78.6593,13.4839],[78.6645,13.4915],[78.6634,13.4993],[78.6438,13.5086],[78.6376,13.5079],[78.6321,13.5136],[78.6357,13.5181],[78.6433,13.5203],[78.6511,13.5246],[78.6591,13.5267],[78.6749,13.5196],[78.6759,13.5142],[78.6749,13.5088],[78.6718,13.5069],[78.673,13.504],[78.6776,13.5042],[78.6823,13.5107],[78.6826,13.5144],[78.6857,13.5212],[78.6846,13.524],[78.6918,13.5294],[78.6922,13.5354],[78.7039,13.5377],[78.7065,13.5362],[78.7175,13.5384],[78.7215,13.5382],[78.7223,13.535],[78.7214,13.5313],[78.7146,13.524],[78.71,13.5162],[78.7138,13.5139],[78.7154,13.5166],[78.721,13.5221],[78.7277,13.5257],[78.7335,13.5269],[78.7393,13.5301],[78.7394,13.5325],[78.7378,13.5401],[78.7415,13.5423],[78.7389,13.5464],[78.7416,13.5562],[78.7391,13.5582],[78.7387,13.5658],[78.7393,13.569],[78.7473,13.5827]]]},"properties":{"district":"Chittoor","st_nm":"Andhra Pradesh"}},{"type":"Feature","geometry":{"type":"Polygon","coordinates":[[[78.9405,19.5519],[78.9367,19.5451],[78.9503,19.5333],[78.9422,19.5138],[78.9489,19.5102],[78.9514,19.5035],[78.9588,19.5029],[78.9776,19.4924],[78.9576,19.4735],[78.9268,19.4621],[78.9197,19.4645],[78.9146,19.4734],[78.9029,19.4734],[78.8933,19.4547],[78.8845,19.4455],[78.863,19.4449],[78.86,19.448],[78.8508,19.4455],[78.8414,19.4339],[78.8445,19.4226],[78.8343,19.4124],[78.8218,19.397],[78.8195,19.3867],[78.815,19.3808],[78.8248,19.3746],[78.8287,19.375],[78.8419,19.3703],[78.8542,19.3685],[78.855,19.3529],[78.8569,19.3439],[78.8584,19.3241],[78.8499,19.2947],[78.8547,19.2788],[78.8478,19.2718],[78.8488,19.2627],[78.8432,19.2547],[78.8301,19.2528],[78.8197,19.2467],[78.8184,19.2354],[78.8121,19.2215],[78.8,19.214],[78.7948,19.2305],[78.7901,19.2405],[78.7842,19.2459],[78.7674,19.2574],[78.7589,19.2782],[78.7365,19.286],[78.72,19.2965],[78.7225,19.3264],[78.704,19.3214],[78.6905,19.3165],[78.6737,19.316],[78.651,19.3001],[78.6327,19.2847],[78.6179,19.2702],[78.6154,19.261],[78.6103,19.2651],[78.6011,19.2768],[78.5886,19.2875],[78.5845,19.2893],[78.5703,19.2865],[78.5474,19.262],[78.5257,19.255],[78.5179,19.2455],[78.5191,19.2262],[78.5094,19.2148],[78.4972,19.2193],[78.4837,19.2267],[78.4567,19.2268],[78.4583,19.2225],[78.4549,19.2062],[78.4566,19.1954],[78.4484,19.1789],[78.4362,19.1845],[78.4337,19.1762],[78.4296,19.1741],[78.4192,19.1756],[78.4146,19.1724],[78.4064,19.1738],[78.3982,19.18],[78.3876,19.1761],[78.3842,19.1792],[78.3693,19.1823],[78.3642,19.188],[78.363,19.1999],[78.3533,19.1989],[78.3472,19.2072],[78.3297,19.207],[78.3239,19.2129],[78.3172,19.2157],[78.31,19.2231],[78.3053,19.2413],[78.301,19.2465],[78.2994,19.2594],[78.288,19.265],[78.2771,19.2651],[78.2738,19.2674],[78.2711,19.2808],[78.2615,19.2888],[78.2478,19.2926],[78.2421,19.3017],[78.2313,19.3085],[78.2182,19.3125],[78.2076,19.3071],[78.1974,19.309],[78.1933,19.3171],[78.1923,19.3258],[78.1762,19.3349],[78.1722,19.3493],[78.1721,19.3597],[78.1792,19.3628],[78.1768,19.3674],[78.1877,19.3946],[78.1762,19.4123],[78.1838,19.4122],[78.1925,19.4067],[78.1988,19.4102],[78.2026,19.4197],[78.2116,19.4285],[78.22,19.433],[78.2356,19.4268],[78.2445,19.4288],[78.2465,19.4352],[78.2534,19.4368],[78.2687,19.4485],[78.2705,19.4562],[78.287,19.4485],[78.2987,19.4519],[78.3044,19.4561],[78.3092,19.4811],[78.2986,19.497],[78.295,19.5132],[78.296,19.5174],[78.2915,19.5239],[78.2941,19.5348],[78.2933,19.5422],[78.284,19.5414],[78.275,19.552],[78.2753,19.5625],[78.2936,19.559],[78.3037,19.5693],[78.3009,19.5791],[78.3038,19.5848],[78.3055,19.6026],[78.3042,19.6079],[78.2939,19.6194],[78.2922,19.6274],[78.2922,19.6413],[78.2905,19.646],[78.2809,19.6509],[78.279,19.6576],[78.2711,19.6585],[78.2689,19.6641],[78.2627,19.6651],[78.2658,19.6731],[78.2697,19.676],[78.2762,19.6924],[78.2879,19.688],[78.3002,19.688],[78.3034,19.6912],[78.3118,19.691],[78.3158,19.7026],[78.3221,19.7076],[78.3337,19.7094],[78.3432,19.7132],[78.3393,19.7242],[78.3429,19.7298],[78.3413,19.7358],[78.3493,19.738],[78.3563,19.7541],[78.3593,19.7691],[78.3647,19.7812],[78.3575,19.8054],[78.3448,19.8134],[78.334,19.8146],[78.3364,19.8379],[78.3203,19.8422],[78.2998,19.841],[78.2861,19.8479],[78.2853,19.8566],[78.2919,19.8617],[78.2978,19.8722],[78.3019,19.8869],[78.307,19.9143],[78.3264,19.9166],[78.3318,19.9134],[78.3341,19.9053],[78.3251,19.8981],[78.3288,19.8872],[78.3369,19.883],[78.3605,19.8834],[78.3711,19.8797],[78.3807,19.8804],[78.3831,19.8739],[78.3816,19.868],[78.3824,19.8551],[78.3874,19.8446],[78.403,19.8319],[78.423,19.8176],[78.4392,19.8134],[78.4555,19.8132],[78.4692,19.8177],[78.475,19.8155],[78.4832,19.8038],[78.4851,19.7961],[78.4952,19.7926],[78.5056,19.7963],[78.5085,19.8],[78.509,19.8121],[78.5153,19.819],[78.5301,19.8184],[78.5379,19.82],[78.5418,19.8237],[78.5527,19.824],[78.564,19.8207],[78.5723,19.8158],[78.588,19.8188],[78.6036,19.8184],[78.6116,19.816],[78.6152,19.8119],[78.6255,19.8082],[78.6428,19.8078],[78.6551,19.8002],[78.6664,19.7998],[78.6752,19.7949],[78.6942,19.7906],[78.7006,19.7876],[78.7061,19.7723],[78.7187,19.7668],[78.7252,19.7692],[78.7305,19.7806],[78.7379,19.7832],[78.7477,19.78],[78.7517,19.7747],[78.759,19.7727],[78.7711,19.7794],[78.7774,19.7799],[78.7863,19.7765],[78.7956,19.7673],[78.7969,19.76],[78.8069,19.7569],[78.8185,19.7616],[78.8259,19.7551],[78.841,19.7619],[78.8407,19.7554],[78.8453,19.7469],[78.848,19.7355],[78.8522,19.7275],[78.8494,19.722],[78.8561,19.7038],[78.8599,19.6895],[78.8557,19.6867],[78.8559,19.6773],[78.8519,19.6586],[78.862,19.6575],[78.8681,19.659],[78.8877,19.6554],[78.9023,19.67],[78.9206,19.6663],[78.9197,19.662],[78.9448,19.6616],[78.9555,19.6559],[78.9619,19.6375],[78.9612,19.6317],[78.9554,19.6191],[78.9558,19.5997],[78.9592,19.5955],[78.972,19.5896],[78.9728,19.5824],[78.9663,19.5742],[78.9467,19.5617],[78.9377,19.5619],[78.9405,19.5519]]]},"properties":{"district":"Adilabad","st_nm":"Telangana"},"id":135},{"type":"Feature","geometry":{"type":"Polygon","coordinates":[[[78.5408,17.3714],[78.5356,17.3624],[78.5298,17.3589],[78.5321,17.3478],[78.5223,17.3428],[78.518,17.3514],[78.5057,17.3482],[78.5075,17.3414],[78.5052,17.3293],[78.5019,17.3221],[78.4933,17.318],[78.4896,17.3202],[78.4773,17.3177],[78.4689,17.3056],[78.4676,17.2975],[78.4602,17.2987],[78.4544,17.3082],[78.4517,17.3237],[78.4446,17.3263],[78.4401,17.3363],[78.4269,17.339],[78.4232,17.3434],[78.4297,17.3516],[78.4372,17.3467],[78.4409,17.3525],[78.4269,17.3615],[78.4288,17.3716],[78.4163,17.3708],[78.4023,17.3725],[78.3881,17.3709],[78.3733,17.373],[78.3692,17.3792],[78.3794,17.3792],[78.3951,17.3861],[78.3946,17.4038],[78.404,17.4085],[78.4002,17.4194],[78.405,17.4324],[78.4098,17.4352],[78.4089,17.4415],[78.4145,17.4459],[78.4249,17.4437],[78.4321,17.4511],[78.4476,17.4507],[78.454,17.4446],[78.4637,17.4491],[78.4629,17.4675],[78.4647,17.4742],[78.4801,17.4827],[78.4827,17.4768],[78.4765,17.4706],[78.4765,17.4623],[78.4855,17.4563],[78.4939,17.459],[78.5003,17.483],[78.505,17.4802],[78.5183,17.4826],[78.5229,17.4759],[78.5202,17.4684],[78.5206,17.4579],[78.5178,17.4407],[78.5295,17.4372],[78.5439,17.4432],[78.549,17.4376],[78.5435,17.4269],[78.5369,17.4221],[78.5303,17.4253],[78.527,17.4128],[78.5334,17.4112],[78.5348,17.404],[78.5278,17.4013],[78.5268,17.3812],[78.5279,17.3741],[78.5326,17.3692],[78.5408,17.3714]]]},"properties":{"district":"Hyderabad","st_nm":"Telangana"},"id":136},{"type":"Feature","geometry":{"type":"Polygon","coordinates":[[[79.3016,18.8166],[79.298,18.8116],[79.2942,18.7988],[79.2881,18.7954],[79.2731,18.7921],[79.2688,18.786],[79.2567,18.7737],[79.2527,18.7617],[79.2363,18.755],[79.2301,18.7494],[79.2201,18.7488],[79.2125,18.7521],[79.188,18.7521],[79.1629,18.7557],[79.1503,18.7257],[79.1412,18.7251],[79.1345,18.7134],[79.1301,18.7089],[79.1198,18.7101],[79.1134,18.7071],[79.1207,18.6967],[79.1254,18.6862],[79.1242,18.6778],[79.116,18.6592],[79.11,18.6633],[79.104,18.6504],[79.0973,18.6484],[79.0919,18.6508],[79.0863,18.6459],[79.0773,18.6517],[79.0641,18.6548],[79.0648,18.6595],[79.059,18.6636],[79.0524,18.6552],[79.0487,18.6463],[79.0359,18.6446],[79.0335,18.6506],[79.0271,18.6516],[79.0181,18.6588],[79.0123,18.6748],[79.0043,18.6783],[78.9987,18.6729],[78.9892,18.6728],[78.982,18.6612],[78.9884,18.65],[78.9808,18.6434],[78.9771,18.6282],[78.9677,18.609],[78.975,18.5959],[78.98,18.5922],[78.9834,18.5829],[78.9894,18.5739],[78.9832,18.5686],[78.9758,18.5747],[78.9677,18.5775],[78.9571,18.5767],[78.9537,18.5802],[78.9388,18.5837],[78.9306,18.5717],[78.9288,18.5662],[78.9163,18.5754],[78.9108,18.5701],[78.9041,18.5508],[78.8971,18.5595],[78.8973,18.5648],[78.9015,18.5777],[78.8933,18.5971],[78.8854,18.5962],[78.8737,18.5868],[78.8628,18.5926],[78.8552,18.5874],[78.8397,18.5918],[78.8321,18.5961],[78.8248,18.6046],[78.8124,18.6047],[78.8006,18.6122],[78.7916,18.6208],[78.7599,18.6194],[78.7487,18.6314],[78.7362,18.6298],[78.7186,18.6337],[78.7061,18.6411],[78.6967,18.6418],[78.6912,18.6351],[78.6834,18.6319],[78.6699,18.6233],[78.6643,18.6336],[78.6528,18.6387],[78.6373,18.6732],[78.6318,18.6786],[78.6408,18.7019],[78.6406,18.7175],[78.6372,18.7233],[78.6287,18.7278],[78.6175,18.7298],[78.5906,18.7254],[78.5817,18.7228],[78.5712,18.7383],[78.5583,18.74],[78.5527,18.7425],[78.5516,18.7507],[78.5575,18.7563],[78.5544,18.7653],[78.5635,18.7788],[78.5593,18.7854],[78.5525,18.7911],[78.554,18.7991],[78.549,18.809],[78.5419,18.8179],[78.5482,18.8307],[78.5483,18.8346],[78.5417,18.8392],[78.5401,18.8458],[78.5433,18.8595],[78.5413,18.8607],[78.536,18.8844],[78.5264,18.8895],[78.5141,18.8923],[78.519,18.9007],[78.5211,18.9231],[78.5251,18.9298],[78.528,18.9427],[78.537,18.9458],[78.5475,18.9458],[78.5515,18.9542],[78.5544,18.9737],[78.5672,18.9887],[78.588,19.0051],[78.6064,18.9855],[78.6128,18.9831],[78.6357,18.9779],[78.6432,18.984],[78.6562,18.9979],[78.6667,19.0157],[78.6857,19.0296],[78.701,19.0359],[78.7171,19.0274],[78.7402,19.0169],[78.7576,19.011],[78.7677,19.0153],[78.7705,19.0289],[78.779,19.0378],[78.7982,19.048],[78.8211,19.0489],[78.8283,19.0607],[78.8356,19.0685],[78.8448,19.0703],[78.8626,19.059],[78.8739,19.0559],[78.9,19.0354],[78.9109,19.0305],[78.9176,19.0342],[78.9248,19.0484],[78.9314,19.0571],[78.9475,19.0727],[78.9532,19.0771],[78.9634,19.0777],[78.9746,19.0762],[78.9881,19.0719],[79.0005,19.0744],[79.0107,19.0723],[79.0219,19.0756],[79.0371,19.0628],[79.0493,19.0587],[79.0639,19.0509],[79.0753,19.0408],[79.0812,19.032],[79.0908,19.0092],[79.0896,19.0007],[79.0922,18.9891],[79.1042,18.968],[79.1031,18.9577],[79.1068,18.9468],[79.1183,18.9357],[79.1305,18.9216],[79.1495,18.9068],[79.1608,18.8936],[79.1735,18.8808],[79.1821,18.8685],[79.203,18.8644],[79.2204,18.8632],[79.2343,18.8605],[79.249,18.853],[79.2585,18.8408],[79.2689,18.8297],[79.2838,18.8219],[79.3016,18.8166]]]},"properties":{"district":"Jagtial","st_nm":"Telangana"},"id":137},{"type":"Feature","geometry":{"type":"Polygon","coordinates":[[[79.2329,17.9945],[79.2287,17.9878],[79.2354,17.9858],[79.2634,17.9836],[79.2711,17.9786],[79.2675,17.9527],[79.2733,17.9547],[79.2887,17.9512],[79.3078,17.9492],[79.318,17.9462],[79.3361,17.9385],[79.3428,17.9212],[79.352,17.9239],[79.3536,17.9208],[79.3687,17.9099],[79.3722,17.9101],[79.3904,17.9005],[79.3974,17.9028],[79.405,17.8985],[79.4117,17.8996],[79.4201,17.896],[79.4374,17.9132],[79.4486,17.9088],[79.4477,17.8974],[79.45,17.8848],[79.4491,17.879],[79.4584,17.8744],[79.464,17.8752],[79.4719,17.8836],[79.478,17.8928],[79.4875,17.8877],[79.4921,17.8772],[79.4928,17.8686],[79.5028,17.8655],[79.5052,17.8597],[79.4928,17.8414],[79.4933,17.8306],[79.491,17.8211],[79.5146,17.8189],[79.5135,17.8044],[79.5143,17.795],[79.5146,17.7741],[79.5054,17.751],[79.4887,17.7541],[79.481,17.7453],[79.4908,17.7418],[79.4972,17.736],[79.5042,17.7242],[79.499,17.7167],[79.4869,17.7115],[79.481,17.7053],[79.4895,17.6989],[79.4888,17.6879],[79.4813,17.6749],[79.4904,17.6668],[79.4898,17.6629],[79.4986,17.6615],[79.5222,17.6614],[79.5244,17.6336],[79.5366,17.6309],[79.5405,17.6379],[79.5458,17.6301],[79.5632,17.6188],[79.5613,17.6031],[79.5541,17.5974],[79.546,17.5972],[79.5385,17.5997],[79.5292,17.5918],[79.5208,17.5918],[79.5107,17.5865],[79.5159,17.5754],[79.5144,17.5634],[79.5164,17.5598],[79.5321,17.5578],[79.5323,17.5461],[79.5357,17.5349],[79.5416,17.527],[79.5307,17.5179],[79.5235,17.5072],[79.5247,17.4991],[79.5168,17.4942],[79.5009,17.4962],[79.4851,17.5101],[79.4724,17.5146],[79.4534,17.5118],[79.4302,17.5167],[79.4246,17.5025],[79.4125,17.4986],[79.4012,17.5026],[79.3833,17.5118],[79.3707,17.5022],[79.363,17.5008],[79.369,17.4914],[79.3662,17.4863],[79.3593,17.4823],[79.356,17.4762],[79.3435,17.4658],[79.3409,17.4566],[79.3281,17.4508],[79.3145,17.4543],[79.3057,17.4618],[79.291,17.4697],[79.2861,17.4747],[79.2938,17.4865],[79.2747,17.4977],[79.2695,17.4965],[79.2631,17.4905],[79.2616,17.4783],[79.2571,17.4709],[79.2449,17.4787],[79.2379,17.4893],[79.2298,17.4969],[79.2419,17.4979],[79.2424,17.5025],[79.2339,17.5102],[79.2346,17.5164],[79.2324,17.5276],[79.2183,17.5281],[79.1968,17.5214],[79.1841,17.5303],[79.1852,17.5412],[79.1736,17.5418],[79.1701,17.5493],[79.1701,17.5591],[79.1665,17.5676],[79.1674,17.5752],[79.1556,17.5863],[79.1537,17.5937],[79.1538,17.6137],[79.1577,17.622],[79.1454,17.6274],[79.1407,17.6381],[79.1348,17.6428],[79.1295,17.658],[79.1306,17.6717],[79.1233,17.6684],[79.1148,17.6703],[79.1014,17.6763],[79.0894,17.6956],[79.0904,17.6996],[79.0826,17.7107],[79.0706,17.7184],[79.0527,17.7249],[79.0458,17.7258],[79.0405,17.7205],[79.0385,17.7103],[79.0334,17.708],[79.025,17.7129],[79.0226,17.7182],[79.0047,17.7369],[79.004,17.7422],[78.9977,17.748],[78.9953,17.7537],[79.0014,17.7708],[78.9919,17.7856],[78.991,17.7936],[78.9801,17.7981],[78.9761,17.7946],[78.9606,17.792],[78.9575,17.7883],[78.9468,17.7887],[78.938,17.798],[78.9213,17.8024],[78.9072,17.8126],[78.8997,17.8049],[78.8917,17.8056],[78.8828,17.8092],[78.8681,17.8084],[78.8676,17.8251],[78.8784,17.8265],[78.8775,17.8338],[78.8824,17.8347],[78.8887,17.8416],[78.8989,17.8399],[78.9057,17.8446],[78.9224,17.8386],[78.9165,17.8546],[78.9211,17.8732],[78.9299,17.8776],[78.9369,17.8763],[78.9456,17.8794],[78.9501,17.8718],[78.9601,17.8659],[78.9714,17.8681],[78.9737,17.8622],[78.9876,17.858],[78.9925,17.8493],[78.9987,17.8448],[79.0021,17.8563],[79.0109,17.8644],[79.0202,17.8761],[79.0392,17.8723],[79.0438,17.8631],[79.0484,17.8609],[79.0554,17.8696],[79.0728,17.8754],[79.0804,17.8734],[79.0922,17.8732],[79.1033,17.8857],[79.112,17.8992],[79.1133,17.9061],[79.1023,17.9139],[79.1056,17.921],[79.1152,17.9295],[79.1218,17.9416],[79.1315,17.9468],[79.1373,17.9577],[79.1435,17.9656],[79.139,17.9781],[79.1535,17.992],[79.1625,17.9911],[79.1749,17.9941],[79.1843,17.9939],[79.1891,17.9995],[79.2035,17.999],[79.215,17.996],[79.2329,17.9945]]]},"properties":{"district":"Jangaon","st_nm":"Telangana"},"id":138},{"type":"Feature","geometry":{"type":"Polygon","coordinates":[[[79.842,18.1325],[79.8587,18.1503],[79.8445,18.158],[79.8364,18.1859],[79.8387,18.1888],[79.8631,18.2029],[79.8445,18.2128],[79.8432,18.2221],[79.8542,18.2402],[79.8574,18.2509],[79.8534,18.2597],[79.8648,18.2601],[79.8723,18.2774],[79.8815,18.2831],[79.8877,18.2834],[79.8876,18.2889],[79.8826,18.2948],[79.8826,18.3006],[79.8921,18.3059],[79.8956,18.3124],[79.8951,18.3185],[79.9229,18.3178],[79.9316,18.3159],[79.9446,18.3184],[79.9539,18.3395],[79.9492,18.3446],[79.9392,18.3464],[79.9254,18.3517],[79.9202,18.3568],[79.9152,18.3657],[79.9096,18.371],[79.8996,18.3711],[79.8958,18.3817],[79.8958,18.3889],[79.8909,18.3993],[79.9066,18.3992],[79.9223,18.4062],[79.9395,18.3964],[79.9902,18.3865],[80.0022,18.3912],[80.0423,18.4043],[80.0573,18.4016],[80.0736,18.3883],[80.0841,18.3947],[80.0909,18.3872],[80.098,18.385],[80.1124,18.3925],[80.1274,18.388],[80.1352,18.3776],[80.141,18.374],[80.1561,18.3602],[80.1581,18.3619],[80.1726,18.3494],[80.2167,18.3895],[80.2175,18.4061],[80.2231,18.4192],[80.2244,18.4273],[80.2265,18.4712],[80.2295,18.5533],[80.2485,18.5703],[80.249,18.573],[80.2677,18.5899],[80.3028,18.5889],[80.3431,18.5981],[80.3466,18.5951],[80.3541,18.5956],[80.3606,18.6001],[80.3661,18.6091],[80.3768,18.6098],[80.3869,18.5976],[80.3944,18.6058],[80.4076,18.6107],[80.4185,18.6113],[80.4264,18.6139],[80.4406,18.6241],[80.4566,18.6298],[80.4634,18.6249],[80.4763,18.627],[80.4783,18.6299],[80.4892,18.6308],[80.5016,18.6216],[80.5147,18.6194],[80.5191,18.609],[80.5278,18.6031],[80.5353,18.5906],[80.5564,18.5798],[80.5675,18.5713],[80.5709,18.5652],[80.5909,18.558],[80.6057,18.5483],[80.6128,18.5393],[80.6184,18.5276],[80.6228,18.5286],[80.6302,18.5222],[80.6376,18.5226],[80.6409,18.5113],[80.6368,18.507],[80.6383,18.5024],[80.6514,18.4858],[80.6564,18.4748],[80.6736,18.4664],[80.6787,18.4608],[80.6861,18.4582],[80.688,18.4474],[80.7021,18.4443],[80.6983,18.4377],[80.6964,18.424],[80.7183,18.4097],[80.7229,18.4152],[80.7348,18.4129],[80.7329,18.403],[80.7295,18.3984],[80.7196,18.3911],[80.7227,18.3846],[80.7292,18.3792],[80.727,18.3685],[80.7315,18.3548],[80.7411,18.3423],[80.7477,18.3297],[80.7478,18.3164],[80.7494,18.3076],[80.7586,18.2999],[80.7568,18.2949],[80.7626,18.2882],[80.7688,18.288],[80.7755,18.2781],[80.78,18.2667],[80.7887,18.2646],[80.7941,18.2602],[80.7917,18.2509],[80.7768,18.2462],[80.7484,18.2309],[80.7474,18.227],[80.7372,18.2221],[80.7375,18.1833],[80.7368,18.1772],[80.7449,18.1703],[80.7484,18.173],[80.7562,18.1717],[80.7528,18.1619],[80.753,18.1402],[80.7487,18.1295],[80.7487,18.1016],[80.7512,18.0974],[80.7547,18.0823],[80.7472,18.0794],[80.7367,18.0931],[80.7311,18.1022],[80.7227,18.1114],[80.7145,18.1266],[80.6984,18.1269],[80.6905,18.139],[80.6821,18.1479],[80.6912,18.1531],[80.6961,18.1584],[80.6926,18.1632],[80.6816,18.1656],[80.6793,18.1582],[80.6706,18.15],[80.6612,18.1313],[80.6548,18.1349],[80.6424,18.1375],[80.6382,18.1363],[80.6323,18.1424],[80.6234,18.1293],[80.631,18.126],[80.6427,18.1255],[80.6351,18.1095],[80.6143,18.1148],[80.6156,18.1047],[80.6003,18.078],[80.5924,18.0717],[80.5857,18.0624],[80.5769,18.0618],[80.5739,18.0548],[80.5658,18.051],[80.5596,18.0557],[80.5597,18.0667],[80.5575,18.0814],[80.5531,18.094],[80.5467,18.1047],[80.542,18.1162],[80.5208,18.0997],[80.4862,18.0738],[80.4754,18.0869],[80.4652,18.0905],[80.4623,18.0842],[80.4659,18.0797],[80.4573,18.073],[80.4613,18.0647],[80.4548,18.0608],[80.4458,18.0669],[80.431,18.0604],[80.3919,18.0817],[80.3561,18.0471],[80.3463,18.0364],[80.3411,18.0143],[80.3312,18.0083],[80.322,17.9987],[80.316,17.9956],[80.3105,17.9762],[80.2943,17.9645],[80.275,17.9664],[80.2685,17.9506],[80.2594,17.9658],[80.2485,17.974],[80.2402,17.9921],[80.231,17.9941],[80.2155,17.9948],[80.2205,18.0067],[80.212,18.0123],[80.2093,18.0239],[80.2207,18.0372],[80.2199,18.0462],[80.1858,18.0626],[80.1722,18.0757],[80.1642,18.0807],[80.1495,18.0838],[80.1449,18.0949],[80.1132,18.0828],[80.1007,18.082],[80.0891,18.0734],[80.0813,18.0707],[80.0763,18.0745],[80.055,18.0851],[80.0362,18.1154],[80.0181,18.1171],[79.9919,18.1076],[79.9802,18.112],[79.9651,18.1006],[79.9578,18.0895],[79.9512,18.0862],[79.9363,18.0836],[79.9075,18.0847],[79.8933,18.0836],[79.8845,18.0858],[79.8872,18.0982],[79.8639,18.0936],[79.8372,18.0949],[79.8156,18.0927],[79.8159,18.1003],[79.8198,18.1131],[79.8241,18.1126],[79.8295,18.1225],[79.842,18.1325]]]},"properties":{"district":"Mulugu","st_nm":"Telangana"},"id":139},{"type":"Feature","geometry":{"type":"Polygon","coordinates":[[[77.6647,16.3637],[77.6775,16.3605],[77.6849,16.3516],[77.6852,16.3483],[77.7032,16.3373],[77.7288,16.3317],[77.7385,16.3245],[77.7643,16.3125],[77.7765,16.3059],[77.7921,16.2948],[77.8124,16.283],[77.8432,16.258],[77.8569,16.2507],[77.8662,16.2421],[77.8736,16.2386],[77.8932,16.2235],[77.9016,16.2204],[77.9124,16.2128],[77.93,16.1961],[77.9321,16.1917],[77.9311,16.1748],[77.9361,16.163],[77.9425,16.1523],[77.9412,16.1368],[77.9466,16.1193],[77.9636,16.1062],[77.9728,16.0959],[77.9843,16.09],[77.9939,16.0873],[78.0126,16.0712],[78.0161,16.066],[78.0264,16.0623],[78.0364,16.0509],[78.0458,16.037],[78.0466,16.0326],[78.0695,16.0143],[78.0883,16.008],[78.1053,16.0048],[78.1136,16.002],[78.125,16.002],[78.1396,15.9929],[78.1429,15.9844],[78.1436,15.9735],[78.1466,15.9623],[78.1518,15.9537],[78.1598,15.9483],[78.1771,15.9454],[78.2005,15.9434],[78.2215,15.9439],[78.2298,15.947],[78.2404,15.955],[78.2513,15.9751],[78.2534,15.9663],[78.2522,15.9554],[78.2537,15.9426],[78.2503,15.9339],[78.2424,15.9288],[78.2267,15.9222],[78.2029,15.9174],[78.1871,15.9117],[78.1795,15.902],[78.1896,15.8928],[78.1868,15.8852],[78.1766,15.876],[78.1754,15.8581],[78.1658,15.8544],[78.1407,15.854],[78.1356,15.8547],[78.1301,15.8507],[78.1336,15.8462],[78.1343,15.8366],[78.1016,15.8374],[78.099,15.836],[78.0836,15.8409],[78.0849,15.8451],[78.0748,15.8473],[78.0714,15.8504],[78.0716,15.8618],[78.0559,15.8663],[78.0562,15.8747],[78.0469,15.8749],[78.045,15.9042],[78.0319,15.9074],[78.0255,15.9024],[78.0151,15.876],[78.0088,15.8648],[77.997,15.8663],[77.9754,15.8834],[77.9491,15.8848],[77.9388,15.8831],[77.9134,15.8934],[77.8904,15.9058],[77.8783,15.9052],[77.8701,15.8973],[77.8606,15.8847],[77.8513,15.882],[77.8374,15.8848],[77.8273,15.8802],[77.8036,15.8742],[77.793,15.8765],[77.7824,15.8762],[77.7695,15.8854],[77.7477,15.8853],[77.7405,15.8873],[77.7314,15.8937],[77.722,15.8959],[77.7128,15.8945],[77.6945,15.8837],[77.6845,15.8833],[77.676,15.8851],[77.6575,15.8859],[77.6376,15.8954],[77.6251,15.9091],[77.6128,15.9175],[77.6089,15.9177],[77.5985,15.9124],[77.5897,15.9129],[77.5818,15.9183],[77.549,15.9191],[77.5339,15.9238],[77.5135,15.9268],[77.5174,15.9452],[77.5198,15.9669],[77.5164,15.9674],[77.5097,15.9803],[77.5118,15.9991],[77.5141,16.0081],[77.5044,16.0114],[77.5044,16.0182],[77.494,16.037],[77.4969,16.0477],[77.5026,16.0588],[77.5069,16.079],[77.4938,16.0872],[77.501,16.1062],[77.5088,16.1092],[77.5071,16.1138],[77.4989,16.1208],[77.4898,16.1196],[77.4916,16.135],[77.4906,16.1603],[77.4862,16.163],[77.4921,16.1865],[77.4993,16.1978],[77.4998,16.2178],[77.5028,16.2237],[77.515,16.222],[77.5145,16.2305],[77.5036,16.231],[77.4951,16.2271],[77.4924,16.2293],[77.493,16.2441],[77.4901,16.2553],[77.5013,16.2616],[77.5052,16.2676],[77.5048,16.2758],[77.5219,16.278],[77.5329,16.2717],[77.5384,16.2709],[77.5409,16.2855],[77.5451,16.2917],[77.5632,16.3017],[77.5688,16.3033],[77.582,16.2914],[77.5977,16.2928],[77.5934,16.2975],[77.5922,16.3044],[77.5956,16.3168],[77.59,16.3257],[77.5882,16.3328],[77.5953,16.3424],[77.603,16.344],[77.6115,16.3503],[77.6267,16.3582],[77.6426,16.3636],[77.6561,16.3604],[77.6647,16.3637]]]},"properties":{"district":"Jogulamba Gadwal","st_nm":"Telangana"},"id":140},{"type":"Feature","geometry":{"type":"Polygon","coordinates":[[[77.7385,18.5568],[77.7486,18.5426],[77.7569,18.5361],[77.7619,18.5238],[77.7607,18.5121],[77.7567,18.5025],[77.7834,18.5042],[77.7895,18.4971],[77.7998,18.5009],[77.82,18.5024],[77.8375,18.5065],[77.8511,18.5031],[77.8641,18.5079],[77.8825,18.5007],[77.8852,18.4953],[77.8906,18.4926],[77.9077,18.4932],[77.928,18.4911],[77.9376,18.4915],[77.9484,18.4879],[77.953,18.482],[77.9709,18.4743],[77.975,18.4705],[77.9815,18.4585],[77.9749,18.4463],[77.9941,18.4428],[78.0011,18.4401],[78.0222,18.4362],[78.0379,18.4649],[78.0365,18.4728],[78.0383,18.4873],[78.0364,18.4939],[78.0385,18.5025],[78.0342,18.5089],[78.0396,18.5174],[78.0622,18.5138],[78.0654,18.5107],[78.075,18.5146],[78.0849,18.5091],[78.1024,18.505],[78.108,18.4924],[78.1188,18.4925],[78.1213,18.4882],[78.1334,18.4846],[78.1349,18.4823],[78.1596,18.4773],[78.165,18.482],[78.1728,18.4978],[78.186,18.5072],[78.1929,18.5038],[78.2005,18.5052],[78.2028,18.5017],[78.2169,18.499],[78.2249,18.4908],[78.2364,18.4921],[78.2426,18.4864],[78.2495,18.4868],[78.2581,18.4759],[78.2548,18.472],[78.2598,18.4527],[78.2749,18.4543],[78.2871,18.4535],[78.2978,18.4559],[78.3073,18.454],[78.3166,18.4652],[78.3295,18.4669],[78.3345,18.4636],[78.3433,18.4638],[78.3632,18.4544],[78.3838,18.454],[78.3924,18.4662],[78.3988,18.482],[78.4059,18.4827],[78.4247,18.475],[78.4435,18.4786],[78.4451,18.4833],[78.4526,18.4827],[78.4521,18.4738],[78.4643,18.4604],[78.4678,18.4475],[78.4772,18.4406],[78.4921,18.4378],[78.4986,18.4456],[78.5082,18.4527],[78.5182,18.4564],[78.5214,18.4619],[78.5302,18.4655],[78.5434,18.4598],[78.5465,18.4548],[78.5516,18.4403],[78.5534,18.4285],[78.5418,18.4205],[78.5419,18.4124],[78.5447,18.4077],[78.565,18.3905],[78.563,18.3855],[78.5416,18.3889],[78.5316,18.3875],[78.5304,18.3793],[78.5354,18.3701],[78.5337,18.3602],[78.5439,18.3511],[78.5445,18.343],[78.5496,18.3364],[78.5373,18.3178],[78.5412,18.3001],[78.5338,18.291],[78.524,18.2881],[78.5212,18.2789],[78.5326,18.2714],[78.5404,18.2732],[78.5437,18.2646],[78.5522,18.2595],[78.5535,18.2517],[78.5596,18.2361],[78.5676,18.2226],[78.5615,18.2064],[78.5664,18.2027],[78.5694,18.196],[78.5688,18.1849],[78.566,18.176],[78.5571,18.1766],[78.5445,18.1798],[78.5359,18.1866],[78.5219,18.1824],[78.5197,18.1721],[78.5121,18.1704],[78.5015,18.1745],[78.4982,18.1663],[78.4915,18.1556],[78.4838,18.1483],[78.4833,18.1417],[78.4916,18.1357],[78.4799,18.1261],[78.4722,18.1276],[78.4582,18.1206],[78.4416,18.1301],[78.4463,18.1406],[78.441,18.156],[78.4331,18.1629],[78.4226,18.1519],[78.422,18.144],[78.4183,18.1371],[78.4119,18.1307],[78.4001,18.131],[78.3882,18.1282],[78.3831,18.1245],[78.3751,18.1351],[78.3744,18.1446],[78.3632,18.1468],[78.3654,18.1548],[78.3578,18.1718],[78.3379,18.1801],[78.3358,18.1919],[78.3325,18.1962],[78.3127,18.2024],[78.3138,18.179],[78.2977,18.1619],[78.2902,18.1586],[78.2778,18.1431],[78.257,18.1396],[78.2487,18.1554],[78.2415,18.1588],[78.2295,18.1706],[78.2275,18.1753],[78.2164,18.1755],[78.2218,18.1826],[78.22,18.1963],[78.2153,18.2123],[78.2065,18.2175],[78.1933,18.2062],[78.1806,18.2046],[78.1787,18.1951],[78.1739,18.1843],[78.1689,18.1673],[78.1707,18.1562],[78.1693,18.153],[78.1754,18.1453],[78.1799,18.1348],[78.1804,18.1241],[78.1769,18.1183],[78.1796,18.0975],[78.1587,18.0859],[78.1515,18.0829],[78.1451,18.0696],[78.1333,18.0715],[78.1251,18.07],[78.1162,18.0733],[78.1156,18.0874],[78.1089,18.0933],[78.1012,18.0905],[78.0989,18.074],[78.0916,18.0678],[78.0789,18.0688],[78.0689,18.0622],[78.0676,18.0702],[78.0536,18.079],[78.0468,18.0792],[78.0405,18.0752],[78.0429,18.0692],[78.0326,18.0682],[78.0287,18.0738],[78.0312,18.0812],[78.0195,18.082],[78.0122,18.0902],[78.0091,18.0844],[78.0019,18.0873],[77.9951,18.107],[77.9874,18.1114],[77.9738,18.1149],[77.9397,18.1117],[77.9306,18.099],[77.9259,18.0975],[77.9114,18.1],[77.9028,18.0973],[77.8957,18.0913],[77.9019,18.0973],[77.9089,18.1015],[77.9141,18.1009],[77.9174,18.1059],[77.9269,18.1042],[77.9282,18.1168],[77.9132,18.1158],[77.9092,18.12],[77.9115,18.1253],[77.917,18.1248],[77.9252,18.1313],[77.9189,18.1354],[77.9251,18.1418],[77.9323,18.1419],[77.9306,18.1542],[77.924,18.1531],[77.9144,18.1421],[77.9112,18.1461],[77.9023,18.1454],[77.9042,18.1524],[77.8947,18.1566],[77.8961,18.1618],[77.9034,18.1681],[77.9002,18.1731],[77.9014,18.1859],[77.8908,18.1902],[77.8823,18.1867],[77.8641,18.1917],[77.8646,18.2017],[77.8538,18.2075],[77.8488,18.2017],[77.8404,18.2038],[77.8211,18.1965],[77.811,18.1957],[77.798,18.2046],[77.7865,18.1964],[77.7807,18.1998],[77.7764,18.1902],[77.768,18.1915],[77.7601,18.1991],[77.7585,18.205],[77.7421,18.2053],[77.7429,18.2249],[77.7378,18.2251],[77.7364,18.2349],[77.7286,18.2345],[77.7303,18.2454],[77.7289,18.2534],[77.7197,18.2603],[77.7117,18.258],[77.7069,18.261],[77.6876,18.2602],[77.6863,18.2665],[77.6647,18.2837],[77.6487,18.2844],[77.6421,18.2861],[77.6257,18.284],[77.62,18.2745],[77.6004,18.2756],[77.6055,18.2813],[77.5819,18.2854],[77.5703,18.2925],[77.5614,18.2849],[77.5514,18.2919],[77.5533,18.2981],[77.5659,18.3067],[77.571,18.3085],[77.5705,18.3181],[77.5647,18.3215],[77.5581,18.3314],[77.5316,18.3387],[77.5228,18.3454],[77.5204,18.3579],[77.5241,18.3642],[77.5255,18.3727],[77.5356,18.3807],[77.5371,18.3843],[77.5459,18.3887],[77.5516,18.3889],[77.5527,18.4017],[77.5567,18.4192],[77.5369,18.4242],[77.5282,18.4289],[77.5285,18.4434],[77.5375,18.445],[77.548,18.4432],[77.5602,18.4373],[77.5836,18.4451],[77.5836,18.4562],[77.5641,18.461],[77.5508,18.4604],[77.5486,18.4686],[77.5611,18.4702],[77.5729,18.4698],[77.5764,18.4868],[77.5923,18.4847],[77.5943,18.4769],[77.6032,18.4768],[77.6063,18.4892],[77.6047,18.4964],[77.5943,18.4979],[77.5859,18.504],[77.5878,18.5129],[77.5971,18.5159],[77.6005,18.5273],[77.5921,18.5323],[77.5953,18.5355],[77.5964,18.5489],[77.6265,18.5519],[77.634,18.5439],[77.6396,18.5549],[77.6479,18.5549],[77.6521,18.5518],[77.6493,18.5412],[77.6514,18.5323],[77.6611,18.5317],[77.6649,18.536],[77.6821,18.5454],[77.6884,18.5449],[77.7016,18.5552],[77.7125,18.5561],[77.7233,18.5533],[77.7385,18.5568]]]},"properties":{"district":"Kamareddy","st_nm":"Telangana"},"id":141},{"type":"Feature","geometry":{"type":"Polygon","coordinates":[[[79.116,18.6592],[79.1177,18.6516],[79.1113,18.6458],[79.1129,18.6297],[79.1106,18.6235],[79.1152,18.6206],[79.1272,18.6284],[79.1382,18.6248],[79.1482,18.6285],[79.1567,18.6387],[79.161,18.647],[79.1678,18.6475],[79.1716,18.6543],[79.1762,18.6545],[79.1793,18.6448],[79.1826,18.6254],[79.182,18.6198],[79.1862,18.6088],[79.2044,18.5953],[79.2053,18.5779],[79.2303,18.5662],[79.2278,18.5466],[79.2205,18.5455],[79.2155,18.5347],[79.2213,18.528],[79.2155,18.516],[79.2191,18.5104],[79.2192,18.503],[79.2158,18.4912],[79.2204,18.4858],[79.2206,18.4781],[79.2255,18.47],[79.2289,18.4569],[79.2366,18.4476],[79.2486,18.4534],[79.2612,18.4628],[79.28,18.479],[79.2845,18.481],[79.2978,18.4824],[79.3107,18.4792],[79.327,18.4715],[79.3447,18.4586],[79.3684,18.4383],[79.3733,18.4351],[79.4187,18.4201],[79.4439,18.4082],[79.4601,18.393],[79.4746,18.386],[79.4828,18.3854],[79.4921,18.3894],[79.4982,18.3951],[79.5067,18.3992],[79.5191,18.3968],[79.5337,18.3999],[79.5469,18.4077],[79.549,18.4111],[79.5671,18.4239],[79.5688,18.416],[79.5805,18.4133],[79.5783,18.409],[79.5758,18.3909],[79.5793,18.3878],[79.5756,18.3781],[79.5755,18.3591],[79.5795,18.3488],[79.5757,18.3332],[79.5739,18.317],[79.5765,18.3092],[79.565,18.3093],[79.5598,18.3],[79.561,18.2873],[79.5667,18.2836],[79.5672,18.275],[79.5631,18.2629],[79.5519,18.2678],[79.5487,18.2527],[79.5503,18.2478],[79.5405,18.2379],[79.5347,18.2352],[79.5214,18.2409],[79.4979,18.2347],[79.4915,18.2294],[79.4813,18.2319],[79.4738,18.23],[79.4733,18.2197],[79.4681,18.2102],[79.4654,18.2007],[79.4735,18.1957],[79.4611,18.1874],[79.4629,18.1805],[79.462,18.1644],[79.4472,18.1637],[79.4475,18.1589],[79.4377,18.1593],[79.4277,18.1573],[79.4245,18.1657],[79.4192,18.1692],[79.4132,18.1649],[79.3991,18.1662],[79.4009,18.1611],[79.3969,18.1481],[79.3851,18.1522],[79.3794,18.1567],[79.3656,18.1398],[79.3539,18.1399],[79.3463,18.1468],[79.3274,18.1482],[79.3174,18.1399],[79.3139,18.1342],[79.3012,18.13],[79.2909,18.1424],[79.2908,18.1506],[79.2874,18.1536],[79.2566,18.1547],[79.2509,18.1542],[79.2505,18.1631],[79.2457,18.1673],[79.2422,18.1786],[79.2444,18.1837],[79.2291,18.1815],[79.2193,18.1764],[79.2106,18.1749],[79.2123,18.1616],[79.1917,18.1643],[79.1879,18.1702],[79.1625,18.1572],[79.161,18.1656],[79.1466,18.1707],[79.1459,18.1838],[79.141,18.1879],[79.1372,18.2063],[79.1285,18.2146],[79.1237,18.2163],[79.1134,18.215],[79.1092,18.2211],[79.1085,18.2373],[79.1175,18.2427],[79.1233,18.2432],[79.1204,18.2554],[79.1301,18.2613],[79.1337,18.2713],[79.1274,18.2754],[79.1198,18.277],[79.1173,18.2887],[79.1038,18.2855],[79.0954,18.2876],[79.0705,18.2851],[79.0608,18.2934],[79.0615,18.302],[79.072,18.3163],[79.0617,18.325],[79.0586,18.3298],[79.0572,18.3445],[79.053,18.343],[79.0366,18.3444],[79.0277,18.3337],[79.0204,18.3307],[79.0121,18.3371],[79.0114,18.3456],[79.0181,18.358],[79.0248,18.3663],[79.0186,18.3759],[79.0087,18.3783],[79.0054,18.3868],[79.0153,18.3931],[79.0181,18.3996],[78.9971,18.3999],[78.9864,18.4172],[78.9775,18.4209],[78.9742,18.4274],[78.9773,18.4384],[78.9803,18.4416],[78.9915,18.4409],[78.9912,18.448],[78.9875,18.4621],[78.9665,18.4537],[78.9576,18.4526],[78.948,18.4438],[78.9385,18.4572],[78.9357,18.4643],[78.9231,18.4746],[78.9271,18.4893],[78.9467,18.5002],[78.9541,18.513],[78.9547,18.524],[78.9606,18.5349],[78.9592,18.5427],[78.9529,18.5525],[78.949,18.5539],[78.956,18.5695],[78.9571,18.5767],[78.9677,18.5775],[78.9758,18.5747],[78.9832,18.5686],[78.9894,18.5739],[78.9834,18.5829],[78.98,18.5922],[78.975,18.5959],[78.9677,18.609],[78.9771,18.6282],[78.9808,18.6434],[78.9884,18.65],[78.982,18.6612],[78.9892,18.6728],[78.9987,18.6729],[79.0043,18.6783],[79.0123,18.6748],[79.0181,18.6588],[79.0271,18.6516],[79.0335,18.6506],[79.0359,18.6446],[79.0487,18.6463],[79.0524,18.6552],[79.059,18.6636],[79.0648,18.6595],[79.0641,18.6548],[79.0773,18.6517],[79.0863,18.6459],[79.0919,18.6508],[79.0973,18.6484],[79.104,18.6504],[79.11,18.6633],[79.116,18.6592]]]},"properties":{"district":"Karimnagar","st_nm":"Telangana"},"id":142},{"type":"Feature","geometry":{"type":"Polygon","coordinates":[[[80.9189,17.2198],[80.9168,17.2106],[80.921,17.1987],[80.9189,17.1902],[80.9265,17.1832],[80.9236,17.1659],[80.924,17.1579],[80.9166,17.1537],[80.9047,17.1544],[80.8929,17.1593],[80.8794,17.1609],[80.8777,17.1499],[80.8783,17.1352],[80.8697,17.127],[80.8683,17.1203],[80.8735,17.1142],[80.8763,17.1049],[80.8752,17.0955],[80.8683,17.0837],[80.8687,17.078],[80.8765,17.0745],[80.8715,17.0699],[80.865,17.0578],[80.8569,17.0478],[80.8453,17.04],[80.8395,17.0476],[80.8288,17.0528],[80.8104,17.0554],[80.7999,17.0608],[80.78,17.0654],[80.765,17.0667],[80.7509,17.0727],[80.7465,17.0778],[80.7368,17.0777],[80.7106,17.0819],[80.7054,17.0808],[80.6995,17.0838],[80.695,17.0742],[80.6827,17.0727],[80.6664,17.0675],[80.6559,17.0681],[80.6499,17.0714],[80.6571,17.0896],[80.6681,17.095],[80.6706,17.1012],[80.6558,17.1099],[80.642,17.116],[80.6453,17.1236],[80.6369,17.1284],[80.6279,17.1299],[80.6194,17.1281],[80.617,17.1316],[80.6066,17.135],[80.6013,17.1418],[80.58,17.1531],[80.564,17.1338],[80.5495,17.1313],[80.5419,17.1244],[80.5276,17.119],[80.5141,17.1221],[80.5127,17.1089],[80.5055,17.0983],[80.5039,17.0919],[80.5099,17.0877],[80.5054,17.0685],[80.4977,17.0627],[80.4909,17.051],[80.486,17.0521],[80.4714,17.0504],[80.4649,17.0301],[80.4533,17.0348],[80.4386,17.0376],[80.432,17.055],[80.4172,17.0735],[80.419,17.0923],[80.4094,17.0918],[80.4038,17.082],[80.3873,17.0713],[80.3858,17.067],[80.3907,17.0626],[80.3938,17.0549],[80.3985,17.0526],[80.3959,17.0464],[80.3958,17.0358],[80.4074,17.0257],[80.407,17.0158],[80.3879,17.0093],[80.3758,16.9887],[80.3666,16.9815],[80.3714,16.9759],[80.3886,16.9696],[80.4077,16.964],[80.4194,16.9626],[80.4497,16.9548],[80.4674,16.9455],[80.473,16.9385],[80.482,16.9322],[80.4935,16.9275],[80.4985,16.9557],[80.5022,16.9574],[80.5202,16.9512],[80.5261,16.9479],[80.5345,16.9614],[80.545,16.9574],[80.5578,16.9486],[80.58,16.9369],[80.5841,16.9289],[80.5972,16.9237],[80.6019,16.9186],[80.5877,16.9023],[80.5946,16.8994],[80.5956,16.8843],[80.5768,16.8784],[80.5683,16.8694],[80.5711,16.8617],[80.5702,16.8492],[80.5629,16.8329],[80.5655,16.8269],[80.5774,16.8234],[80.5846,16.813],[80.594,16.8032],[80.6053,16.798],[80.6078,16.7936],[80.5973,16.7924],[80.5868,16.7823],[80.5769,16.7772],[80.5702,16.7681],[80.5516,16.7751],[80.5266,16.7746],[80.5044,16.7787],[80.4941,16.7837],[80.4868,16.7909],[80.4645,16.7955],[80.4638,16.804],[80.4661,16.8164],[80.4418,16.8306],[80.4347,16.8374],[80.4286,16.8382],[80.4297,16.8469],[80.4273,16.8499],[80.4152,16.8518],[80.3853,16.8633],[80.3788,16.8616],[80.3827,16.8549],[80.3809,16.8508],[80.4078,16.849],[80.4042,16.8321],[80.3997,16.8336],[80.3859,16.8225],[80.3789,16.8188],[80.3738,16.8304],[80.3785,16.837],[80.3735,16.8394],[80.3741,16.8524],[80.3494,16.8592],[80.3409,16.8598],[80.344,16.8744],[80.3217,16.8797],[80.325,16.9004],[80.3238,16.9065],[80.3156,16.9155],[80.3116,16.9167],[80.314,16.9269],[80.3132,16.9411],[80.3162,16.9482],[80.305,16.9537],[80.3066,16.9738],[80.2935,16.9767],[80.2903,16.9811],[80.2945,16.995],[80.2837,17.0072],[80.2705,17.004],[80.2649,16.9973],[80.2561,17.0011],[80.2404,17.0022],[80.2288,17.0144],[80.2229,17.0079],[80.2153,17.0089],[80.2021,17.0171],[80.1996,17.0266],[80.2041,17.0383],[80.1965,17.0441],[80.1919,17.0331],[80.1926,17.0266],[80.1873,17.02],[80.1791,17.0169],[80.1702,17.0169],[80.1678,17.0057],[80.1533,17.0069],[80.1464,17.0003],[80.1402,16.9906],[80.1305,16.9924],[80.1205,16.9913],[80.1204,16.9879],[80.1088,16.9874],[80.1038,16.9905],[80.0952,16.9907],[80.0939,16.9748],[80.0916,16.9684],[80.0846,16.9701],[80.0555,16.9715],[80.0606,16.9845],[80.0607,16.9899],[80.0565,16.9995],[80.062,17.0094],[80.053,17.0101],[80.0458,17.0145],[80.0369,17.0242],[80.0404,17.0389],[80.0398,17.0512],[80.0303,17.053],[80.0226,17.0579],[80.0157,17.0662],[80.006,17.068],[79.9955,17.077],[79.9857,17.0963],[79.9698,17.1119],[79.9621,17.1244],[79.951,17.1295],[79.9462,17.135],[79.9327,17.1282],[79.9182,17.1297],[79.9125,17.1487],[79.8989,17.1553],[79.8887,17.1718],[79.8811,17.1737],[79.8766,17.1936],[79.882,17.1982],[79.8863,17.2091],[79.9019,17.2116],[79.8959,17.2293],[79.8997,17.2358],[79.9022,17.2466],[79.9007,17.2539],[79.8895,17.2594],[79.8814,17.2591],[79.8715,17.2661],[79.8681,17.2623],[79.8459,17.2761],[79.8382,17.2797],[79.8305,17.2702],[79.8175,17.2825],[79.8188,17.29],[79.8091,17.3015],[79.8015,17.313],[79.8037,17.3243],[79.8111,17.3268],[79.8151,17.3314],[79.8315,17.336],[79.8435,17.3292],[79.8494,17.3345],[79.856,17.3344],[79.8754,17.3306],[79.8754,17.3365],[79.8792,17.3432],[79.8789,17.3536],[79.8819,17.357],[79.8914,17.3533],[79.8969,17.3583],[79.8966,17.3644],[79.9031,17.3759],[79.9145,17.3735],[79.9302,17.3725],[79.9366,17.3741],[79.9404,17.3822],[79.9366,17.3951],[79.9565,17.3959],[79.9689,17.3999],[79.9697,17.4066],[79.98,17.406],[79.9926,17.3973],[79.9932,17.3796],[79.9925,17.3641],[80.0167,17.3594],[80.0277,17.3548],[80.0366,17.3549],[80.048,17.3519],[80.0523,17.3466],[80.0573,17.3465],[80.0729,17.3568],[80.0766,17.3643],[80.0858,17.3672],[80.1004,17.358],[80.1085,17.3587],[80.1127,17.3671],[80.1127,17.3735],[80.1198,17.378],[80.1204,17.3827],[80.1291,17.3804],[80.1299,17.3883],[80.1437,17.3939],[80.1607,17.3769],[80.1621,17.3897],[80.1603,17.4032],[80.1663,17.4076],[80.1625,17.4203],[80.1702,17.4376],[80.1809,17.4393],[80.1898,17.4427],[80.2032,17.4421],[80.1982,17.4639],[80.1953,17.4709],[80.1995,17.4853],[80.2041,17.4746],[80.2166,17.4753],[80.222,17.4945],[80.2249,17.4964],[80.2288,17.5226],[80.2283,17.5306],[80.205,17.5456],[80.2019,17.5581],[80.2186,17.556],[80.2302,17.5524],[80.2325,17.5647],[80.238,17.5593],[80.2473,17.5621],[80.2606,17.5534],[80.267,17.551],[80.2808,17.5426],[80.2916,17.5546],[80.2825,17.5634],[80.286,17.5731],[80.3049,17.5699],[80.3174,17.5655],[80.324,17.5609],[80.3358,17.5621],[80.3462,17.5679],[80.3685,17.5679],[80.364,17.5531],[80.356,17.5313],[80.3436,17.5351],[80.3397,17.5227],[80.3478,17.5094],[80.3483,17.501],[80.3465,17.4852],[80.3605,17.4864],[80.361,17.501],[80.3711,17.5052],[80.3968,17.5283],[80.4007,17.5279],[80.4037,17.5165],[80.4074,17.5121],[80.4159,17.5101],[80.4309,17.4978],[80.4148,17.4742],[80.4011,17.4594],[80.402,17.4505],[80.3934,17.4363],[80.3759,17.4169],[80.3851,17.4147],[80.3899,17.4173],[80.4062,17.4211],[80.4297,17.4112],[80.4341,17.4126],[80.4477,17.4098],[80.452,17.4006],[80.4565,17.4005],[80.4692,17.3923],[80.477,17.3849],[80.4686,17.3806],[80.4659,17.3704],[80.4795,17.3749],[80.491,17.3735],[80.5012,17.3666],[80.5033,17.3745],[80.5251,17.383],[80.5296,17.3857],[80.5386,17.3818],[80.5416,17.372],[80.5403,17.3606],[80.5466,17.3604],[80.5491,17.3656],[80.556,17.3682],[80.5563,17.3411],[80.5694,17.3538],[80.5821,17.357],[80.5923,17.3822],[80.6048,17.3833],[80.6195,17.3715],[80.6189,17.3662],[80.6094,17.3563],[80.6159,17.3509],[80.6149,17.3429],[80.6254,17.3368],[80.6329,17.3462],[80.6305,17.3585],[80.6328,17.3627],[80.6461,17.3602],[80.6466,17.348],[80.6516,17.3447],[80.6656,17.3408],[80.6755,17.3398],[80.6829,17.3316],[80.6837,17.3192],[80.6874,17.3087],[80.6819,17.3069],[80.685,17.2932],[80.6967,17.289],[80.7097,17.3004],[80.7257,17.3055],[80.7416,17.2943],[80.7486,17.2928],[80.7513,17.3029],[80.761,17.3139],[80.7747,17.3085],[80.7774,17.3155],[80.7762,17.3287],[80.7787,17.3374],[80.8045,17.3385],[80.8128,17.3371],[80.8193,17.3513],[80.8286,17.3613],[80.8451,17.3673],[80.8599,17.3647],[80.8622,17.3483],[80.8654,17.3444],[80.8675,17.3304],[80.8722,17.3219],[80.8689,17.2832],[80.8756,17.2638],[80.87,17.2576],[80.8676,17.251],[80.8653,17.2358],[80.868,17.2334],[80.8838,17.2294],[80.9009,17.2227],[80.9147,17.2191],[80.9189,17.2198]]]},"properties":{"district":"Khammam","st_nm":"Telangana"},"id":143},{"type":"Feature","geometry":{"type":"Polygon","coordinates":[[[79.931,19.1556],[79.9246,19.1649],[79.9095,19.1613],[79.9035,19.1636],[79.8949,19.1624],[79.8845,19.1643],[79.8743,19.1733],[79.8522,19.1729],[79.8509,19.1683],[79.8387,19.1687],[79.8335,19.1584],[79.8203,19.1572],[79.8148,19.1513],[79.7992,19.1516],[79.7838,19.1616],[79.7818,19.169],[79.7873,19.1764],[79.7873,19.184],[79.7725,19.19],[79.7608,19.1898],[79.7593,19.1825],[79.7516,19.1822],[79.7438,19.1857],[79.7362,19.1858],[79.7295,19.1888],[79.7189,19.2034],[79.7097,19.2075],[79.6999,19.2062],[79.6991,19.2001],[79.6895,19.2011],[79.6813,19.1977],[79.6761,19.199],[79.6763,19.2077],[79.6799,19.2162],[79.6792,19.2256],[79.6675,19.219],[79.6611,19.2208],[79.6596,19.2328],[79.6548,19.2407],[79.6542,19.2484],[79.6595,19.2495],[79.6619,19.259],[79.6462,19.259],[79.6379,19.2607],[79.631,19.2559],[79.6226,19.2558],[79.6184,19.2717],[79.6143,19.2765],[79.6095,19.2729],[79.5991,19.2738],[79.5891,19.2675],[79.5792,19.2686],[79.5691,19.2646],[79.5605,19.2585],[79.5497,19.2641],[79.5555,19.2692],[79.5647,19.2809],[79.5526,19.2896],[79.5428,19.2855],[79.5327,19.2851],[79.5273,19.2887],[79.5161,19.2878],[79.5105,19.29],[79.5083,19.276],[79.5041,19.2718],[79.5059,19.265],[79.5169,19.2641],[79.525,19.2569],[79.5241,19.2513],[79.532,19.2493],[79.5303,19.2348],[79.5346,19.2256],[79.5438,19.2209],[79.5489,19.2131],[79.5478,19.2023],[79.5399,19.2032],[79.536,19.2004],[79.5304,19.204],[79.5248,19.2031],[79.5067,19.2073],[79.504,19.2032],[79.4807,19.2014],[79.4794,19.1945],[79.4705,19.1876],[79.478,19.1835],[79.4723,19.1745],[79.4659,19.1772],[79.4623,19.1716],[79.438,19.1797],[79.4228,19.192],[79.4196,19.1961],[79.4079,19.2011],[79.3873,19.2063],[79.3694,19.207],[79.3487,19.219],[79.3403,19.2212],[79.3394,19.211],[79.3507,19.2112],[79.351,19.1924],[79.3442,19.1821],[79.3434,19.1773],[79.3347,19.1689],[79.3205,19.1648],[79.3174,19.1612],[79.323,19.1555],[79.3262,19.144],[79.3171,19.1259],[79.316,19.0924],[79.3039,19.0952],[79.2833,19.1107],[79.2769,19.1167],[79.2738,19.0818],[79.2737,19.06],[79.2644,19.0487],[79.2624,19.0419],[79.2672,19.0337],[79.2534,19.0302],[79.2443,19.0299],[79.2356,19.0326],[79.2261,19.0332],[79.2234,19.0407],[79.2237,19.0493],[79.2153,19.0593],[79.2031,19.0667],[79.1987,19.0719],[79.198,19.0792],[79.1903,19.084],[79.1528,19.0911],[79.1408,19.1041],[79.1411,19.1114],[79.1352,19.1114],[79.1365,19.1284],[79.1245,19.1369],[79.1205,19.1481],[79.1155,19.1505],[79.1067,19.1621],[79.1046,19.1696],[79.0928,19.1787],[79.0836,19.1791],[79.07,19.1873],[79.0578,19.2086],[79.0143,19.2141],[78.9986,19.2204],[78.9981,19.2311],[78.9909,19.2359],[78.9837,19.2346],[78.9788,19.23],[78.968,19.2339],[78.9667,19.2441],[78.9532,19.2497],[78.9507,19.2537],[78.9425,19.252],[78.9276,19.2655],[78.9164,19.2706],[78.898,19.2854],[78.8844,19.2742],[78.8751,19.277],[78.8688,19.2825],[78.8547,19.2788],[78.8499,19.2947],[78.8584,19.3241],[78.8569,19.3439],[78.855,19.3529],[78.8542,19.3685],[78.8419,19.3703],[78.8287,19.375],[78.8248,19.3746],[78.815,19.3808],[78.8195,19.3867],[78.8218,19.397],[78.8343,19.4124],[78.8445,19.4226],[78.8414,19.4339],[78.8508,19.4455],[78.86,19.448],[78.863,19.4449],[78.8845,19.4455],[78.8933,19.4547],[78.9029,19.4734],[78.9146,19.4734],[78.9197,19.4645],[78.9268,19.4621],[78.9576,19.4735],[78.9776,19.4924],[78.9588,19.5029],[78.9514,19.5035],[78.9489,19.5102],[78.9422,19.5138],[78.9503,19.5333],[78.9367,19.5451],[78.9405,19.5519],[78.9521,19.5489],[78.9724,19.5503],[78.9813,19.5608],[78.9976,19.5492],[78.998,19.5401],[79.0069,19.542],[79.024,19.5418],[79.0395,19.5476],[79.046,19.5483],[79.0653,19.5396],[79.0669,19.5364],[79.0769,19.5324],[79.096,19.5327],[79.1011,19.5296],[79.1054,19.5224],[79.1126,19.5208],[79.1233,19.5106],[79.1357,19.5062],[79.1576,19.4893],[79.1618,19.4878],[79.1675,19.4728],[79.1801,19.4619],[79.1897,19.4591],[79.2082,19.465],[79.2157,19.4646],[79.2224,19.4676],[79.2232,19.4724],[79.2158,19.481],[79.2108,19.4818],[79.2045,19.4905],[79.2072,19.4972],[79.2075,19.5061],[79.214,19.5112],[79.2212,19.521],[79.2337,19.52],[79.24,19.5353],[79.2371,19.5504],[79.2371,19.5572],[79.2462,19.5675],[79.251,19.5775],[79.2531,19.5933],[79.2444,19.5949],[79.2387,19.6062],[79.2436,19.6167],[79.2511,19.6159],[79.273,19.5989],[79.2833,19.5956],[79.3069,19.5966],[79.3099,19.5715],[79.3139,19.5664],[79.3185,19.5677],[79.3184,19.5767],[79.3262,19.5774],[79.3348,19.5748],[79.3657,19.5763],[79.3695,19.5727],[79.3728,19.561],[79.386,19.558],[79.3918,19.5529],[79.4055,19.5356],[79.42,19.5299],[79.4226,19.5381],[79.4333,19.5373],[79.4422,19.528],[79.469,19.5096],[79.4714,19.5002],[79.4826,19.5063],[79.5008,19.5074],[79.5023,19.5117],[79.5186,19.5202],[79.5208,19.5349],[79.5186,19.5431],[79.5292,19.5511],[79.5399,19.5547],[79.5455,19.5504],[79.5466,19.5394],[79.5508,19.5267],[79.569,19.5183],[79.5841,19.5091],[79.5942,19.5069],[79.6005,19.5095],[79.6058,19.526],[79.6058,19.5315],[79.6117,19.5475],[79.6148,19.5608],[79.6244,19.5708],[79.6322,19.5751],[79.6583,19.5797],[79.6753,19.5797],[79.689,19.5839],[79.709,19.5845],[79.7144,19.5869],[79.7353,19.605],[79.7441,19.6087],[79.7535,19.6076],[79.7786,19.5997],[79.7986,19.582],[79.8163,19.574],[79.8241,19.5568],[79.8249,19.5506],[79.8322,19.5391],[79.8441,19.5337],[79.8482,19.5266],[79.8553,19.521],[79.8638,19.5112],[79.8809,19.5036],[79.9055,19.5],[79.9172,19.4938],[79.9336,19.4756],[79.9439,19.4707],[79.9482,19.4606],[79.9476,19.4497],[79.9525,19.441],[79.9679,19.4232],[79.9747,19.411],[79.9772,19.3942],[79.9796,19.3903],[79.974,19.3855],[79.9676,19.3603],[79.968,19.3567],[79.9591,19.336],[79.9598,19.3285],[79.9659,19.3111],[79.9662,19.3042],[79.9616,19.2969],[79.954,19.2931],[79.9487,19.2861],[79.9364,19.2641],[79.9308,19.2505],[79.9248,19.2278],[79.9242,19.2155],[79.9297,19.2024],[79.9424,19.1843],[79.9465,19.1743],[79.9446,19.1671],[79.931,19.1556]]]},"properties":{"district":"Kumuram Bheem Asifabad","st_nm":"Telangana"},"id":144},{"type":"Feature","geometry":{"type":"Polygon","coordinates":[[[80.2685,17.9506],[80.27,17.9473],[80.2677,17.926],[80.27,17.9155],[80.2778,17.9069],[80.277,17.8813],[80.2738,17.8785],[80.2727,17.8703],[80.266,17.8613],[80.2663,17.8533],[80.2578,17.8363],[80.2479,17.8244],[80.2541,17.801],[80.2558,17.791],[80.2524,17.7798],[80.258,17.7776],[80.2567,17.7601],[80.2596,17.751],[80.2499,17.7427],[80.2453,17.7146],[80.2477,17.7042],[80.2411,17.6922],[80.242,17.6861],[80.2379,17.6718],[80.2367,17.6553],[80.2303,17.6604],[80.2178,17.6601],[80.2068,17.6527],[80.2066,17.6247],[80.2098,17.6137],[80.2231,17.6048],[80.2179,17.59],[80.2019,17.5581],[80.205,17.5456],[80.2283,17.5306],[80.2288,17.5226],[80.2249,17.4964],[80.222,17.4945],[80.2166,17.4753],[80.2041,17.4746],[80.1995,17.4853],[80.1953,17.4709],[80.1982,17.4639],[80.2032,17.4421],[80.1898,17.4427],[80.1809,17.4393],[80.1702,17.4376],[80.1625,17.4203],[80.1663,17.4076],[80.1603,17.4032],[80.1621,17.3897],[80.1607,17.3769],[80.1437,17.3939],[80.1299,17.3883],[80.1291,17.3804],[80.1204,17.3827],[80.1198,17.378],[80.1127,17.3735],[80.1127,17.3671],[80.1085,17.3587],[80.1004,17.358],[80.0858,17.3672],[80.0766,17.3643],[80.0729,17.3568],[80.0573,17.3465],[80.0523,17.3466],[80.048,17.3519],[80.0366,17.3549],[80.0277,17.3548],[80.0167,17.3594],[79.9925,17.3641],[79.9932,17.3796],[79.9926,17.3973],[79.98,17.406],[79.9697,17.4066],[79.9689,17.3999],[79.9565,17.3959],[79.9366,17.3951],[79.9404,17.3822],[79.9366,17.3741],[79.9302,17.3725],[79.9145,17.3735],[79.9031,17.3759],[79.8966,17.3644],[79.8969,17.3583],[79.8914,17.3533],[79.8819,17.357],[79.8789,17.3536],[79.8792,17.3432],[79.8754,17.3365],[79.8754,17.3306],[79.856,17.3344],[79.8494,17.3345],[79.8435,17.3292],[79.8315,17.336],[79.8151,17.3314],[79.8111,17.3268],[79.8037,17.3243],[79.7928,17.326],[79.7928,17.336],[79.7961,17.354],[79.7777,17.369],[79.7817,17.3813],[79.7914,17.384],[79.797,17.3935],[79.793,17.3968],[79.7621,17.408],[79.7611,17.4267],[79.762,17.4299],[79.752,17.4399],[79.7436,17.4291],[79.7304,17.4282],[79.7184,17.4342],[79.711,17.4449],[79.7003,17.4479],[79.6973,17.4547],[79.6903,17.4547],[79.6709,17.465],[79.6565,17.4708],[79.6587,17.4881],[79.6559,17.4935],[79.6502,17.4931],[79.6392,17.4863],[79.6296,17.4907],[79.6213,17.5001],[79.6132,17.5],[79.6096,17.4966],[79.6037,17.4988],[79.6024,17.5086],[79.5951,17.5273],[79.5897,17.5289],[79.5899,17.5202],[79.5972,17.5015],[79.5905,17.4995],[79.5842,17.503],[79.57,17.5019],[79.566,17.4973],[79.5539,17.5083],[79.5514,17.515],[79.5416,17.527],[79.5357,17.5349],[79.5323,17.5461],[79.5321,17.5578],[79.5164,17.5598],[79.5144,17.5634],[79.5159,17.5754],[79.5107,17.5865],[79.5208,17.5918],[79.5292,17.5918],[79.5385,17.5997],[79.546,17.5972],[79.5541,17.5974],[79.5613,17.6031],[79.5632,17.6188],[79.5723,17.6178],[79.5779,17.6204],[79.5777,17.6285],[79.587,17.6295],[79.6139,17.6362],[79.6164,17.6219],[79.6215,17.6242],[79.6355,17.6234],[79.6535,17.628],[79.6582,17.6446],[79.6614,17.6496],[79.6781,17.6509],[79.6837,17.67],[79.6914,17.6866],[79.7082,17.6821],[79.7141,17.6839],[79.7158,17.6983],[79.7228,17.6969],[79.733,17.6917],[79.7499,17.6879],[79.7533,17.6909],[79.7715,17.6891],[79.7713,17.6972],[79.779,17.7032],[79.7911,17.7088],[79.8054,17.7003],[79.819,17.6993],[79.819,17.709],[79.8236,17.7132],[79.845,17.7188],[79.8636,17.7196],[79.8613,17.7281],[79.8643,17.7352],[79.8721,17.7393],[79.8934,17.7301],[79.899,17.7413],[79.9037,17.7469],[79.9022,17.7509],[79.9029,17.7641],[79.895,17.7686],[79.8835,17.7794],[79.8826,17.7907],[79.8756,17.8085],[79.8916,17.8101],[79.8949,17.8138],[79.909,17.8126],[79.91,17.8042],[79.9154,17.7989],[79.9178,17.8094],[79.9307,17.8184],[79.9347,17.8264],[79.9344,17.8341],[79.9394,17.8411],[79.9472,17.8357],[79.9516,17.8441],[79.9526,17.8604],[79.9609,17.8643],[79.9754,17.8614],[79.9801,17.871],[79.9909,17.8835],[79.9942,17.8895],[79.9887,17.9049],[79.9945,17.9158],[79.9862,17.9302],[79.9835,17.942],[79.9783,17.9483],[79.985,17.9527],[79.988,17.9695],[79.9839,17.971],[79.9864,17.9917],[79.9922,17.9996],[79.9794,18.0203],[79.9808,18.0391],[79.9849,18.0538],[79.9812,18.0606],[79.9919,18.1076],[80.0181,18.1171],[80.0362,18.1154],[80.055,18.0851],[80.0763,18.0745],[80.0813,18.0707],[80.0891,18.0734],[80.1007,18.082],[80.1132,18.0828],[80.1449,18.0949],[80.1495,18.0838],[80.1642,18.0807],[80.1722,18.0757],[80.1858,18.0626],[80.2199,18.0462],[80.2207,18.0372],[80.2093,18.0239],[80.212,18.0123],[80.2205,18.0067],[80.2155,17.9948],[80.231,17.9941],[80.2402,17.9921],[80.2485,17.974],[80.2594,17.9658],[80.2685,17.9506]]]},"properties":{"district":"Mahabubabad","st_nm":"Telangana"},"id":145},{"type":"Feature","geometry":{"type":"Polygon","coordinates":[[[77.751,16.4036],[77.7468,16.4138],[77.7462,16.4236],[77.7504,16.4311],[77.7487,16.4432],[77.7431,16.4549],[77.7395,16.4664],[77.7487,16.4741],[77.7555,16.4736],[77.7598,16.4804],[77.7683,16.4802],[77.7675,16.496],[77.7638,16.5002],[77.7624,16.5079],[77.7645,16.5261],[77.7607,16.5334],[77.7529,16.5426],[77.7494,16.5554],[77.7496,16.5665],[77.7786,16.5653],[77.7876,16.5786],[77.7812,16.6157],[77.7973,16.6165],[77.7971,16.6331],[77.7888,16.6391],[77.7809,16.6495],[77.7735,16.6547],[77.7675,16.6682],[77.7673,16.6819],[77.7647,16.6882],[77.7592,16.6884],[77.7492,16.6934],[77.749,16.704],[77.7532,16.7221],[77.7523,16.7274],[77.7452,16.7395],[77.7365,16.7462],[77.7267,16.7514],[77.7163,16.7517],[77.6968,16.7483],[77.6776,16.7578],[77.6744,16.7767],[77.6791,16.7773],[77.6811,16.7846],[77.6795,16.7925],[77.6891,16.7914],[77.6945,16.7933],[77.7082,16.7832],[77.7112,16.7928],[77.7354,16.7893],[77.7408,16.7939],[77.7378,16.8027],[77.7296,16.8111],[77.7351,16.8153],[77.7437,16.8274],[77.7387,16.8378],[77.7284,16.8479],[77.7276,16.8514],[77.7343,16.86],[77.735,16.8665],[77.7315,16.8734],[77.7396,16.8835],[77.742,16.8937],[77.7407,16.9004],[77.746,16.9107],[77.7401,16.9204],[77.7414,16.9289],[77.7403,16.9384],[77.7302,16.9393],[77.7405,16.9486],[77.7487,16.9511],[77.7514,16.9616],[77.7559,16.9687],[77.7546,16.9769],[77.7505,16.9775],[77.7594,16.9939],[77.7603,17.0022],[77.7797,17.0018],[77.7871,16.9991],[77.7984,16.9989],[77.7989,16.9926],[77.8135,16.9946],[77.8251,16.9869],[77.8364,16.9881],[77.8438,16.992],[77.8447,16.9846],[77.8379,16.974],[77.8412,16.9694],[77.8479,16.9515],[77.8578,16.9494],[77.8656,16.9531],[77.8688,16.9582],[77.8696,16.9663],[77.8784,16.9679],[77.8842,16.9587],[77.8779,16.9408],[77.8718,16.9325],[77.8719,16.9283],[77.8834,16.9275],[77.8898,16.9246],[77.9033,16.9262],[77.9147,16.921],[77.9161,16.9315],[77.9236,16.9382],[77.9261,16.9482],[77.93,16.9532],[77.9396,16.9569],[77.9437,16.9513],[77.9527,16.9497],[77.9639,16.9628],[77.9643,16.9682],[77.9721,16.9707],[77.9863,16.9612],[77.9964,16.9658],[77.9997,16.9797],[78.0106,16.9783],[78.0144,16.985],[78.0092,16.9893],[78.0098,17.0007],[78.0169,17.007],[78.0266,17.0106],[78.0347,17.0104],[78.0578,17.001],[78.0683,17.0054],[78.0851,16.9963],[78.0893,16.9857],[78.1003,16.9825],[78.1084,16.9828],[78.1144,16.9862],[78.1197,16.9829],[78.1248,16.9864],[78.1267,16.9942],[78.1364,16.993],[78.1358,17.0073],[78.1439,17.0124],[78.1602,17.0125],[78.1741,17.0082],[78.1766,16.9975],[78.1859,16.9883],[78.1816,16.9797],[78.1812,16.9734],[78.1864,16.9709],[78.1912,16.9637],[78.2029,16.9539],[78.2112,16.9521],[78.2113,16.9463],[78.2195,16.9388],[78.2331,16.9404],[78.2339,16.9471],[78.2406,16.9635],[78.2617,16.9609],[78.2695,16.9648],[78.2771,16.9561],[78.2726,16.9408],[78.2719,16.9329],[78.2756,16.9232],[78.3016,16.919],[78.3009,16.9074],[78.3038,16.9014],[78.303,16.8799],[78.305,16.8752],[78.3162,16.8744],[78.322,16.8577],[78.3283,16.8515],[78.3243,16.8397],[78.3229,16.825],[78.3254,16.823],[78.3348,16.806],[78.3333,16.7979],[78.3405,16.793],[78.3447,16.7852],[78.3486,16.7857],[78.3464,16.7729],[78.3557,16.7688],[78.3714,16.7528],[78.3669,16.7443],[78.3619,16.7267],[78.3504,16.7084],[78.356,16.6968],[78.3498,16.6822],[78.3371,16.6849],[78.3184,16.6827],[78.3079,16.6887],[78.2983,16.6901],[78.2955,16.6968],[78.2794,16.707],[78.2672,16.7096],[78.2595,16.7217],[78.2379,16.7403],[78.2238,16.741],[78.2135,16.7224],[78.2116,16.7107],[78.1983,16.701],[78.1882,16.7044],[78.1825,16.7037],[78.1814,16.7105],[78.1832,16.7309],[78.163,16.7289],[78.1575,16.714],[78.1581,16.71],[78.1532,16.6992],[78.1446,16.6879],[78.1395,16.6677],[78.1401,16.6608],[78.1501,16.6491],[78.1503,16.6459],[78.1409,16.6351],[78.1309,16.6269],[78.129,16.6116],[78.1257,16.6],[78.1252,16.5915],[78.119,16.592],[78.1161,16.5978],[78.1016,16.598],[78.092,16.603],[78.0768,16.6088],[78.0689,16.6179],[78.0691,16.6245],[78.056,16.6231],[78.0388,16.6255],[78.031,16.6217],[78.0255,16.6162],[78.0121,16.6169],[78.0013,16.6076],[78.0004,16.5944],[77.989,16.5922],[77.9968,16.5827],[78.0041,16.5681],[77.9978,16.5577],[77.9987,16.5531],[78.0139,16.5452],[78.0201,16.5331],[78.0187,16.5284],[78.0072,16.5322],[77.9973,16.5303],[77.9933,16.5195],[77.9849,16.5138],[77.985,16.5051],[77.9795,16.5018],[77.9682,16.5039],[77.9674,16.5005],[77.9413,16.5004],[77.9357,16.4941],[77.931,16.482],[77.9311,16.4745],[77.9206,16.4635],[77.9241,16.4534],[77.9164,16.4424],[77.9025,16.4446],[77.9005,16.4497],[77.8784,16.449],[77.8638,16.4466],[77.8633,16.4375],[77.8679,16.4263],[77.8537,16.4189],[77.847,16.4186],[77.8235,16.4073],[77.8188,16.4165],[77.7923,16.4163],[77.7935,16.4219],[77.7641,16.4226],[77.7543,16.4213],[77.7586,16.4099],[77.7619,16.3945],[77.7511,16.389],[77.7488,16.3911],[77.751,16.4036]]]},"properties":{"district":"Mahbubnagar","st_nm":"Telangana"},"id":146},{"type":"Feature","geometry":{"type":"Polygon","coordinates":[[[79.931,19.1556],[79.9175,19.1468],[79.8742,19.1243],[79.864,19.1154],[79.8593,19.1081],[79.8584,19.0959],[79.863,19.0802],[79.8636,19.0665],[79.8666,19.0516],[79.8698,19.0423],[79.8744,19.0392],[79.9017,19.0409],[79.9076,19.0448],[79.9206,19.0497],[79.9328,19.0474],[79.9383,19.0406],[79.9423,19.0125],[79.9416,18.9921],[79.9506,18.9616],[79.9548,18.9523],[79.9578,18.9363],[79.9574,18.9228],[79.954,18.91],[79.9537,18.9027],[79.9587,18.8886],[79.9616,18.8667],[79.9585,18.8594],[79.9425,18.8466],[79.9283,18.8409],[79.9191,18.8338],[79.914,18.8261],[79.9012,18.8301],[79.8882,18.8264],[79.879,18.8282],[79.8689,18.8338],[79.8617,18.8457],[79.8588,18.8566],[79.8488,18.8694],[79.8408,18.872],[79.8331,18.8673],[79.828,18.8604],[79.8255,18.8529],[79.826,18.8246],[79.8352,18.8114],[79.8466,18.7993],[79.8455,18.7882],[79.8409,18.78],[79.8289,18.7711],[79.8188,18.7596],[79.8165,18.7512],[79.8203,18.7423],[79.8253,18.7371],[79.8244,18.7242],[79.8145,18.7179],[79.8072,18.7049],[79.7985,18.697],[79.7919,18.695],[79.7866,18.6985],[79.7683,18.6961],[79.7586,18.6863],[79.747,18.6822],[79.7331,18.6823],[79.7158,18.6854],[79.71,18.6843],[79.7005,18.678],[79.6983,18.6729],[79.6875,18.6705],[79.6775,18.6742],[79.6718,18.6826],[79.663,18.6908],[79.6571,18.7012],[79.651,18.7159],[79.6457,18.7166],[79.6367,18.7239],[79.6334,18.7293],[79.6245,18.7322],[79.6171,18.7393],[79.6126,18.7388],[79.6034,18.7463],[79.5948,18.7492],[79.5774,18.7599],[79.561,18.7713],[79.544,18.7784],[79.5372,18.7836],[79.5284,18.7866],[79.5118,18.7847],[79.4981,18.7923],[79.4953,18.7985],[79.4806,18.8175],[79.4649,18.825],[79.44,18.8442],[79.4277,18.8508],[79.4077,18.856],[79.395,18.8571],[79.3811,18.8549],[79.3737,18.8513],[79.3592,18.8259],[79.353,18.8197],[79.335,18.8148],[79.3075,18.8152],[79.3016,18.8166],[79.2838,18.8219],[79.2689,18.8297],[79.2585,18.8408],[79.249,18.853],[79.2343,18.8605],[79.2204,18.8632],[79.203,18.8644],[79.1821,18.8685],[79.1735,18.8808],[79.1608,18.8936],[79.1495,18.9068],[79.1305,18.9216],[79.1183,18.9357],[79.1068,18.9468],[79.1031,18.9577],[79.1042,18.968],[79.0922,18.9891],[79.0896,19.0007],[79.0908,19.0092],[79.0812,19.032],[79.0753,19.0408],[79.0639,19.0509],[79.0493,19.0587],[79.0371,19.0628],[79.0219,19.0756],[79.0107,19.0723],[79.0005,19.0744],[78.9881,19.0719],[78.9746,19.0762],[78.9634,19.0777],[78.9532,19.0771],[78.9475,19.0727],[78.9409,19.0801],[78.9418,19.0939],[78.9385,19.1002],[78.9408,19.1091],[78.9307,19.1185],[78.9238,19.1139],[78.9139,19.1165],[78.9211,19.1064],[78.9121,19.1042],[78.9029,19.0938],[78.8892,19.1035],[78.8803,19.1133],[78.8826,19.1219],[78.888,19.1305],[78.8857,19.1438],[78.8823,19.1534],[78.8776,19.1602],[78.9026,19.1778],[78.9129,19.1823],[78.9181,19.1881],[78.9179,19.2014],[78.9353,19.2164],[78.936,19.2283],[78.9476,19.2414],[78.9532,19.2497],[78.9667,19.2441],[78.968,19.2339],[78.9788,19.23],[78.9837,19.2346],[78.9909,19.2359],[78.9981,19.2311],[78.9986,19.2204],[79.0143,19.2141],[79.0578,19.2086],[79.07,19.1873],[79.0836,19.1791],[79.0928,19.1787],[79.1046,19.1696],[79.1067,19.1621],[79.1155,19.1505],[79.1205,19.1481],[79.1245,19.1369],[79.1365,19.1284],[79.1352,19.1114],[79.1411,19.1114],[79.1408,19.1041],[79.1528,19.0911],[79.1903,19.084],[79.198,19.0792],[79.1987,19.0719],[79.2031,19.0667],[79.2153,19.0593],[79.2237,19.0493],[79.2234,19.0407],[79.2261,19.0332],[79.2356,19.0326],[79.2443,19.0299],[79.2534,19.0302],[79.2672,19.0337],[79.2624,19.0419],[79.2644,19.0487],[79.2737,19.06],[79.2738,19.0818],[79.2769,19.1167],[79.2833,19.1107],[79.3039,19.0952],[79.316,19.0924],[79.3171,19.1259],[79.3262,19.144],[79.323,19.1555],[79.3174,19.1612],[79.3205,19.1648],[79.3347,19.1689],[79.3434,19.1773],[79.3442,19.1821],[79.351,19.1924],[79.3507,19.2112],[79.3394,19.211],[79.3403,19.2212],[79.3487,19.219],[79.3694,19.207],[79.3873,19.2063],[79.4079,19.2011],[79.4196,19.1961],[79.4228,19.192],[79.438,19.1797],[79.4623,19.1716],[79.4659,19.1772],[79.4723,19.1745],[79.478,19.1835],[79.4705,19.1876],[79.4794,19.1945],[79.4807,19.2014],[79.504,19.2032],[79.5067,19.2073],[79.5248,19.2031],[79.5304,19.204],[79.536,19.2004],[79.5399,19.2032],[79.5478,19.2023],[79.5489,19.2131],[79.5438,19.2209],[79.5346,19.2256],[79.5303,19.2348],[79.532,19.2493],[79.5241,19.2513],[79.525,19.2569],[79.5169,19.2641],[79.5059,19.265],[79.5041,19.2718],[79.5083,19.276],[79.5105,19.29],[79.5161,19.2878],[79.5273,19.2887],[79.5327,19.2851],[79.5428,19.2855],[79.5526,19.2896],[79.5647,19.2809],[79.5555,19.2692],[79.5497,19.2641],[79.5605,19.2585],[79.5691,19.2646],[79.5792,19.2686],[79.5891,19.2675],[79.5991,19.2738],[79.6095,19.2729],[79.6143,19.2765],[79.6184,19.2717],[79.6226,19.2558],[79.631,19.2559],[79.6379,19.2607],[79.6462,19.259],[79.6619,19.259],[79.6595,19.2495],[79.6542,19.2484],[79.6548,19.2407],[79.6596,19.2328],[79.6611,19.2208],[79.6675,19.219],[79.6792,19.2256],[79.6799,19.2162],[79.6763,19.2077],[79.6761,19.199],[79.6813,19.1977],[79.6895,19.2011],[79.6991,19.2001],[79.6999,19.2062],[79.7097,19.2075],[79.7189,19.2034],[79.7295,19.1888],[79.7362,19.1858],[79.7438,19.1857],[79.7516,19.1822],[79.7593,19.1825],[79.7608,19.1898],[79.7725,19.19],[79.7873,19.184],[79.7873,19.1764],[79.7818,19.169],[79.7838,19.1616],[79.7992,19.1516],[79.8148,19.1513],[79.8203,19.1572],[79.8335,19.1584],[79.8387,19.1687],[79.8509,19.1683],[79.8522,19.1729],[79.8743,19.1733],[79.8845,19.1643],[79.8949,19.1624],[79.9035,19.1636],[79.9095,19.1613],[79.9246,19.1649],[79.931,19.1556]]]},"properties":{"district":"Mancherial","st_nm":"Telangana"},"id":147},{"type":"Feature","geometry":{"type":"Polygon","coordinates":[[[78.5688,18.1849],[78.5739,18.1813],[78.5813,18.1714],[78.581,18.1632],[78.5667,18.1621],[78.5694,18.1573],[78.5533,18.1435],[78.5506,18.1232],[78.5456,18.1183],[78.5478,18.1121],[78.5583,18.1094],[78.5737,18.1099],[78.5796,18.1049],[78.5754,18.0924],[78.5721,18.0905],[78.569,18.078],[78.5721,18.0699],[78.5698,18.0661],[78.5863,18.0641],[78.5896,18.0554],[78.5839,18.0493],[78.5786,18.0338],[78.5603,18.0452],[78.5551,18.0208],[78.5523,18.004],[78.5489,17.998],[78.5367,17.9875],[78.5423,17.9796],[78.5421,17.973],[78.5359,17.9695],[78.536,17.9642],[78.5318,17.95],[78.5417,17.9412],[78.5382,17.9326],[78.5311,17.9297],[78.5302,17.9238],[78.536,17.923],[78.5416,17.9177],[78.5434,17.9109],[78.5352,17.9073],[78.5349,17.9029],[78.5248,17.8967],[78.5341,17.8919],[78.5374,17.8876],[78.5436,17.8893],[78.5493,17.8829],[78.561,17.877],[78.561,17.8703],[78.5392,17.8604],[78.5428,17.8461],[78.5404,17.837],[78.5311,17.8339],[78.5292,17.8194],[78.5266,17.8125],[78.5202,17.8068],[78.5203,17.8],[78.5151,17.7857],[78.5108,17.7553],[78.513,17.752],[78.5253,17.7517],[78.5256,17.7438],[78.5219,17.7391],[78.5255,17.7286],[78.5118,17.7246],[78.5062,17.7193],[78.5072,17.7143],[78.5042,17.7037],[78.503,17.6905],[78.4992,17.6857],[78.4937,17.6882],[78.4943,17.6949],[78.4796,17.694],[78.4722,17.6913],[78.4598,17.6978],[78.458,17.7052],[78.4486,17.7079],[78.4404,17.7267],[78.4327,17.7296],[78.4164,17.7328],[78.4064,17.7218],[78.4032,17.712],[78.3963,17.6992],[78.3851,17.7],[78.3743,17.7065],[78.3725,17.7116],[78.3724,17.7264],[78.361,17.7315],[78.3601,17.7398],[78.3518,17.7437],[78.3391,17.7413],[78.3209,17.7436],[78.3129,17.7392],[78.3181,17.7228],[78.3198,17.7111],[78.3245,17.6966],[78.3198,17.6801],[78.311,17.6771],[78.2974,17.6805],[78.2902,17.6774],[78.2851,17.6857],[78.2594,17.6903],[78.2318,17.6914],[78.23,17.6985],[78.238,17.7054],[78.2264,17.715],[78.2369,17.7283],[78.235,17.7353],[78.2181,17.732],[78.2153,17.7415],[78.2015,17.7358],[78.1992,17.7461],[78.2043,17.755],[78.2039,17.7651],[78.1961,17.7637],[78.1957,17.7741],[78.1994,17.7811],[78.2039,17.8027],[78.1961,17.8052],[78.1932,17.7978],[78.1771,17.7892],[78.1682,17.7886],[78.1633,17.7977],[78.1664,17.8139],[78.1807,17.8213],[78.1877,17.8306],[78.1755,17.8282],[78.175,17.8233],[78.1607,17.8153],[78.1493,17.8059],[78.151,17.8324],[78.1485,17.8362],[78.1389,17.8313],[78.1356,17.8176],[78.1305,17.8107],[78.114,17.8027],[78.1095,17.8091],[78.1,17.8135],[78.0975,17.825],[78.0938,17.8326],[78.0968,17.8446],[78.0947,17.86],[78.0905,17.8639],[78.0748,17.8674],[78.0726,17.8771],[78.0752,17.8829],[78.0759,17.8974],[78.079,17.9058],[78.0719,17.9196],[78.0636,17.9246],[78.0598,17.917],[78.0479,17.9157],[78.0474,17.8927],[78.04,17.887],[78.0344,17.8785],[78.0173,17.8892],[77.9987,17.8875],[77.9964,17.8842],[77.9723,17.8822],[77.9742,17.8905],[77.9552,17.8868],[77.9491,17.8893],[77.9363,17.8897],[77.9315,17.9003],[77.9391,17.9013],[77.9414,17.9087],[77.9379,17.9199],[77.9289,17.9319],[77.9221,17.9251],[77.9147,17.9242],[77.9015,17.9284],[77.8999,17.9329],[77.8812,17.9344],[77.8829,17.9444],[77.8796,17.9479],[77.8712,17.9475],[77.8602,17.9347],[77.8565,17.9199],[77.8444,17.9004],[77.8319,17.9],[77.8223,17.903],[77.824,17.9102],[77.8192,17.9284],[77.8104,17.9234],[77.7948,17.9245],[77.7958,17.9358],[77.8009,17.9404],[77.8018,17.9492],[77.8091,17.959],[77.8212,17.9574],[77.8228,17.9817],[77.8272,17.9889],[77.8335,17.9909],[77.8372,17.9979],[77.8444,18.0044],[77.8531,18.016],[77.8648,18.0216],[77.8639,18.028],[77.8579,18.0423],[77.8527,18.0509],[77.8514,18.073],[77.8809,18.0738],[77.8883,18.0706],[77.8957,18.0913],[77.9028,18.0973],[77.9114,18.1],[77.9259,18.0975],[77.9306,18.099],[77.9397,18.1117],[77.9738,18.1149],[77.9874,18.1114],[77.9951,18.107],[78.0019,18.0873],[78.0091,18.0844],[78.0122,18.0902],[78.0195,18.082],[78.0312,18.0812],[78.0287,18.0738],[78.0326,18.0682],[78.0429,18.0692],[78.0405,18.0752],[78.0468,18.0792],[78.0536,18.079],[78.0676,18.0702],[78.0689,18.0622],[78.0789,18.0688],[78.0916,18.0678],[78.0989,18.074],[78.1012,18.0905],[78.1089,18.0933],[78.1156,18.0874],[78.1162,18.0733],[78.1251,18.07],[78.1333,18.0715],[78.1451,18.0696],[78.1515,18.0829],[78.1587,18.0859],[78.1796,18.0975],[78.1769,18.1183],[78.1804,18.1241],[78.1799,18.1348],[78.1754,18.1453],[78.1693,18.153],[78.1707,18.1562],[78.1689,18.1673],[78.1739,18.1843],[78.1787,18.1951],[78.1806,18.2046],[78.1933,18.2062],[78.2065,18.2175],[78.2153,18.2123],[78.22,18.1963],[78.2218,18.1826],[78.2164,18.1755],[78.2275,18.1753],[78.2295,18.1706],[78.2415,18.1588],[78.2487,18.1554],[78.257,18.1396],[78.2778,18.1431],[78.2902,18.1586],[78.2977,18.1619],[78.3138,18.179],[78.3127,18.2024],[78.3325,18.1962],[78.3358,18.1919],[78.3379,18.1801],[78.3578,18.1718],[78.3654,18.1548],[78.3632,18.1468],[78.3744,18.1446],[78.3751,18.1351],[78.3831,18.1245],[78.3882,18.1282],[78.4001,18.131],[78.4119,18.1307],[78.4183,18.1371],[78.422,18.144],[78.4226,18.1519],[78.4331,18.1629],[78.441,18.156],[78.4463,18.1406],[78.4416,18.1301],[78.4582,18.1206],[78.4722,18.1276],[78.4799,18.1261],[78.4916,18.1357],[78.4833,18.1417],[78.4838,18.1483],[78.4915,18.1556],[78.4982,18.1663],[78.5015,18.1745],[78.5121,18.1704],[78.5197,18.1721],[78.5219,18.1824],[78.5359,18.1866],[78.5445,18.1798],[78.5571,18.1766],[78.566,18.176],[78.5688,18.1849]]]},"properties":{"district":"Medak","st_nm":"Telangana"},"id":148},{"type":"Feature","geometry":{"type":"Polygon","coordinates":[[[78.4992,17.6857],[78.5088,17.6837],[78.5137,17.6949],[78.5359,17.6964],[78.564,17.6837],[78.5731,17.6847],[78.5748,17.6952],[78.5819,17.6971],[78.5927,17.6968],[78.6001,17.693],[78.6,17.6887],[78.6144,17.6793],[78.6169,17.6722],[78.6236,17.6722],[78.6341,17.669],[78.6502,17.6764],[78.659,17.6972],[78.6664,17.6954],[78.6695,17.6982],[78.6858,17.6932],[78.6853,17.6883],[78.7037,17.6866],[78.7084,17.6842],[78.718,17.6694],[78.7238,17.6681],[78.7183,17.6571],[78.7113,17.6521],[78.7112,17.64],[78.6964,17.6374],[78.701,17.6316],[78.6853,17.6218],[78.6917,17.6193],[78.6994,17.6116],[78.6998,17.6077],[78.6908,17.6012],[78.6866,17.595],[78.6931,17.5922],[78.6913,17.5845],[78.6765,17.5759],[78.688,17.5654],[78.6891,17.5623],[78.7056,17.5576],[78.695,17.5513],[78.7006,17.5352],[78.7124,17.5207],[78.7123,17.5129],[78.7089,17.5029],[78.7074,17.488],[78.7092,17.4763],[78.7169,17.4683],[78.7246,17.4709],[78.7495,17.4704],[78.7607,17.4603],[78.752,17.4438],[78.7514,17.4359],[78.7589,17.4303],[78.756,17.4175],[78.7548,17.4047],[78.7409,17.3998],[78.7376,17.3924],[78.7376,17.3861],[78.7286,17.3854],[78.7199,17.3995],[78.7142,17.4009],[78.706,17.3951],[78.6986,17.3952],[78.6922,17.4038],[78.6825,17.404],[78.6763,17.3999],[78.6736,17.3924],[78.6742,17.3858],[78.6697,17.3809],[78.6607,17.3783],[78.6477,17.3855],[78.6353,17.3832],[78.6134,17.3871],[78.5916,17.3875],[78.5803,17.3897],[78.5785,17.384],[78.5717,17.3826],[78.5743,17.3703],[78.5816,17.3637],[78.5714,17.3609],[78.5569,17.3612],[78.5527,17.3708],[78.5408,17.3714],[78.5326,17.3692],[78.5279,17.3741],[78.5268,17.3812],[78.5278,17.4013],[78.5348,17.404],[78.5334,17.4112],[78.527,17.4128],[78.5303,17.4253],[78.5369,17.4221],[78.5435,17.4269],[78.549,17.4376],[78.5439,17.4432],[78.5295,17.4372],[78.5178,17.4407],[78.5206,17.4579],[78.5202,17.4684],[78.5229,17.4759],[78.5183,17.4826],[78.505,17.4802],[78.5003,17.483],[78.4939,17.459],[78.4855,17.4563],[78.4765,17.4623],[78.4765,17.4706],[78.4827,17.4768],[78.4801,17.4827],[78.4647,17.4742],[78.4629,17.4675],[78.4637,17.4491],[78.454,17.4446],[78.4476,17.4507],[78.4321,17.4511],[78.4249,17.4437],[78.4145,17.4459],[78.4089,17.4415],[78.4028,17.4483],[78.3948,17.4482],[78.3938,17.4583],[78.3868,17.4638],[78.382,17.4718],[78.3734,17.478],[78.3741,17.4924],[78.38,17.5013],[78.3822,17.5088],[78.375,17.5113],[78.3718,17.5188],[78.3555,17.5199],[78.3477,17.5225],[78.3514,17.5286],[78.3486,17.5352],[78.3556,17.5407],[78.3615,17.5497],[78.3579,17.5623],[78.363,17.5681],[78.3709,17.5676],[78.3768,17.5625],[78.381,17.5706],[78.3822,17.5881],[78.389,17.5943],[78.3869,17.6067],[78.3745,17.613],[78.3873,17.6208],[78.3921,17.6257],[78.387,17.6378],[78.3812,17.6424],[78.388,17.6605],[78.3953,17.6759],[78.4084,17.6704],[78.4207,17.6714],[78.4275,17.6796],[78.4306,17.6865],[78.4371,17.6934],[78.4434,17.6958],[78.4486,17.7079],[78.458,17.7052],[78.4598,17.6978],[78.4722,17.6913],[78.4796,17.694],[78.4943,17.6949],[78.4937,17.6882],[78.4992,17.6857]]]},"properties":{"district":"Medchal-Malkajgiri","st_nm":"Telangana"},"id":149},{"type":"Feature","geometry":{"type":"Polygon","coordinates":[[[78.7573,16.7476],[78.7596,16.7307],[78.7548,16.7054],[78.7409,16.7067],[78.7343,16.6974],[78.7256,16.6884],[78.7101,16.6783],[78.7073,16.6661],[78.7135,16.6505],[78.7078,16.6494],[78.6934,16.6514],[78.6674,16.6518],[78.6776,16.6357],[78.6799,16.6241],[78.6918,16.6226],[78.6985,16.6189],[78.6981,16.6128],[78.7042,16.6052],[78.7071,16.5951],[78.7163,16.582],[78.7014,16.5646],[78.6907,16.5611],[78.6841,16.5546],[78.6795,16.5549],[78.6676,16.5509],[78.6619,16.5462],[78.6638,16.5412],[78.6755,16.5331],[78.6839,16.5374],[78.6952,16.5362],[78.7182,16.5398],[78.7325,16.5373],[78.7564,16.535],[78.7747,16.5301],[78.7877,16.516],[78.8007,16.514],[78.8092,16.5185],[78.8123,16.5238],[78.836,16.5437],[78.8557,16.5509],[78.8656,16.5443],[78.8777,16.5449],[78.8965,16.5497],[78.9094,16.5515],[78.9122,16.5399],[78.9183,16.5345],[78.9218,16.5245],[78.9393,16.5104],[78.9569,16.5031],[78.9676,16.4975],[78.9882,16.4923],[79.0052,16.4803],[79.022,16.4722],[79.0308,16.4646],[79.0444,16.4598],[79.0623,16.4453],[79.0741,16.4414],[79.0838,16.4282],[79.0916,16.4216],[79.109,16.4211],[79.1166,16.4111],[79.1225,16.4063],[79.1362,16.4034],[79.1448,16.3983],[79.1531,16.3978],[79.1541,16.3817],[79.1623,16.3798],[79.1726,16.3677],[79.1811,16.3674],[79.1903,16.3602],[79.1952,16.3592],[79.2022,16.3628],[79.2106,16.3562],[79.2144,16.3494],[79.2338,16.3358],[79.2341,16.3246],[79.2312,16.3151],[79.2305,16.2831],[79.2257,16.2736],[79.2234,16.2467],[79.2208,16.2344],[79.2154,16.2262],[79.2063,16.2209],[79.1699,16.2099],[79.157,16.2093],[79.1442,16.2152],[79.1238,16.2311],[79.1143,16.231],[79.1034,16.2234],[79.0952,16.224],[79.082,16.2302],[79.0721,16.2271],[79.0563,16.2363],[79.0292,16.2418],[79.0091,16.24],[78.9866,16.2112],[78.9727,16.2112],[78.9603,16.2091],[78.949,16.2036],[78.9376,16.2012],[78.9111,16.1885],[78.9049,16.1829],[78.9047,16.1746],[78.9106,16.1641],[78.9165,16.1462],[78.923,16.1393],[78.9244,16.1309],[78.9216,16.1216],[78.9222,16.1059],[78.918,16.1001],[78.9061,16.0949],[78.8964,16.0861],[78.8895,16.0847],[78.8862,16.1012],[78.8794,16.1176],[78.8765,16.1356],[78.8693,16.1457],[78.8547,16.1488],[78.8347,16.1452],[78.8335,16.1347],[78.838,16.1188],[78.8415,16.1018],[78.8417,16.0826],[78.8371,16.0704],[78.8282,16.0613],[78.8238,16.0537],[78.8162,16.0456],[78.8004,16.0369],[78.7964,16.0289],[78.7855,16.0212],[78.7662,16.0165],[78.751,16.0158],[78.7409,16.0087],[78.7355,16.0082],[78.7236,16.0201],[78.7054,16.0265],[78.6994,16.0272],[78.6812,16.0348],[78.6727,16.0459],[78.6682,16.0545],[78.6554,16.0684],[78.6505,16.072],[78.6503,16.0788],[78.6381,16.0845],[78.6273,16.0877],[78.61,16.0872],[78.6029,16.0847],[78.5963,16.078],[78.5924,16.0691],[78.5703,16.0524],[78.5518,16.0428],[78.5421,16.0442],[78.5215,16.0542],[78.4987,16.06],[78.4791,16.0674],[78.4659,16.0692],[78.459,16.0718],[78.4411,16.0745],[78.4358,16.0716],[78.4079,16.0748],[78.4028,16.073],[78.3967,16.0658],[78.3851,16.065],[78.3738,16.0534],[78.3655,16.0468],[78.3478,16.0475],[78.3383,16.0437],[78.3266,16.0368],[78.3224,16.03],[78.322,16.0171],[78.3163,16.013],[78.3069,16.0107],[78.2962,16.0128],[78.2813,16.0228],[78.2701,16.0268],[78.2625,16.0267],[78.2575,16.0214],[78.2565,16.0086],[78.2352,16.0093],[78.2315,16.0073],[78.2132,16.0106],[78.2182,16.027],[78.213,16.033],[78.2081,16.0339],[78.1972,16.0441],[78.2038,16.0495],[78.2024,16.0543],[78.1928,16.0611],[78.1869,16.0597],[78.1798,16.0627],[78.1761,16.0678],[78.1801,16.0756],[78.1777,16.0822],[78.1927,16.0803],[78.1965,16.0894],[78.2021,16.088],[78.2114,16.0904],[78.2158,16.095],[78.213,16.1008],[78.2061,16.107],[78.2111,16.1265],[78.2208,16.1514],[78.2251,16.1597],[78.2272,16.1746],[78.2129,16.1785],[78.2109,16.183],[78.2112,16.2008],[78.1967,16.2086],[78.2009,16.2144],[78.1999,16.2219],[78.1925,16.2278],[78.2001,16.2356],[78.2004,16.2519],[78.1979,16.2605],[78.1816,16.263],[78.1646,16.2671],[78.1619,16.2796],[78.162,16.2922],[78.164,16.2992],[78.1698,16.3089],[78.1799,16.3114],[78.1889,16.3168],[78.1898,16.3219],[78.2095,16.3185],[78.2179,16.3198],[78.2214,16.3036],[78.2345,16.2972],[78.2449,16.2953],[78.2487,16.2909],[78.2564,16.2895],[78.2553,16.2974],[78.2597,16.3028],[78.2591,16.3131],[78.2637,16.3328],[78.2928,16.326],[78.2914,16.3327],[78.298,16.3351],[78.2997,16.344],[78.3033,16.35],[78.3086,16.3484],[78.3151,16.3702],[78.3144,16.3813],[78.3097,16.3884],[78.2966,16.3927],[78.2888,16.4],[78.2741,16.3995],[78.2648,16.4007],[78.2582,16.4079],[78.2468,16.4155],[78.2332,16.4184],[78.2222,16.4124],[78.2014,16.4092],[78.2018,16.4158],[78.1986,16.4333],[78.2008,16.4472],[78.193,16.4503],[78.1776,16.4495],[78.1474,16.4564],[78.1301,16.4664],[78.1313,16.4697],[78.0999,16.4872],[78.1037,16.4953],[78.1042,16.5054],[78.1086,16.5294],[78.1123,16.5408],[78.1226,16.5522],[78.1231,16.5628],[78.1197,16.5632],[78.1162,16.573],[78.1252,16.5915],[78.1257,16.6],[78.129,16.6116],[78.1309,16.6269],[78.1409,16.6351],[78.1503,16.6459],[78.1501,16.6491],[78.1401,16.6608],[78.1395,16.6677],[78.1446,16.6879],[78.1532,16.6992],[78.1581,16.71],[78.1575,16.714],[78.163,16.7289],[78.1832,16.7309],[78.1814,16.7105],[78.1825,16.7037],[78.1882,16.7044],[78.1983,16.701],[78.2116,16.7107],[78.2135,16.7224],[78.2238,16.741],[78.2379,16.7403],[78.2595,16.7217],[78.2672,16.7096],[78.2794,16.707],[78.2955,16.6968],[78.2983,16.6901],[78.3079,16.6887],[78.3184,16.6827],[78.3371,16.6849],[78.3498,16.6822],[78.356,16.6968],[78.3504,16.7084],[78.3619,16.7267],[78.3669,16.7443],[78.3714,16.7528],[78.3557,16.7688],[78.3464,16.7729],[78.3486,16.7857],[78.3479,16.7908],[78.3551,16.7965],[78.3736,16.7908],[78.3806,16.7863],[78.3891,16.7839],[78.3981,16.7989],[78.4132,16.798],[78.4269,16.7882],[78.4344,16.7783],[78.4545,16.7784],[78.4649,16.7739],[78.4716,16.7776],[78.4735,16.7883],[78.473,16.7973],[78.477,16.8136],[78.4827,16.821],[78.4987,16.8217],[78.5192,16.8208],[78.5252,16.8162],[78.5361,16.8212],[78.5505,16.8182],[78.5604,16.8181],[78.5667,16.8147],[78.5706,16.8061],[78.5804,16.8036],[78.5908,16.7961],[78.5992,16.7946],[78.6159,16.7942],[78.616,16.7839],[78.6236,16.7818],[78.632,16.7765],[78.6492,16.7886],[78.6524,16.7928],[78.6664,16.8025],[78.6678,16.8073],[78.6654,16.825],[78.6667,16.8324],[78.6762,16.8241],[78.6826,16.8115],[78.6831,16.7888],[78.6641,16.7808],[78.6506,16.7725],[78.6527,16.767],[78.6593,16.767],[78.6646,16.7604],[78.6824,16.768],[78.6962,16.7655],[78.6961,16.7543],[78.7024,16.7578],[78.7171,16.7515],[78.726,16.7526],[78.7288,16.7572],[78.7385,16.7574],[78.7545,16.7514],[78.7573,16.7476]]]},"properties":{"district":"Nagarkurnool","st_nm":"Telangana"},"id":150},{"type":"Feature","geometry":{"type":"Polygon","coordinates":[[[79.4537,17.345],[79.4636,17.3399],[79.4748,17.3309],[79.4843,17.3128],[79.4865,17.2945],[79.4972,17.2624],[79.4931,17.2572],[79.4957,17.2507],[79.494,17.2334],[79.5023,17.2311],[79.5198,17.2333],[79.5243,17.213],[79.5254,17.1862],[79.5321,17.1735],[79.5395,17.1633],[79.5516,17.1533],[79.562,17.1414],[79.5657,17.1285],[79.5735,17.113],[79.5821,17.1024],[79.5918,17.0843],[79.5939,17.0741],[79.5925,17.0614],[79.5995,17.0498],[79.601,17.0416],[79.5983,17.0313],[79.6033,17.0136],[79.6055,16.9997],[79.6145,16.9874],[79.6166,16.9699],[79.6147,16.9616],[79.6144,16.9373],[79.6191,16.9178],[79.6265,16.907],[79.6338,16.9013],[79.6418,16.8877],[79.6448,16.8766],[79.645,16.8685],[79.6483,16.8631],[79.6631,16.8503],[79.6671,16.8442],[79.6683,16.8287],[79.6659,16.8147],[79.6665,16.8031],[79.6735,16.7797],[79.6735,16.7561],[79.6705,16.7508],[79.668,16.7353],[79.6745,16.7241],[79.6887,16.7226],[79.6998,16.7185],[79.6792,16.6934],[79.6622,16.6867],[79.6483,16.6701],[79.635,16.6611],[79.6215,16.6632],[79.604,16.6724],[79.5989,16.6733],[79.5922,16.6699],[79.5847,16.6594],[79.5756,16.6498],[79.56,16.6426],[79.5421,16.6323],[79.5331,16.6306],[79.5234,16.6315],[79.5104,16.6358],[79.5039,16.636],[79.494,16.6331],[79.4862,16.6249],[79.4789,16.6224],[79.4596,16.6237],[79.4472,16.6197],[79.4403,16.6149],[79.4369,16.6068],[79.4331,16.5908],[79.4187,16.5803],[79.3968,16.5798],[79.3779,16.5828],[79.3561,16.5794],[79.3452,16.5822],[79.3372,16.5821],[79.3265,16.5765],[79.3083,16.5742],[79.2955,16.563],[79.2875,16.5609],[79.2774,16.5615],[79.2617,16.567],[79.2569,16.5659],[79.2522,16.5593],[79.2511,16.5501],[79.2448,16.5318],[79.2273,16.5238],[79.2192,16.5104],[79.2145,16.4847],[79.2171,16.4776],[79.2332,16.4598],[79.2318,16.4576],[79.2183,16.454],[79.2116,16.4474],[79.2098,16.425],[79.2081,16.3802],[79.2124,16.3737],[79.2106,16.3562],[79.2022,16.3628],[79.1952,16.3592],[79.1903,16.3602],[79.1811,16.3674],[79.1726,16.3677],[79.1623,16.3798],[79.1541,16.3817],[79.1531,16.3978],[79.1448,16.3983],[79.1362,16.4034],[79.1225,16.4063],[79.1166,16.4111],[79.109,16.4211],[79.0916,16.4216],[79.0838,16.4282],[79.0741,16.4414],[79.0623,16.4453],[79.0444,16.4598],[79.0308,16.4646],[79.022,16.4722],[79.0052,16.4803],[78.9882,16.4923],[78.9676,16.4975],[78.9569,16.5031],[78.9393,16.5104],[78.9218,16.5245],[78.9183,16.5345],[78.9122,16.5399],[78.9094,16.5515],[78.8965,16.5497],[78.8777,16.5449],[78.8656,16.5443],[78.8557,16.5509],[78.836,16.5437],[78.8123,16.5238],[78.8092,16.5185],[78.8007,16.514],[78.7877,16.516],[78.7747,16.5301],[78.7564,16.535],[78.7325,16.5373],[78.7182,16.5398],[78.6952,16.5362],[78.6839,16.5374],[78.6755,16.5331],[78.6638,16.5412],[78.6619,16.5462],[78.6676,16.5509],[78.6795,16.5549],[78.6841,16.5546],[78.6907,16.5611],[78.7014,16.5646],[78.7163,16.582],[78.7071,16.5951],[78.7042,16.6052],[78.6981,16.6128],[78.6985,16.6189],[78.6918,16.6226],[78.6799,16.6241],[78.6776,16.6357],[78.6674,16.6518],[78.6934,16.6514],[78.7078,16.6494],[78.7135,16.6505],[78.7073,16.6661],[78.7101,16.6783],[78.7256,16.6884],[78.7343,16.6974],[78.7409,16.7067],[78.7548,16.7054],[78.7596,16.7307],[78.7573,16.7476],[78.7616,16.7487],[78.7808,16.7461],[78.7893,16.7612],[78.7952,16.7854],[78.7918,16.8021],[78.7978,16.8075],[78.8021,16.8262],[78.7876,16.8317],[78.7896,16.8393],[78.7757,16.8438],[78.7813,16.8598],[78.7809,16.8683],[78.7736,16.8769],[78.7679,16.8767],[78.7601,16.871],[78.7521,16.8624],[78.7498,16.8546],[78.7309,16.8638],[78.7267,16.8697],[78.7283,16.8747],[78.7278,16.8893],[78.7299,16.8972],[78.7355,16.902],[78.7453,16.9149],[78.7296,16.923],[78.7135,16.9286],[78.7072,16.9341],[78.6959,16.9356],[78.697,16.9421],[78.7019,16.9451],[78.704,16.9538],[78.7021,16.9646],[78.7116,16.9688],[78.7187,16.9686],[78.7325,16.9732],[78.7564,16.9695],[78.7532,16.9745],[78.7539,16.9844],[78.7625,16.9819],[78.7741,16.9822],[78.7891,16.9762],[78.7926,16.9913],[78.799,16.9997],[78.8153,17.0003],[78.8227,17.0057],[78.8251,17.0193],[78.8098,17.0235],[78.7964,17.0256],[78.7766,17.0315],[78.7829,17.0406],[78.7926,17.0418],[78.7971,17.0357],[78.823,17.0306],[78.8356,17.0375],[78.8375,17.0411],[78.8359,17.0543],[78.8442,17.0685],[78.8417,17.074],[78.8601,17.0674],[78.8795,17.0575],[78.8803,17.0471],[78.892,17.0436],[78.8947,17.0497],[78.8945,17.0599],[78.9005,17.0651],[78.9031,17.0723],[78.9021,17.0789],[78.9114,17.0901],[78.9149,17.0907],[78.9283,17.0813],[78.9325,17.0962],[78.9384,17.1066],[78.9483,17.1102],[78.9522,17.1227],[78.9473,17.1261],[78.9538,17.1334],[78.9694,17.1276],[78.9753,17.1321],[78.9927,17.1554],[78.9892,17.1601],[78.9779,17.1685],[78.9794,17.1738],[78.9706,17.1794],[78.9723,17.1838],[78.9606,17.1908],[78.9629,17.1954],[78.9572,17.1989],[78.9737,17.2148],[78.9715,17.2163],[78.9746,17.2325],[78.9794,17.2454],[78.9865,17.2507],[78.9829,17.2547],[78.9806,17.2642],[78.9822,17.2793],[78.9978,17.2784],[78.9977,17.2716],[79.0082,17.2731],[79.0363,17.2688],[79.0419,17.2666],[79.0553,17.2571],[79.0619,17.2579],[79.0734,17.2538],[79.0823,17.2525],[79.0888,17.2471],[79.1034,17.2427],[79.1083,17.2548],[79.1105,17.2656],[79.117,17.2777],[79.1313,17.2774],[79.1451,17.2826],[79.1543,17.2777],[79.1497,17.2715],[79.1633,17.2565],[79.1703,17.2547],[79.1818,17.2594],[79.1842,17.2733],[79.205,17.2621],[79.2047,17.2689],[79.2159,17.2888],[79.2192,17.3042],[79.2194,17.3138],[79.2289,17.3179],[79.2481,17.3155],[79.2519,17.325],[79.2494,17.3311],[79.2492,17.348],[79.2507,17.3588],[79.2571,17.3602],[79.2761,17.3599],[79.2954,17.3568],[79.3189,17.3599],[79.3323,17.3592],[79.3533,17.3522],[79.3659,17.3449],[79.3814,17.3443],[79.4021,17.3485],[79.4247,17.3455],[79.4465,17.3466],[79.4537,17.345]]]},"properties":{"district":"Nalgonda","st_nm":"Telangana"},"id":151},{"type":"Feature","geometry":{"type":"Polygon","coordinates":[[[78.1933,19.3171],[78.1974,19.309],[78.2076,19.3071],[78.2182,19.3125],[78.2313,19.3085],[78.2421,19.3017],[78.2478,19.2926],[78.2615,19.2888],[78.2711,19.2808],[78.2738,19.2674],[78.2771,19.2651],[78.288,19.265],[78.2994,19.2594],[78.301,19.2465],[78.3053,19.2413],[78.31,19.2231],[78.3172,19.2157],[78.3239,19.2129],[78.3297,19.207],[78.3472,19.2072],[78.3533,19.1989],[78.363,19.1999],[78.3642,19.188],[78.3693,19.1823],[78.3842,19.1792],[78.3876,19.1761],[78.3982,19.18],[78.4064,19.1738],[78.4146,19.1724],[78.4192,19.1756],[78.4296,19.1741],[78.4337,19.1762],[78.4362,19.1845],[78.4484,19.1789],[78.4566,19.1954],[78.4549,19.2062],[78.4583,19.2225],[78.4567,19.2268],[78.4837,19.2267],[78.4972,19.2193],[78.5094,19.2148],[78.5191,19.2262],[78.5179,19.2455],[78.5257,19.255],[78.5474,19.262],[78.5703,19.2865],[78.5845,19.2893],[78.5886,19.2875],[78.6011,19.2768],[78.6103,19.2651],[78.6154,19.261],[78.6179,19.2702],[78.6327,19.2847],[78.651,19.3001],[78.6737,19.316],[78.6905,19.3165],[78.704,19.3214],[78.7225,19.3264],[78.72,19.2965],[78.7365,19.286],[78.7589,19.2782],[78.7674,19.2574],[78.7842,19.2459],[78.7901,19.2405],[78.7948,19.2305],[78.8,19.214],[78.8121,19.2215],[78.8184,19.2354],[78.8197,19.2467],[78.8301,19.2528],[78.8432,19.2547],[78.8488,19.2627],[78.8478,19.2718],[78.8547,19.2788],[78.8688,19.2825],[78.8751,19.277],[78.8844,19.2742],[78.898,19.2854],[78.9164,19.2706],[78.9276,19.2655],[78.9425,19.252],[78.9507,19.2537],[78.9532,19.2497],[78.9476,19.2414],[78.936,19.2283],[78.9353,19.2164],[78.9179,19.2014],[78.9181,19.1881],[78.9129,19.1823],[78.9026,19.1778],[78.8776,19.1602],[78.8823,19.1534],[78.8857,19.1438],[78.888,19.1305],[78.8826,19.1219],[78.8803,19.1133],[78.8892,19.1035],[78.9029,19.0938],[78.9121,19.1042],[78.9211,19.1064],[78.9139,19.1165],[78.9238,19.1139],[78.9307,19.1185],[78.9408,19.1091],[78.9385,19.1002],[78.9418,19.0939],[78.9409,19.0801],[78.9475,19.0727],[78.9314,19.0571],[78.9248,19.0484],[78.9176,19.0342],[78.9109,19.0305],[78.9,19.0354],[78.8739,19.0559],[78.8626,19.059],[78.8448,19.0703],[78.8356,19.0685],[78.8283,19.0607],[78.8211,19.0489],[78.7982,19.048],[78.779,19.0378],[78.7705,19.0289],[78.7677,19.0153],[78.7576,19.011],[78.7402,19.0169],[78.7171,19.0274],[78.701,19.0359],[78.6857,19.0296],[78.6667,19.0157],[78.6562,18.9979],[78.6432,18.984],[78.6357,18.9779],[78.6128,18.9831],[78.6064,18.9855],[78.588,19.0051],[78.5672,18.9887],[78.5544,18.9737],[78.5515,18.9542],[78.5475,18.9458],[78.537,18.9458],[78.5254,18.9508],[78.5162,18.9653],[78.5082,18.9723],[78.4926,18.973],[78.4844,18.9675],[78.4823,18.9619],[78.4754,18.9572],[78.4655,18.9583],[78.4563,18.9561],[78.453,18.9635],[78.4406,18.9666],[78.4263,18.977],[78.418,18.998],[78.41,19.0038],[78.4011,19.003],[78.3836,18.9979],[78.3706,18.9957],[78.3642,18.9895],[78.3549,18.9845],[78.346,18.9737],[78.3357,18.9658],[78.3209,18.9601],[78.314,18.9515],[78.2933,18.944],[78.2847,18.9427],[78.278,18.948],[78.2777,18.9687],[78.2761,18.9733],[78.2809,18.9856],[78.2747,18.9945],[78.2557,19.0078],[78.2487,19.0147],[78.2368,19.0152],[78.228,19.0084],[78.2132,19.0049],[78.199,18.9992],[78.1905,18.9972],[78.1772,18.9996],[78.1672,18.9976],[78.1612,18.9881],[78.1606,18.9794],[78.1469,18.9655],[78.1327,18.9611],[78.1101,18.9596],[78.0959,18.9438],[78.0892,18.9399],[78.0585,18.9421],[78.0468,18.9361],[78.0474,18.9276],[78.0419,18.915],[78.0408,18.8971],[78.0368,18.8874],[78.0378,18.8774],[78.0324,18.8758],[78.0244,18.8783],[78.019,18.8829],[78.008,18.8838],[77.988,18.8797],[77.9683,18.8705],[77.9606,18.8617],[77.9567,18.8536],[77.9489,18.8433],[77.9348,18.8451],[77.9375,18.8516],[77.9294,18.8536],[77.9301,18.8587],[77.9142,18.8614],[77.9125,18.8651],[77.9033,18.8666],[77.9039,18.8812],[77.8916,18.8814],[77.8848,18.9003],[77.8844,18.9048],[77.874,18.9077],[77.8732,18.9039],[77.8557,18.9026],[77.8433,18.9087],[77.8479,18.9269],[77.8529,18.9331],[77.8586,18.9491],[77.842,18.9499],[77.8356,18.9472],[77.8325,18.9416],[77.8163,18.9473],[77.8199,18.9544],[77.8179,18.9602],[77.8218,18.9785],[77.8052,18.9819],[77.7912,18.9828],[77.7877,18.9726],[77.7715,18.9792],[77.7742,18.9974],[77.7693,19.02],[77.7629,19.029],[77.7619,19.0362],[77.765,19.0471],[77.7648,19.0626],[77.7753,19.056],[77.7903,19.0554],[77.8004,19.0511],[77.7968,19.0709],[77.8017,19.0762],[77.8046,19.0918],[77.8049,19.1012],[77.8113,19.1052],[77.8173,19.1055],[77.8264,19.0966],[77.8296,19.0871],[77.8423,19.088],[77.8486,19.0865],[77.8511,19.092],[77.8462,19.1013],[77.8477,19.116],[77.8418,19.1179],[77.8376,19.1284],[77.838,19.1376],[77.8428,19.1411],[77.8526,19.1547],[77.8527,19.1668],[77.8567,19.1707],[77.856,19.1771],[77.8605,19.1803],[77.8532,19.1879],[77.8477,19.1896],[77.8541,19.2016],[77.858,19.2137],[77.866,19.2264],[77.8669,19.2399],[77.87,19.2442],[77.8714,19.2538],[77.875,19.2588],[77.8822,19.2605],[77.9027,19.2564],[77.9076,19.2682],[77.9035,19.278],[77.8944,19.2798],[77.8839,19.279],[77.8656,19.2838],[77.8663,19.2927],[77.8635,19.3041],[77.8901,19.3133],[77.8953,19.3206],[77.9117,19.3163],[77.9176,19.3233],[77.9233,19.3258],[77.9319,19.3346],[77.9383,19.3341],[77.9435,19.3427],[77.9616,19.3358],[77.9668,19.3267],[77.9774,19.3228],[77.986,19.309],[77.9945,19.3055],[77.9987,19.2998],[78.0144,19.2938],[78.0148,19.279],[78.0425,19.2706],[78.0419,19.2617],[78.036,19.2506],[78.0408,19.2441],[78.0557,19.2371],[78.0644,19.2478],[78.0723,19.2492],[78.0791,19.2548],[78.0833,19.2487],[78.0824,19.2432],[78.0892,19.2394],[78.0953,19.2437],[78.1132,19.2444],[78.1171,19.2486],[78.1343,19.2389],[78.1429,19.23],[78.151,19.2295],[78.1584,19.2358],[78.165,19.2346],[78.1753,19.2376],[78.1818,19.2476],[78.178,19.2539],[78.1767,19.2778],[78.1831,19.2852],[78.1863,19.2963],[78.1937,19.3145],[78.1933,19.3171]]]},"properties":{"district":"Nirmal","st_nm":"Telangana"},"id":152},{"type":"Feature","geometry":{"type":"Polygon","coordinates":[[[78.537,18.9458],[78.528,18.9427],[78.5251,18.9298],[78.5211,18.9231],[78.519,18.9007],[78.5141,18.8923],[78.5264,18.8895],[78.536,18.8844],[78.5413,18.8607],[78.5433,18.8595],[78.5401,18.8458],[78.5417,18.8392],[78.5483,18.8346],[78.5482,18.8307],[78.5419,18.8179],[78.549,18.809],[78.554,18.7991],[78.5525,18.7911],[78.5593,18.7854],[78.5635,18.7788],[78.5544,18.7653],[78.5575,18.7563],[78.5516,18.7507],[78.5527,18.7425],[78.5583,18.74],[78.5712,18.7383],[78.5817,18.7228],[78.5906,18.7254],[78.6175,18.7298],[78.6287,18.7278],[78.6372,18.7233],[78.6406,18.7175],[78.6408,18.7019],[78.6318,18.6786],[78.6373,18.6732],[78.6528,18.6387],[78.6643,18.6336],[78.6699,18.6233],[78.6541,18.5963],[78.644,18.5965],[78.6215,18.5903],[78.6152,18.591],[78.6005,18.575],[78.5974,18.5508],[78.586,18.5492],[78.5686,18.5519],[78.5695,18.5438],[78.5535,18.5307],[78.5496,18.5227],[78.553,18.5142],[78.5518,18.5041],[78.5466,18.5037],[78.5399,18.4967],[78.5315,18.4787],[78.5302,18.4655],[78.5214,18.4619],[78.5182,18.4564],[78.5082,18.4527],[78.4986,18.4456],[78.4921,18.4378],[78.4772,18.4406],[78.4678,18.4475],[78.4643,18.4604],[78.4521,18.4738],[78.4526,18.4827],[78.4451,18.4833],[78.4435,18.4786],[78.4247,18.475],[78.4059,18.4827],[78.3988,18.482],[78.3924,18.4662],[78.3838,18.454],[78.3632,18.4544],[78.3433,18.4638],[78.3345,18.4636],[78.3295,18.4669],[78.3166,18.4652],[78.3073,18.454],[78.2978,18.4559],[78.2871,18.4535],[78.2749,18.4543],[78.2598,18.4527],[78.2548,18.472],[78.2581,18.4759],[78.2495,18.4868],[78.2426,18.4864],[78.2364,18.4921],[78.2249,18.4908],[78.2169,18.499],[78.2028,18.5017],[78.2005,18.5052],[78.1929,18.5038],[78.186,18.5072],[78.1728,18.4978],[78.165,18.482],[78.1596,18.4773],[78.1349,18.4823],[78.1334,18.4846],[78.1213,18.4882],[78.1188,18.4925],[78.108,18.4924],[78.1024,18.505],[78.0849,18.5091],[78.075,18.5146],[78.0654,18.5107],[78.0622,18.5138],[78.0396,18.5174],[78.0342,18.5089],[78.0385,18.5025],[78.0364,18.4939],[78.0383,18.4873],[78.0365,18.4728],[78.0379,18.4649],[78.0222,18.4362],[78.0011,18.4401],[77.9941,18.4428],[77.9749,18.4463],[77.9815,18.4585],[77.975,18.4705],[77.9709,18.4743],[77.953,18.482],[77.9484,18.4879],[77.9376,18.4915],[77.928,18.4911],[77.9077,18.4932],[77.8906,18.4926],[77.8852,18.4953],[77.8825,18.5007],[77.8641,18.5079],[77.8511,18.5031],[77.8375,18.5065],[77.82,18.5024],[77.7998,18.5009],[77.7895,18.4971],[77.7834,18.5042],[77.7567,18.5025],[77.7607,18.5121],[77.7619,18.5238],[77.7569,18.5361],[77.7486,18.5426],[77.7385,18.5568],[77.7371,18.5638],[77.7404,18.5752],[77.7504,18.5889],[77.7476,18.6032],[77.7456,18.6059],[77.7457,18.6213],[77.7347,18.641],[77.7305,18.6451],[77.7306,18.6566],[77.7357,18.661],[77.7301,18.6672],[77.7435,18.6813],[77.7494,18.6829],[77.7525,18.6893],[77.7506,18.6952],[77.7596,18.7067],[77.7683,18.7058],[77.7733,18.7014],[77.7719,18.6891],[77.777,18.6854],[77.7873,18.6826],[77.7897,18.6949],[77.7956,18.6981],[77.7972,18.7051],[77.8042,18.7132],[77.8041,18.7262],[77.8124,18.7385],[77.8146,18.7451],[77.8268,18.7698],[77.8332,18.7902],[77.8378,18.7952],[77.84,18.8048],[77.8537,18.8091],[77.8584,18.8085],[77.8706,18.8178],[77.8803,18.8174],[77.891,18.8199],[77.9067,18.8267],[77.9123,18.8269],[77.9303,18.8225],[77.9431,18.8248],[77.9483,18.8291],[77.9489,18.8433],[77.9567,18.8536],[77.9606,18.8617],[77.9683,18.8705],[77.988,18.8797],[78.008,18.8838],[78.019,18.8829],[78.0244,18.8783],[78.0324,18.8758],[78.0378,18.8774],[78.0368,18.8874],[78.0408,18.8971],[78.0419,18.915],[78.0474,18.9276],[78.0468,18.9361],[78.0585,18.9421],[78.0892,18.9399],[78.0959,18.9438],[78.1101,18.9596],[78.1327,18.9611],[78.1469,18.9655],[78.1606,18.9794],[78.1612,18.9881],[78.1672,18.9976],[78.1772,18.9996],[78.1905,18.9972],[78.199,18.9992],[78.2132,19.0049],[78.228,19.0084],[78.2368,19.0152],[78.2487,19.0147],[78.2557,19.0078],[78.2747,18.9945],[78.2809,18.9856],[78.2761,18.9733],[78.2777,18.9687],[78.278,18.948],[78.2847,18.9427],[78.2933,18.944],[78.314,18.9515],[78.3209,18.9601],[78.3357,18.9658],[78.346,18.9737],[78.3549,18.9845],[78.3642,18.9895],[78.3706,18.9957],[78.3836,18.9979],[78.4011,19.003],[78.41,19.0038],[78.418,18.998],[78.4263,18.977],[78.4406,18.9666],[78.453,18.9635],[78.4563,18.9561],[78.4655,18.9583],[78.4754,18.9572],[78.4823,18.9619],[78.4844,18.9675],[78.4926,18.973],[78.5082,18.9723],[78.5162,18.9653],[78.5254,18.9508],[78.537,18.9458]]]},"properties":{"district":"Nizamabad","st_nm":"Telangana"},"id":153},{"type":"Feature","geometry":{"type":"Polygon","coordinates":[[[79.8072,18.7049],[79.8132,18.6969],[79.8216,18.6919],[79.8219,18.6881],[79.8302,18.6812],[79.8324,18.6752],[79.8308,18.6559],[79.8203,18.6436],[79.8042,18.6213],[79.8018,18.606],[79.7916,18.5866],[79.7923,18.5731],[79.7834,18.5687],[79.7648,18.5725],[79.7519,18.5736],[79.7405,18.5705],[79.7372,18.5738],[79.7248,18.5736],[79.7239,18.5708],[79.7121,18.5608],[79.7083,18.5475],[79.7105,18.5437],[79.7072,18.5348],[79.7085,18.5285],[79.7057,18.5207],[79.6962,18.5108],[79.6849,18.4969],[79.6772,18.4903],[79.6682,18.4794],[79.6537,18.4761],[79.6422,18.4756],[79.6317,18.4793],[79.6229,18.4865],[79.6157,18.4733],[79.6121,18.4637],[79.6064,18.4674],[79.6026,18.4745],[79.5968,18.4726],[79.591,18.462],[79.5905,18.45],[79.5842,18.441],[79.5671,18.4239],[79.549,18.4111],[79.5469,18.4077],[79.5337,18.3999],[79.5191,18.3968],[79.5067,18.3992],[79.4982,18.3951],[79.4921,18.3894],[79.4828,18.3854],[79.4746,18.386],[79.4601,18.393],[79.4439,18.4082],[79.4187,18.4201],[79.3733,18.4351],[79.3684,18.4383],[79.3447,18.4586],[79.327,18.4715],[79.3107,18.4792],[79.2978,18.4824],[79.2845,18.481],[79.28,18.479],[79.2612,18.4628],[79.2486,18.4534],[79.2366,18.4476],[79.2289,18.4569],[79.2255,18.47],[79.2206,18.4781],[79.2204,18.4858],[79.2158,18.4912],[79.2192,18.503],[79.2191,18.5104],[79.2155,18.516],[79.2213,18.528],[79.2155,18.5347],[79.2205,18.5455],[79.2278,18.5466],[79.2303,18.5662],[79.2053,18.5779],[79.2044,18.5953],[79.1862,18.6088],[79.182,18.6198],[79.1826,18.6254],[79.1793,18.6448],[79.1762,18.6545],[79.1716,18.6543],[79.1678,18.6475],[79.161,18.647],[79.1567,18.6387],[79.1482,18.6285],[79.1382,18.6248],[79.1272,18.6284],[79.1152,18.6206],[79.1106,18.6235],[79.1129,18.6297],[79.1113,18.6458],[79.1177,18.6516],[79.116,18.6592],[79.1242,18.6778],[79.1254,18.6862],[79.1207,18.6967],[79.1134,18.7071],[79.1198,18.7101],[79.1301,18.7089],[79.1345,18.7134],[79.1412,18.7251],[79.1503,18.7257],[79.1629,18.7557],[79.188,18.7521],[79.2125,18.7521],[79.2201,18.7488],[79.2301,18.7494],[79.2363,18.755],[79.2527,18.7617],[79.2567,18.7737],[79.2688,18.786],[79.2731,18.7921],[79.2881,18.7954],[79.2942,18.7988],[79.298,18.8116],[79.3016,18.8166],[79.3075,18.8152],[79.335,18.8148],[79.353,18.8197],[79.3592,18.8259],[79.3737,18.8513],[79.3811,18.8549],[79.395,18.8571],[79.4077,18.856],[79.4277,18.8508],[79.44,18.8442],[79.4649,18.825],[79.4806,18.8175],[79.4953,18.7985],[79.4981,18.7923],[79.5118,18.7847],[79.5284,18.7866],[79.5372,18.7836],[79.544,18.7784],[79.561,18.7713],[79.5774,18.7599],[79.5948,18.7492],[79.6034,18.7463],[79.6126,18.7388],[79.6171,18.7393],[79.6245,18.7322],[79.6334,18.7293],[79.6367,18.7239],[79.6457,18.7166],[79.651,18.7159],[79.6571,18.7012],[79.663,18.6908],[79.6718,18.6826],[79.6775,18.6742],[79.6875,18.6705],[79.6983,18.6729],[79.7005,18.678],[79.71,18.6843],[79.7158,18.6854],[79.7331,18.6823],[79.747,18.6822],[79.7586,18.6863],[79.7683,18.6961],[79.7866,18.6985],[79.7919,18.695],[79.7985,18.697],[79.8072,18.7049]]]},"properties":{"district":"Peddapalli","st_nm":"Telangana"},"id":154},{"type":"Feature","geometry":{"type":"Polygon","coordinates":[[[78.9571,18.5767],[78.956,18.5695],[78.949,18.5539],[78.9529,18.5525],[78.9592,18.5427],[78.9606,18.5349],[78.9547,18.524],[78.9541,18.513],[78.9467,18.5002],[78.9271,18.4893],[78.9231,18.4746],[78.9357,18.4643],[78.9385,18.4572],[78.948,18.4438],[78.9576,18.4526],[78.9665,18.4537],[78.9875,18.4621],[78.9912,18.448],[78.9915,18.4409],[78.9803,18.4416],[78.9773,18.4384],[78.9742,18.4274],[78.9775,18.4209],[78.9864,18.4172],[78.9971,18.3999],[79.0181,18.3996],[79.0153,18.3931],[79.0054,18.3868],[79.0087,18.3783],[79.0186,18.3759],[79.0248,18.3663],[79.0181,18.358],[79.0114,18.3456],[79.0121,18.3371],[79.0204,18.3307],[79.0198,18.3167],[79.0144,18.3108],[79.0008,18.3028],[78.9915,18.3013],[78.9872,18.2896],[78.9896,18.2856],[78.9868,18.2772],[78.9889,18.2603],[78.9781,18.2571],[78.9688,18.2565],[78.9571,18.2524],[78.9404,18.254],[78.9334,18.2559],[78.9146,18.2556],[78.8914,18.2446],[78.8901,18.2391],[78.8812,18.2418],[78.869,18.2404],[78.8558,18.2347],[78.8483,18.2449],[78.844,18.2479],[78.8324,18.2496],[78.8257,18.2537],[78.8176,18.2527],[78.7928,18.2537],[78.7759,18.2612],[78.7691,18.2628],[78.7629,18.2507],[78.7615,18.2406],[78.752,18.2269],[78.7498,18.221],[78.7428,18.2163],[78.7355,18.2147],[78.7242,18.2152],[78.7274,18.221],[78.7266,18.2277],[78.7115,18.2343],[78.7027,18.2348],[78.7004,18.2314],[78.6901,18.2299],[78.6764,18.2355],[78.6702,18.2416],[78.6632,18.2442],[78.6395,18.2567],[78.6321,18.2547],[78.6286,18.2469],[78.6161,18.248],[78.5886,18.2487],[78.5847,18.2386],[78.5749,18.2234],[78.5676,18.2226],[78.5596,18.2361],[78.5535,18.2517],[78.5522,18.2595],[78.5437,18.2646],[78.5404,18.2732],[78.5326,18.2714],[78.5212,18.2789],[78.524,18.2881],[78.5338,18.291],[78.5412,18.3001],[78.5373,18.3178],[78.5496,18.3364],[78.5445,18.343],[78.5439,18.3511],[78.5337,18.3602],[78.5354,18.3701],[78.5304,18.3793],[78.5316,18.3875],[78.5416,18.3889],[78.563,18.3855],[78.565,18.3905],[78.5447,18.4077],[78.5419,18.4124],[78.5418,18.4205],[78.5534,18.4285],[78.5516,18.4403],[78.5465,18.4548],[78.5434,18.4598],[78.5302,18.4655],[78.5315,18.4787],[78.5399,18.4967],[78.5466,18.5037],[78.5518,18.5041],[78.553,18.5142],[78.5496,18.5227],[78.5535,18.5307],[78.5695,18.5438],[78.5686,18.5519],[78.586,18.5492],[78.5974,18.5508],[78.6005,18.575],[78.6152,18.591],[78.6215,18.5903],[78.644,18.5965],[78.6541,18.5963],[78.6699,18.6233],[78.6834,18.6319],[78.6912,18.6351],[78.6967,18.6418],[78.7061,18.6411],[78.7186,18.6337],[78.7362,18.6298],[78.7487,18.6314],[78.7599,18.6194],[78.7916,18.6208],[78.8006,18.6122],[78.8124,18.6047],[78.8248,18.6046],[78.8321,18.5961],[78.8397,18.5918],[78.8552,18.5874],[78.8628,18.5926],[78.8737,18.5868],[78.8854,18.5962],[78.8933,18.5971],[78.9015,18.5777],[78.8973,18.5648],[78.8971,18.5595],[78.9041,18.5508],[78.9108,18.5701],[78.9163,18.5754],[78.9288,18.5662],[78.9306,18.5717],[78.9388,18.5837],[78.9537,18.5802],[78.9571,18.5767]]]},"properties":{"district":"Rajanna Sircilla","st_nm":"Telangana"},"id":155},{"type":"Feature","geometry":{"type":"Polygon","coordinates":[[[78.3477,17.5225],[78.3555,17.5199],[78.3718,17.5188],[78.375,17.5113],[78.3822,17.5088],[78.38,17.5013],[78.3741,17.4924],[78.3734,17.478],[78.382,17.4718],[78.3868,17.4638],[78.3938,17.4583],[78.3948,17.4482],[78.4028,17.4483],[78.4089,17.4415],[78.4098,17.4352],[78.405,17.4324],[78.4002,17.4194],[78.404,17.4085],[78.3946,17.4038],[78.3951,17.3861],[78.3794,17.3792],[78.3692,17.3792],[78.3733,17.373],[78.3881,17.3709],[78.4023,17.3725],[78.4163,17.3708],[78.4288,17.3716],[78.4269,17.3615],[78.4409,17.3525],[78.4372,17.3467],[78.4297,17.3516],[78.4232,17.3434],[78.4269,17.339],[78.4401,17.3363],[78.4446,17.3263],[78.4517,17.3237],[78.4544,17.3082],[78.4602,17.2987],[78.4676,17.2975],[78.4689,17.3056],[78.4773,17.3177],[78.4896,17.3202],[78.4933,17.318],[78.5019,17.3221],[78.5052,17.3293],[78.5075,17.3414],[78.5057,17.3482],[78.518,17.3514],[78.5223,17.3428],[78.5321,17.3478],[78.5298,17.3589],[78.5356,17.3624],[78.5408,17.3714],[78.5527,17.3708],[78.5569,17.3612],[78.5714,17.3609],[78.5816,17.3637],[78.5743,17.3703],[78.5717,17.3826],[78.5785,17.384],[78.5803,17.3897],[78.5916,17.3875],[78.6134,17.3871],[78.6353,17.3832],[78.6477,17.3855],[78.6607,17.3783],[78.6697,17.3809],[78.6742,17.3858],[78.6736,17.3924],[78.6763,17.3999],[78.6825,17.404],[78.6922,17.4038],[78.6986,17.3952],[78.706,17.3951],[78.7142,17.4009],[78.7199,17.3995],[78.7286,17.3854],[78.7376,17.3861],[78.73,17.3581],[78.7308,17.3523],[78.7168,17.3582],[78.7078,17.3523],[78.7071,17.3464],[78.7139,17.3392],[78.7141,17.3341],[78.7201,17.3285],[78.7311,17.3264],[78.7391,17.3271],[78.7451,17.3308],[78.7532,17.3293],[78.7621,17.3038],[78.752,17.3021],[78.7461,17.2964],[78.7411,17.2958],[78.7451,17.2876],[78.7518,17.283],[78.755,17.2678],[78.7533,17.2609],[78.758,17.2591],[78.7696,17.2501],[78.778,17.2458],[78.7977,17.2436],[78.8066,17.2405],[78.8127,17.2338],[78.8193,17.2323],[78.8166,17.2254],[78.8162,17.2121],[78.8001,17.2038],[78.794,17.2033],[78.7831,17.2072],[78.7592,17.214],[78.7729,17.1925],[78.7726,17.1889],[78.7809,17.1863],[78.7822,17.1788],[78.7893,17.1649],[78.7851,17.1591],[78.7776,17.1622],[78.7737,17.1553],[78.7854,17.1373],[78.8042,17.1295],[78.8101,17.125],[78.8214,17.12],[78.8335,17.1126],[78.8334,17.1035],[78.8192,17.109],[78.8154,17.0962],[78.8282,17.0921],[78.8381,17.076],[78.8417,17.074],[78.8442,17.0685],[78.8359,17.0543],[78.8375,17.0411],[78.8356,17.0375],[78.823,17.0306],[78.7971,17.0357],[78.7926,17.0418],[78.7829,17.0406],[78.7766,17.0315],[78.7964,17.0256],[78.8098,17.0235],[78.8251,17.0193],[78.8227,17.0057],[78.8153,17.0003],[78.799,16.9997],[78.7926,16.9913],[78.7891,16.9762],[78.7741,16.9822],[78.7625,16.9819],[78.7539,16.9844],[78.7532,16.9745],[78.7564,16.9695],[78.7325,16.9732],[78.7187,16.9686],[78.7116,16.9688],[78.7021,16.9646],[78.704,16.9538],[78.7019,16.9451],[78.697,16.9421],[78.6959,16.9356],[78.7072,16.9341],[78.7135,16.9286],[78.7296,16.923],[78.7453,16.9149],[78.7355,16.902],[78.7299,16.8972],[78.7278,16.8893],[78.7283,16.8747],[78.7267,16.8697],[78.7309,16.8638],[78.7498,16.8546],[78.7521,16.8624],[78.7601,16.871],[78.7679,16.8767],[78.7736,16.8769],[78.7809,16.8683],[78.7813,16.8598],[78.7757,16.8438],[78.7896,16.8393],[78.7876,16.8317],[78.8021,16.8262],[78.7978,16.8075],[78.7918,16.8021],[78.7952,16.7854],[78.7893,16.7612],[78.7808,16.7461],[78.7616,16.7487],[78.7573,16.7476],[78.7545,16.7514],[78.7385,16.7574],[78.7288,16.7572],[78.726,16.7526],[78.7171,16.7515],[78.7024,16.7578],[78.6961,16.7543],[78.6962,16.7655],[78.6824,16.768],[78.6646,16.7604],[78.6593,16.767],[78.6527,16.767],[78.6506,16.7725],[78.6641,16.7808],[78.6831,16.7888],[78.6826,16.8115],[78.6762,16.8241],[78.6667,16.8324],[78.6654,16.825],[78.6678,16.8073],[78.6664,16.8025],[78.6524,16.7928],[78.6492,16.7886],[78.632,16.7765],[78.6236,16.7818],[78.616,16.7839],[78.6159,16.7942],[78.5992,16.7946],[78.5908,16.7961],[78.5804,16.8036],[78.5706,16.8061],[78.5667,16.8147],[78.5604,16.8181],[78.5505,16.8182],[78.5361,16.8212],[78.5252,16.8162],[78.5192,16.8208],[78.4987,16.8217],[78.4827,16.821],[78.477,16.8136],[78.473,16.7973],[78.4735,16.7883],[78.4716,16.7776],[78.4649,16.7739],[78.4545,16.7784],[78.4344,16.7783],[78.4269,16.7882],[78.4132,16.798],[78.3981,16.7989],[78.3891,16.7839],[78.3806,16.7863],[78.3736,16.7908],[78.3551,16.7965],[78.3479,16.7908],[78.3486,16.7857],[78.3447,16.7852],[78.3405,16.793],[78.3333,16.7979],[78.3348,16.806],[78.3254,16.823],[78.3229,16.825],[78.3243,16.8397],[78.3283,16.8515],[78.322,16.8577],[78.3162,16.8744],[78.305,16.8752],[78.303,16.8799],[78.3038,16.9014],[78.3009,16.9074],[78.3016,16.919],[78.2756,16.9232],[78.2719,16.9329],[78.2726,16.9408],[78.2771,16.9561],[78.2695,16.9648],[78.2617,16.9609],[78.2406,16.9635],[78.2339,16.9471],[78.2331,16.9404],[78.2195,16.9388],[78.2113,16.9463],[78.2112,16.9521],[78.2029,16.9539],[78.1912,16.9637],[78.1864,16.9709],[78.1812,16.9734],[78.1816,16.9797],[78.1859,16.9883],[78.1766,16.9975],[78.1741,17.0082],[78.1602,17.0125],[78.1439,17.0124],[78.1358,17.0073],[78.1364,16.993],[78.1267,16.9942],[78.1248,16.9864],[78.1197,16.9829],[78.1144,16.9862],[78.1084,16.9828],[78.1003,16.9825],[78.0893,16.9857],[78.0851,16.9963],[78.0683,17.0054],[78.0578,17.001],[78.0347,17.0104],[78.0266,17.0106],[78.0169,17.007],[78.0098,17.0007],[78.0092,16.9893],[78.0144,16.985],[78.0106,16.9783],[77.9997,16.9797],[77.9932,16.9891],[77.9837,16.9962],[77.9781,17.0043],[77.9783,17.0101],[77.9583,17.0135],[77.9483,17.0169],[77.9464,17.0204],[77.9348,17.0282],[77.933,17.0328],[77.9315,17.0483],[77.9228,17.0518],[77.9242,17.066],[77.9437,17.0757],[77.9492,17.0807],[77.9382,17.0819],[77.9422,17.0886],[77.9542,17.0956],[77.9542,17.0992],[77.9719,17.1008],[77.9753,17.0995],[77.9836,17.1039],[77.99,17.1033],[77.9923,17.1095],[77.9934,17.1224],[77.9917,17.1282],[77.9987,17.1336],[78.004,17.1475],[78.0112,17.1475],[78.0164,17.1657],[78.032,17.1684],[78.0408,17.1664],[78.0443,17.1686],[78.0433,17.1831],[78.0415,17.1878],[78.047,17.2084],[78.0548,17.2144],[78.0637,17.2106],[78.0661,17.2236],[78.0696,17.2307],[78.0514,17.2347],[78.0508,17.2436],[78.0594,17.2516],[78.0485,17.266],[78.0435,17.2748],[78.0473,17.295],[78.0315,17.3032],[78.0319,17.3089],[78.0166,17.3113],[78.0136,17.3133],[78.0053,17.328],[78.0056,17.3379],[78.0126,17.3443],[78.0172,17.3442],[78.0208,17.3552],[78.0214,17.3628],[78.028,17.3756],[78.0332,17.3795],[78.036,17.3906],[78.0446,17.3978],[78.0515,17.4121],[78.0696,17.4097],[78.0722,17.4134],[78.0723,17.4375],[78.063,17.4487],[78.0702,17.4558],[78.0595,17.4607],[78.0531,17.4697],[78.0516,17.4788],[78.0577,17.4798],[78.0638,17.49],[78.0713,17.4959],[78.0668,17.5076],[78.0716,17.5137],[78.0708,17.5184],[78.0821,17.5164],[78.0838,17.4913],[78.0958,17.4887],[78.1023,17.4903],[78.1086,17.4885],[78.1111,17.4797],[78.122,17.4851],[78.1453,17.4841],[78.1451,17.4678],[78.1644,17.4628],[78.1702,17.4636],[78.1751,17.4692],[78.1861,17.4726],[78.1916,17.4782],[78.1915,17.4869],[78.2138,17.4861],[78.214,17.4722],[78.2171,17.467],[78.2187,17.4574],[78.2179,17.4385],[78.231,17.4294],[78.2501,17.4274],[78.2701,17.4295],[78.2756,17.4348],[78.2882,17.4313],[78.29,17.4419],[78.294,17.4523],[78.3012,17.4594],[78.3006,17.4736],[78.298,17.4796],[78.298,17.491],[78.3064,17.49],[78.3138,17.4919],[78.3177,17.4959],[78.3129,17.509],[78.3377,17.5064],[78.3434,17.5176],[78.3477,17.5225]]]},"properties":{"district":"Rangareddy","st_nm":"Telangana"},"id":156},{"type":"Feature","geometry":{"type":"Polygon","coordinates":[[[77.8957,18.0913],[77.8883,18.0706],[77.8809,18.0738],[77.8514,18.073],[77.8527,18.0509],[77.8579,18.0423],[77.8639,18.028],[77.8648,18.0216],[77.8531,18.016],[77.8444,18.0044],[77.8372,17.9979],[77.8335,17.9909],[77.8272,17.9889],[77.8228,17.9817],[77.8212,17.9574],[77.8091,17.959],[77.8018,17.9492],[77.8009,17.9404],[77.7958,17.9358],[77.7948,17.9245],[77.8104,17.9234],[77.8192,17.9284],[77.824,17.9102],[77.8223,17.903],[77.8319,17.9],[77.8444,17.9004],[77.8565,17.9199],[77.8602,17.9347],[77.8712,17.9475],[77.8796,17.9479],[77.8829,17.9444],[77.8812,17.9344],[77.8999,17.9329],[77.9015,17.9284],[77.9147,17.9242],[77.9221,17.9251],[77.9289,17.9319],[77.9379,17.9199],[77.9414,17.9087],[77.9391,17.9013],[77.9315,17.9003],[77.9363,17.8897],[77.9491,17.8893],[77.9552,17.8868],[77.9742,17.8905],[77.9723,17.8822],[77.9964,17.8842],[77.9987,17.8875],[78.0173,17.8892],[78.0344,17.8785],[78.04,17.887],[78.0474,17.8927],[78.0479,17.9157],[78.0598,17.917],[78.0636,17.9246],[78.0719,17.9196],[78.079,17.9058],[78.0759,17.8974],[78.0752,17.8829],[78.0726,17.8771],[78.0748,17.8674],[78.0905,17.8639],[78.0947,17.86],[78.0968,17.8446],[78.0938,17.8326],[78.0975,17.825],[78.1,17.8135],[78.1095,17.8091],[78.114,17.8027],[78.1305,17.8107],[78.1356,17.8176],[78.1389,17.8313],[78.1485,17.8362],[78.151,17.8324],[78.1493,17.8059],[78.1607,17.8153],[78.175,17.8233],[78.1755,17.8282],[78.1877,17.8306],[78.1807,17.8213],[78.1664,17.8139],[78.1633,17.7977],[78.1682,17.7886],[78.1771,17.7892],[78.1932,17.7978],[78.1961,17.8052],[78.2039,17.8027],[78.1994,17.7811],[78.1957,17.7741],[78.1961,17.7637],[78.2039,17.7651],[78.2043,17.755],[78.1992,17.7461],[78.2015,17.7358],[78.2153,17.7415],[78.2181,17.732],[78.235,17.7353],[78.2369,17.7283],[78.2264,17.715],[78.238,17.7054],[78.23,17.6985],[78.2318,17.6914],[78.2594,17.6903],[78.2851,17.6857],[78.2902,17.6774],[78.2974,17.6805],[78.311,17.6771],[78.3198,17.6801],[78.3245,17.6966],[78.3198,17.7111],[78.3181,17.7228],[78.3129,17.7392],[78.3209,17.7436],[78.3391,17.7413],[78.3518,17.7437],[78.3601,17.7398],[78.361,17.7315],[78.3724,17.7264],[78.3725,17.7116],[78.3743,17.7065],[78.3851,17.7],[78.3963,17.6992],[78.4032,17.712],[78.4064,17.7218],[78.4164,17.7328],[78.4327,17.7296],[78.4404,17.7267],[78.4486,17.7079],[78.4434,17.6958],[78.4371,17.6934],[78.4306,17.6865],[78.4275,17.6796],[78.4207,17.6714],[78.4084,17.6704],[78.3953,17.6759],[78.388,17.6605],[78.3812,17.6424],[78.387,17.6378],[78.3921,17.6257],[78.3873,17.6208],[78.3745,17.613],[78.3869,17.6067],[78.389,17.5943],[78.3822,17.5881],[78.381,17.5706],[78.3768,17.5625],[78.3709,17.5676],[78.363,17.5681],[78.3579,17.5623],[78.3615,17.5497],[78.3556,17.5407],[78.3486,17.5352],[78.3514,17.5286],[78.3477,17.5225],[78.3434,17.5176],[78.3377,17.5064],[78.3129,17.509],[78.3177,17.4959],[78.3138,17.4919],[78.3064,17.49],[78.298,17.491],[78.298,17.4796],[78.3006,17.4736],[78.3012,17.4594],[78.294,17.4523],[78.29,17.4419],[78.2882,17.4313],[78.2756,17.4348],[78.2701,17.4295],[78.2501,17.4274],[78.231,17.4294],[78.2179,17.4385],[78.2187,17.4574],[78.2171,17.467],[78.214,17.4722],[78.2138,17.4861],[78.1915,17.4869],[78.1916,17.4782],[78.1861,17.4726],[78.1751,17.4692],[78.1702,17.4636],[78.1644,17.4628],[78.1451,17.4678],[78.1453,17.4841],[78.122,17.4851],[78.1111,17.4797],[78.1086,17.4885],[78.1023,17.4903],[78.0958,17.4887],[78.0838,17.4913],[78.0821,17.5164],[78.0708,17.5184],[78.0716,17.5137],[78.0668,17.5076],[78.0713,17.4959],[78.0638,17.49],[78.0577,17.4798],[78.0516,17.4788],[78.0531,17.4697],[78.0595,17.4607],[78.0702,17.4558],[78.063,17.4487],[78.0477,17.4513],[78.0454,17.458],[78.0409,17.4578],[78.0405,17.4712],[78.0226,17.465],[78.02,17.4695],[78.0037,17.4758],[78.0005,17.4829],[78.0078,17.4961],[77.9987,17.4985],[77.9908,17.5069],[77.9808,17.4839],[77.9646,17.4845],[77.9676,17.4916],[77.966,17.5047],[77.9729,17.5136],[77.9739,17.5191],[77.9635,17.5336],[77.9464,17.5379],[77.939,17.5419],[77.9402,17.5509],[77.936,17.555],[77.9347,17.5645],[77.9294,17.5722],[77.8973,17.5821],[77.8861,17.5801],[77.8728,17.5826],[77.87,17.5995],[77.8749,17.603],[77.8675,17.6108],[77.8559,17.6129],[77.8492,17.6186],[77.8432,17.6189],[77.8356,17.6251],[77.8227,17.632],[77.8161,17.6266],[77.8034,17.6278],[77.7971,17.6258],[77.7901,17.6378],[77.7835,17.6387],[77.7819,17.6307],[77.7763,17.6268],[77.7644,17.6263],[77.7523,17.6235],[77.7464,17.6241],[77.7457,17.6177],[77.7496,17.6135],[77.7576,17.6143],[77.7674,17.6126],[77.7742,17.601],[77.7699,17.5841],[77.762,17.5806],[77.7602,17.5728],[77.7613,17.558],[77.7467,17.5489],[77.7437,17.5493],[77.7101,17.528],[77.7058,17.5244],[77.7007,17.5273],[77.6906,17.5263],[77.6876,17.5203],[77.6876,17.5117],[77.6835,17.5082],[77.6755,17.5086],[77.6687,17.5116],[77.662,17.5228],[77.6453,17.5224],[77.637,17.5257],[77.628,17.5236],[77.6121,17.5348],[77.5957,17.5366],[77.5973,17.5537],[77.5938,17.5645],[77.5881,17.56],[77.582,17.5599],[77.5506,17.5517],[77.5452,17.5644],[77.5375,17.5754],[77.5284,17.5754],[77.5165,17.5592],[77.5155,17.5524],[77.5069,17.5423],[77.4999,17.5475],[77.4997,17.5522],[77.4941,17.5684],[77.4781,17.5668],[77.4619,17.5808],[77.4441,17.5844],[77.4435,17.5923],[77.4462,17.5965],[77.4448,17.6094],[77.4488,17.6093],[77.4512,17.6232],[77.4559,17.6342],[77.4483,17.6511],[77.4489,17.6593],[77.4549,17.6752],[77.4525,17.6947],[77.4647,17.7018],[77.4861,17.7079],[77.4932,17.7087],[77.4971,17.7155],[77.5095,17.7165],[77.5218,17.7259],[77.5471,17.7285],[77.5492,17.7362],[77.5564,17.7372],[77.5644,17.7479],[77.5687,17.7492],[77.5663,17.7668],[77.5599,17.7634],[77.5483,17.7671],[77.5461,17.7717],[77.5264,17.7816],[77.5124,17.7821],[77.509,17.7878],[77.5149,17.8035],[77.5294,17.8172],[77.5277,17.8265],[77.5324,17.8291],[77.5467,17.8285],[77.549,17.8194],[77.5541,17.8201],[77.5607,17.8386],[77.5675,17.8454],[77.5694,17.8516],[77.57,17.8676],[77.5835,17.877],[77.5945,17.8723],[77.5988,17.8729],[77.6004,17.8806],[77.5959,17.8814],[77.586,17.8938],[77.5864,17.9086],[77.6,17.9041],[77.6052,17.9078],[77.6191,17.9041],[77.6212,17.9158],[77.6217,17.9323],[77.6187,17.9395],[77.623,17.9455],[77.6326,17.9467],[77.637,17.9528],[77.6495,17.95],[77.65,17.9602],[77.6556,17.9698],[77.6483,17.9803],[77.652,17.9947],[77.6476,17.9995],[77.6402,17.9967],[77.6278,17.9968],[77.6197,18.0065],[77.6072,18.0104],[77.6081,18.0164],[77.6017,18.0198],[77.5934,18.0118],[77.5869,18.0135],[77.5833,18.0283],[77.5607,18.0362],[77.5538,18.0358],[77.5519,18.0507],[77.5477,18.0561],[77.5484,18.0652],[77.557,18.0637],[77.5598,18.0719],[77.5695,18.0782],[77.5759,18.0778],[77.5973,18.0871],[77.6016,18.1059],[77.5989,18.122],[77.5947,18.1305],[77.5944,18.1377],[77.5969,18.1559],[77.5843,18.1592],[77.5747,18.1765],[77.5705,18.1925],[77.5635,18.1953],[77.5656,18.2042],[77.5749,18.2016],[77.5806,18.2138],[77.5853,18.2196],[77.5801,18.2279],[77.5806,18.2322],[77.5731,18.2394],[77.5738,18.245],[77.5794,18.2559],[77.5846,18.2617],[77.5949,18.2653],[77.6004,18.2756],[77.62,18.2745],[77.6257,18.284],[77.6421,18.2861],[77.6487,18.2844],[77.6647,18.2837],[77.6863,18.2665],[77.6876,18.2602],[77.7069,18.261],[77.7117,18.258],[77.7197,18.2603],[77.7289,18.2534],[77.7303,18.2454],[77.7286,18.2345],[77.7364,18.2349],[77.7378,18.2251],[77.7429,18.2249],[77.7421,18.2053],[77.7585,18.205],[77.7601,18.1991],[77.768,18.1915],[77.7764,18.1902],[77.7807,18.1998],[77.7865,18.1964],[77.798,18.2046],[77.811,18.1957],[77.8211,18.1965],[77.8404,18.2038],[77.8488,18.2017],[77.8538,18.2075],[77.8646,18.2017],[77.8641,18.1917],[77.8823,18.1867],[77.8908,18.1902],[77.9014,18.1859],[77.9002,18.1731],[77.9034,18.1681],[77.8961,18.1618],[77.8947,18.1566],[77.9042,18.1524],[77.9023,18.1454],[77.9112,18.1461],[77.9144,18.1421],[77.924,18.1531],[77.9306,18.1542],[77.9323,18.1419],[77.9251,18.1418],[77.9189,18.1354],[77.9252,18.1313],[77.917,18.1248],[77.9115,18.1253],[77.9092,18.12],[77.9132,18.1158],[77.9282,18.1168],[77.9269,18.1042],[77.9174,18.1059],[77.9141,18.1009],[77.9089,18.1015],[77.9019,18.0973],[77.8957,18.0913]]]},"properties":{"district":"Sangareddy","st_nm":"Telangana"},"id":157},{"type":"Feature","geometry":{"type":"Polygon","coordinates":[[[79.3012,18.13],[79.2939,18.1259],[79.2906,18.1212],[79.2932,18.1028],[79.2909,18.0893],[79.2832,18.071],[79.2732,18.0512],[79.2616,18.0346],[79.2596,18.0249],[79.2608,18.003],[79.236,18.0034],[79.2303,18.0017],[79.2329,17.9945],[79.215,17.996],[79.2035,17.999],[79.1891,17.9995],[79.1843,17.9939],[79.1749,17.9941],[79.1625,17.9911],[79.1535,17.992],[79.139,17.9781],[79.1435,17.9656],[79.1373,17.9577],[79.1315,17.9468],[79.1218,17.9416],[79.1152,17.9295],[79.1056,17.921],[79.1023,17.9139],[79.1133,17.9061],[79.112,17.8992],[79.1033,17.8857],[79.0922,17.8732],[79.0804,17.8734],[79.0728,17.8754],[79.0554,17.8696],[79.0484,17.8609],[79.0438,17.8631],[79.0392,17.8723],[79.0202,17.8761],[79.0109,17.8644],[79.0021,17.8563],[78.9987,17.8448],[78.9925,17.8493],[78.9876,17.858],[78.9737,17.8622],[78.9714,17.8681],[78.9601,17.8659],[78.9501,17.8718],[78.9456,17.8794],[78.9369,17.8763],[78.9299,17.8776],[78.9211,17.8732],[78.9165,17.8546],[78.9224,17.8386],[78.9057,17.8446],[78.8989,17.8399],[78.8887,17.8416],[78.8824,17.8347],[78.8775,17.8338],[78.8784,17.8265],[78.8676,17.8251],[78.8681,17.8084],[78.8676,17.802],[78.8697,17.785],[78.8619,17.7567],[78.8581,17.7483],[78.8413,17.7525],[78.8274,17.7395],[78.8216,17.7394],[78.8233,17.7297],[78.8156,17.7224],[78.8148,17.704],[78.8094,17.7029],[78.8004,17.7092],[78.7852,17.711],[78.7851,17.7011],[78.7767,17.6917],[78.7681,17.6866],[78.7527,17.6855],[78.7452,17.6835],[78.738,17.673],[78.7296,17.6679],[78.7238,17.6681],[78.718,17.6694],[78.7084,17.6842],[78.7037,17.6866],[78.6853,17.6883],[78.6858,17.6932],[78.6695,17.6982],[78.6664,17.6954],[78.659,17.6972],[78.6502,17.6764],[78.6341,17.669],[78.6236,17.6722],[78.6169,17.6722],[78.6144,17.6793],[78.6,17.6887],[78.6001,17.693],[78.5927,17.6968],[78.5819,17.6971],[78.5748,17.6952],[78.5731,17.6847],[78.564,17.6837],[78.5359,17.6964],[78.5137,17.6949],[78.5088,17.6837],[78.4992,17.6857],[78.503,17.6905],[78.5042,17.7037],[78.5072,17.7143],[78.5062,17.7193],[78.5118,17.7246],[78.5255,17.7286],[78.5219,17.7391],[78.5256,17.7438],[78.5253,17.7517],[78.513,17.752],[78.5108,17.7553],[78.5151,17.7857],[78.5203,17.8],[78.5202,17.8068],[78.5266,17.8125],[78.5292,17.8194],[78.5311,17.8339],[78.5404,17.837],[78.5428,17.8461],[78.5392,17.8604],[78.561,17.8703],[78.561,17.877],[78.5493,17.8829],[78.5436,17.8893],[78.5374,17.8876],[78.5341,17.8919],[78.5248,17.8967],[78.5349,17.9029],[78.5352,17.9073],[78.5434,17.9109],[78.5416,17.9177],[78.536,17.923],[78.5302,17.9238],[78.5311,17.9297],[78.5382,17.9326],[78.5417,17.9412],[78.5318,17.95],[78.536,17.9642],[78.5359,17.9695],[78.5421,17.973],[78.5423,17.9796],[78.5367,17.9875],[78.5489,17.998],[78.5523,18.004],[78.5551,18.0208],[78.5603,18.0452],[78.5786,18.0338],[78.5839,18.0493],[78.5896,18.0554],[78.5863,18.0641],[78.5698,18.0661],[78.5721,18.0699],[78.569,18.078],[78.5721,18.0905],[78.5754,18.0924],[78.5796,18.1049],[78.5737,18.1099],[78.5583,18.1094],[78.5478,18.1121],[78.5456,18.1183],[78.5506,18.1232],[78.5533,18.1435],[78.5694,18.1573],[78.5667,18.1621],[78.581,18.1632],[78.5813,18.1714],[78.5739,18.1813],[78.5688,18.1849],[78.5694,18.196],[78.5664,18.2027],[78.5615,18.2064],[78.5676,18.2226],[78.5749,18.2234],[78.5847,18.2386],[78.5886,18.2487],[78.6161,18.248],[78.6286,18.2469],[78.6321,18.2547],[78.6395,18.2567],[78.6632,18.2442],[78.6702,18.2416],[78.6764,18.2355],[78.6901,18.2299],[78.7004,18.2314],[78.7027,18.2348],[78.7115,18.2343],[78.7266,18.2277],[78.7274,18.221],[78.7242,18.2152],[78.7355,18.2147],[78.7428,18.2163],[78.7498,18.221],[78.752,18.2269],[78.7615,18.2406],[78.7629,18.2507],[78.7691,18.2628],[78.7759,18.2612],[78.7928,18.2537],[78.8176,18.2527],[78.8257,18.2537],[78.8324,18.2496],[78.844,18.2479],[78.8483,18.2449],[78.8558,18.2347],[78.869,18.2404],[78.8812,18.2418],[78.8901,18.2391],[78.8914,18.2446],[78.9146,18.2556],[78.9334,18.2559],[78.9404,18.254],[78.9571,18.2524],[78.9688,18.2565],[78.9781,18.2571],[78.9889,18.2603],[78.9868,18.2772],[78.9896,18.2856],[78.9872,18.2896],[78.9915,18.3013],[79.0008,18.3028],[79.0144,18.3108],[79.0198,18.3167],[79.0204,18.3307],[79.0277,18.3337],[79.0366,18.3444],[79.053,18.343],[79.0572,18.3445],[79.0586,18.3298],[79.0617,18.325],[79.072,18.3163],[79.0615,18.302],[79.0608,18.2934],[79.0705,18.2851],[79.0954,18.2876],[79.1038,18.2855],[79.1173,18.2887],[79.1198,18.277],[79.1274,18.2754],[79.1337,18.2713],[79.1301,18.2613],[79.1204,18.2554],[79.1233,18.2432],[79.1175,18.2427],[79.1085,18.2373],[79.1092,18.2211],[79.1134,18.215],[79.1237,18.2163],[79.1285,18.2146],[79.1372,18.2063],[79.141,18.1879],[79.1459,18.1838],[79.1466,18.1707],[79.161,18.1656],[79.1625,18.1572],[79.1879,18.1702],[79.1917,18.1643],[79.2123,18.1616],[79.2106,18.1749],[79.2193,18.1764],[79.2291,18.1815],[79.2444,18.1837],[79.2422,18.1786],[79.2457,18.1673],[79.2505,18.1631],[79.2509,18.1542],[79.2566,18.1547],[79.2874,18.1536],[79.2908,18.1506],[79.2909,18.1424],[79.3012,18.13]]]},"properties":{"district":"Siddipet","st_nm":"Telangana"},"id":158},{"type":"Feature","geometry":{"type":"Polygon","coordinates":[[[79.8037,17.3243],[79.8015,17.313],[79.8091,17.3015],[79.8188,17.29],[79.8175,17.2825],[79.8305,17.2702],[79.8382,17.2797],[79.8459,17.2761],[79.8681,17.2623],[79.8715,17.2661],[79.8814,17.2591],[79.8895,17.2594],[79.9007,17.2539],[79.9022,17.2466],[79.8997,17.2358],[79.8959,17.2293],[79.9019,17.2116],[79.8863,17.2091],[79.882,17.1982],[79.8766,17.1936],[79.8811,17.1737],[79.8887,17.1718],[79.8989,17.1553],[79.9125,17.1487],[79.9182,17.1297],[79.9327,17.1282],[79.9462,17.135],[79.951,17.1295],[79.9621,17.1244],[79.9698,17.1119],[79.9857,17.0963],[79.9955,17.077],[80.006,17.068],[80.0157,17.0662],[80.0226,17.0579],[80.0303,17.053],[80.0398,17.0512],[80.0404,17.0389],[80.0369,17.0242],[80.0458,17.0145],[80.053,17.0101],[80.062,17.0094],[80.0565,16.9995],[80.0607,16.9899],[80.0606,16.9845],[80.0555,16.9715],[80.0574,16.9641],[80.0525,16.9599],[80.0483,16.9475],[80.052,16.9417],[80.0504,16.936],[80.0446,16.9293],[80.0396,16.9171],[80.0271,16.9176],[80.0174,16.915],[80.0124,16.8927],[80.0043,16.8801],[80.0051,16.8765],[80.0012,16.8672],[80.0038,16.862],[80.0171,16.8543],[80.029,16.8521],[80.0469,16.8534],[80.0464,16.8395],[80.0479,16.8337],[80.0591,16.8255],[80.07,16.821],[80.0727,16.8165],[80.0698,16.8084],[80.0706,16.8017],[80.0665,16.7865],[80.0574,16.7726],[80.0535,16.7633],[80.055,16.7447],[80.0388,16.7302],[80.0306,16.7148],[80.0244,16.711],[80.0082,16.709],[79.9958,16.7001],[79.9794,16.6654],[79.9648,16.645],[79.9498,16.6359],[79.9324,16.6314],[79.9145,16.6327],[79.9078,16.6353],[79.8942,16.6492],[79.8918,16.6547],[79.8855,16.6874],[79.8775,16.6973],[79.8589,16.7047],[79.8521,16.7059],[79.8445,16.7032],[79.8282,16.6938],[79.8181,16.6917],[79.8124,16.6946],[79.7981,16.7119],[79.7939,16.7232],[79.7841,16.7306],[79.7728,16.7306],[79.7446,16.7191],[79.7293,16.6955],[79.7229,16.6903],[79.7157,16.6892],[79.6989,16.6914],[79.6855,16.6946],[79.6792,16.6934],[79.6998,16.7185],[79.6887,16.7226],[79.6745,16.7241],[79.668,16.7353],[79.6705,16.7508],[79.6735,16.7561],[79.6735,16.7797],[79.6665,16.8031],[79.6659,16.8147],[79.6683,16.8287],[79.6671,16.8442],[79.6631,16.8503],[79.6483,16.8631],[79.645,16.8685],[79.6448,16.8766],[79.6418,16.8877],[79.6338,16.9013],[79.6265,16.907],[79.6191,16.9178],[79.6144,16.9373],[79.6147,16.9616],[79.6166,16.9699],[79.6145,16.9874],[79.6055,16.9997],[79.6033,17.0136],[79.5983,17.0313],[79.601,17.0416],[79.5995,17.0498],[79.5925,17.0614],[79.5939,17.0741],[79.5918,17.0843],[79.5821,17.1024],[79.5735,17.113],[79.5657,17.1285],[79.562,17.1414],[79.5516,17.1533],[79.5395,17.1633],[79.5321,17.1735],[79.5254,17.1862],[79.5243,17.213],[79.5198,17.2333],[79.5023,17.2311],[79.494,17.2334],[79.4957,17.2507],[79.4931,17.2572],[79.4972,17.2624],[79.4865,17.2945],[79.4843,17.3128],[79.4748,17.3309],[79.4636,17.3399],[79.4537,17.345],[79.451,17.3519],[79.4414,17.3643],[79.4219,17.3762],[79.4145,17.3916],[79.4124,17.3998],[79.4174,17.4079],[79.4227,17.4118],[79.4246,17.4186],[79.4192,17.4341],[79.4073,17.4511],[79.3895,17.4665],[79.3761,17.4746],[79.3739,17.481],[79.3662,17.4863],[79.369,17.4914],[79.363,17.5008],[79.3707,17.5022],[79.3833,17.5118],[79.4012,17.5026],[79.4125,17.4986],[79.4246,17.5025],[79.4302,17.5167],[79.4534,17.5118],[79.4724,17.5146],[79.4851,17.5101],[79.5009,17.4962],[79.5168,17.4942],[79.5247,17.4991],[79.5235,17.5072],[79.5307,17.5179],[79.5416,17.527],[79.5514,17.515],[79.5539,17.5083],[79.566,17.4973],[79.57,17.5019],[79.5842,17.503],[79.5905,17.4995],[79.5972,17.5015],[79.5899,17.5202],[79.5897,17.5289],[79.5951,17.5273],[79.6024,17.5086],[79.6037,17.4988],[79.6096,17.4966],[79.6132,17.5],[79.6213,17.5001],[79.6296,17.4907],[79.6392,17.4863],[79.6502,17.4931],[79.6559,17.4935],[79.6587,17.4881],[79.6565,17.4708],[79.6709,17.465],[79.6903,17.4547],[79.6973,17.4547],[79.7003,17.4479],[79.711,17.4449],[79.7184,17.4342],[79.7304,17.4282],[79.7436,17.4291],[79.752,17.4399],[79.762,17.4299],[79.7611,17.4267],[79.7621,17.408],[79.793,17.3968],[79.797,17.3935],[79.7914,17.384],[79.7817,17.3813],[79.7777,17.369],[79.7961,17.354],[79.7928,17.336],[79.7928,17.326],[79.8037,17.3243]]]},"properties":{"district":"Suryapet","st_nm":"Telangana"},"id":159},{"type":"Feature","geometry":{"type":"MultiPolygon","coordinates":[[[[77.4997,17.5522],[77.494,17.5681],[77.4781,17.5668],[77.4941,17.5684],[77.4997,17.5522]]],[[[78.063,17.4487],[78.0723,17.4375],[78.0722,17.4134],[78.0696,17.4097],[78.0515,17.4121],[78.0446,17.3978],[78.036,17.3906],[78.0332,17.3795],[78.028,17.3756],[78.0214,17.3628],[78.0208,17.3552],[78.0172,17.3442],[78.0126,17.3443],[78.0056,17.3379],[78.0053,17.328],[78.0136,17.3133],[78.0166,17.3113],[78.0319,17.3089],[78.0315,17.3032],[78.0473,17.295],[78.0435,17.2748],[78.0485,17.266],[78.0594,17.2516],[78.0508,17.2436],[78.0514,17.2347],[78.0696,17.2307],[78.0661,17.2236],[78.0637,17.2106],[78.0548,17.2144],[78.047,17.2084],[78.0415,17.1878],[78.0433,17.1831],[78.0443,17.1686],[78.0408,17.1664],[78.032,17.1684],[78.0164,17.1657],[78.0112,17.1475],[78.004,17.1475],[77.9987,17.1336],[77.9917,17.1282],[77.9934,17.1224],[77.9923,17.1095],[77.99,17.1033],[77.9836,17.1039],[77.9753,17.0995],[77.9719,17.1008],[77.9542,17.0992],[77.9542,17.0956],[77.9422,17.0886],[77.9382,17.0819],[77.9492,17.0807],[77.9437,17.0757],[77.9242,17.066],[77.9228,17.0518],[77.9315,17.0483],[77.933,17.0328],[77.9348,17.0282],[77.9464,17.0204],[77.9483,17.0169],[77.9583,17.0135],[77.9783,17.0101],[77.9781,17.0043],[77.9837,16.9962],[77.9932,16.9891],[77.9997,16.9797],[77.9964,16.9658],[77.9863,16.9612],[77.9721,16.9707],[77.9643,16.9682],[77.9639,16.9628],[77.9527,16.9497],[77.9437,16.9513],[77.9396,16.9569],[77.93,16.9532],[77.9261,16.9482],[77.9236,16.9382],[77.9161,16.9315],[77.9147,16.921],[77.9033,16.9262],[77.8898,16.9246],[77.8834,16.9275],[77.8719,16.9283],[77.8718,16.9325],[77.8779,16.9408],[77.8842,16.9587],[77.8784,16.9679],[77.8696,16.9663],[77.8688,16.9582],[77.8656,16.9531],[77.8578,16.9494],[77.8479,16.9515],[77.8412,16.9694],[77.8379,16.974],[77.8447,16.9846],[77.8438,16.992],[77.8364,16.9881],[77.8251,16.9869],[77.8135,16.9946],[77.7989,16.9926],[77.7984,16.9989],[77.7871,16.9991],[77.7797,17.0018],[77.7603,17.0022],[77.7609,17.0139],[77.7658,17.0218],[77.7518,17.0241],[77.7411,17.0295],[77.7276,17.0385],[77.7146,17.0402],[77.7117,17.0328],[77.6994,17.0261],[77.6857,17.0207],[77.6671,17.0345],[77.6589,17.0315],[77.6519,17.0178],[77.6416,17.0192],[77.6349,17.0101],[77.6326,17.0011],[77.6468,17.0079],[77.6531,17.007],[77.6519,17.0007],[77.6449,16.9951],[77.6442,16.9903],[77.624,16.9844],[77.6229,16.9704],[77.6231,16.9529],[77.6145,16.9489],[77.6037,16.9466],[77.6029,16.936],[77.5951,16.9286],[77.5965,16.9143],[77.5857,16.9133],[77.5789,16.9058],[77.5684,16.9076],[77.566,16.9115],[77.5585,16.9044],[77.5537,16.9029],[77.5466,16.9094],[77.5454,16.9172],[77.5401,16.9233],[77.5378,16.9303],[77.5322,16.9311],[77.525,16.9255],[77.5159,16.9334],[77.5159,16.9378],[77.524,16.9469],[77.5093,16.9502],[77.4988,16.9504],[77.4662,16.9541],[77.4722,16.9572],[77.4783,16.9684],[77.4814,16.9704],[77.4829,16.9857],[77.4791,16.9945],[77.4866,17.0032],[77.4912,17.0035],[77.4979,17.0093],[77.5022,17.0094],[77.5007,17.0193],[77.495,17.0271],[77.4967,17.0427],[77.4879,17.0476],[77.4893,17.0518],[77.4831,17.0597],[77.479,17.0726],[77.482,17.0759],[77.4665,17.0873],[77.4629,17.0941],[77.4647,17.1078],[77.4557,17.1115],[77.4458,17.118],[77.436,17.115],[77.4187,17.1213],[77.4067,17.1245],[77.4039,17.1329],[77.3846,17.14],[77.3778,17.1401],[77.3783,17.1526],[77.3669,17.1544],[77.3625,17.1638],[77.3668,17.1693],[77.3721,17.1824],[77.3696,17.1866],[77.3761,17.197],[77.3946,17.1959],[77.3964,17.2075],[77.402,17.2141],[77.39,17.2149],[77.383,17.218],[77.3802,17.2225],[77.405,17.2365],[77.4205,17.2376],[77.4226,17.2508],[77.4261,17.2561],[77.4352,17.2597],[77.4447,17.2708],[77.4509,17.2705],[77.4585,17.2813],[77.4544,17.2875],[77.438,17.2919],[77.4405,17.3013],[77.4477,17.3075],[77.4522,17.3176],[77.4525,17.3275],[77.456,17.331],[77.4572,17.3442],[77.4517,17.3527],[77.4536,17.374],[77.4665,17.3719],[77.476,17.3684],[77.4765,17.3608],[77.4839,17.355],[77.4882,17.3587],[77.503,17.3572],[77.5158,17.3604],[77.5249,17.3647],[77.5322,17.375],[77.5333,17.3801],[77.5263,17.3819],[77.5254,17.3885],[77.5375,17.4028],[77.5354,17.4082],[77.5302,17.4082],[77.5142,17.4142],[77.513,17.4309],[77.5326,17.4424],[77.5373,17.4438],[77.5527,17.4371],[77.5615,17.4376],[77.5751,17.431],[77.5762,17.4562],[77.5843,17.4545],[77.6042,17.4439],[77.6143,17.446],[77.6149,17.4722],[77.6383,17.4735],[77.6452,17.4782],[77.6495,17.4993],[77.6534,17.4939],[77.6524,17.4827],[77.6706,17.4779],[77.6768,17.4784],[77.6887,17.4753],[77.6881,17.4889],[77.6919,17.4956],[77.6922,17.5018],[77.6876,17.5117],[77.6876,17.5203],[77.6906,17.5263],[77.7007,17.5273],[77.7058,17.5244],[77.7101,17.528],[77.7437,17.5493],[77.7467,17.5489],[77.7613,17.558],[77.7602,17.5728],[77.762,17.5806],[77.7699,17.5841],[77.7742,17.601],[77.7674,17.6126],[77.7576,17.6143],[77.7496,17.6135],[77.7457,17.6177],[77.7464,17.6241],[77.7523,17.6235],[77.7644,17.6263],[77.7763,17.6268],[77.7819,17.6307],[77.7835,17.6387],[77.7901,17.6378],[77.7971,17.6258],[77.8034,17.6278],[77.8161,17.6266],[77.8227,17.632],[77.8356,17.6251],[77.8432,17.6189],[77.8492,17.6186],[77.8559,17.6129],[77.8675,17.6108],[77.8749,17.603],[77.87,17.5995],[77.8728,17.5826],[77.8861,17.5801],[77.8973,17.5821],[77.9294,17.5722],[77.9347,17.5645],[77.936,17.555],[77.9402,17.5509],[77.939,17.5419],[77.9464,17.5379],[77.9635,17.5336],[77.9739,17.5191],[77.9729,17.5136],[77.966,17.5047],[77.9676,17.4916],[77.9646,17.4845],[77.9808,17.4839],[77.9908,17.5069],[77.9987,17.4985],[78.0078,17.4961],[78.0005,17.4829],[78.0037,17.4758],[78.02,17.4695],[78.0226,17.465],[78.0405,17.4712],[78.0409,17.4578],[78.0454,17.458],[78.0477,17.4513],[78.063,17.4487]]]]},"properties":{"district":"Vikarabad","st_nm":"Telangana"},"id":160},{"type":"Feature","geometry":{"type":"Polygon","coordinates":[[[78.1252,16.5915],[78.1162,16.573],[78.1197,16.5632],[78.1231,16.5628],[78.1226,16.5522],[78.1123,16.5408],[78.1086,16.5294],[78.1042,16.5054],[78.1037,16.4953],[78.0999,16.4872],[78.1313,16.4697],[78.1301,16.4664],[78.1474,16.4564],[78.1776,16.4495],[78.193,16.4503],[78.2008,16.4472],[78.1986,16.4333],[78.2018,16.4158],[78.2014,16.4092],[78.2222,16.4124],[78.2332,16.4184],[78.2468,16.4155],[78.2582,16.4079],[78.2648,16.4007],[78.2741,16.3995],[78.2888,16.4],[78.2966,16.3927],[78.3097,16.3884],[78.3144,16.3813],[78.3151,16.3702],[78.3086,16.3484],[78.3033,16.35],[78.2997,16.344],[78.298,16.3351],[78.2914,16.3327],[78.2928,16.326],[78.2637,16.3328],[78.2591,16.3131],[78.2597,16.3028],[78.2553,16.2974],[78.2564,16.2895],[78.2487,16.2909],[78.2449,16.2953],[78.2345,16.2972],[78.2214,16.3036],[78.2179,16.3198],[78.2095,16.3185],[78.1898,16.3219],[78.1889,16.3168],[78.1799,16.3114],[78.1698,16.3089],[78.164,16.2992],[78.162,16.2922],[78.1619,16.2796],[78.1646,16.2671],[78.1816,16.263],[78.1979,16.2605],[78.2004,16.2519],[78.2001,16.2356],[78.1925,16.2278],[78.1999,16.2219],[78.2009,16.2144],[78.1967,16.2086],[78.2112,16.2008],[78.2109,16.183],[78.2129,16.1785],[78.2272,16.1746],[78.2251,16.1597],[78.2208,16.1514],[78.2111,16.1265],[78.2061,16.107],[78.213,16.1008],[78.2158,16.095],[78.2114,16.0904],[78.2021,16.088],[78.1965,16.0894],[78.1927,16.0803],[78.1777,16.0822],[78.1801,16.0756],[78.1761,16.0678],[78.1798,16.0627],[78.1869,16.0597],[78.1928,16.0611],[78.2024,16.0543],[78.2038,16.0495],[78.1972,16.0441],[78.2081,16.0339],[78.213,16.033],[78.2182,16.027],[78.2132,16.0106],[78.2315,16.0073],[78.2352,16.0093],[78.2565,16.0086],[78.2599,15.9988],[78.2582,15.9909],[78.2526,15.9816],[78.2513,15.9751],[78.2404,15.955],[78.2298,15.947],[78.2215,15.9439],[78.2005,15.9434],[78.1771,15.9454],[78.1598,15.9483],[78.1518,15.9537],[78.1466,15.9623],[78.1436,15.9735],[78.1429,15.9844],[78.1396,15.9929],[78.125,16.002],[78.1136,16.002],[78.1053,16.0048],[78.0883,16.008],[78.0695,16.0143],[78.0466,16.0326],[78.0458,16.037],[78.0364,16.0509],[78.0264,16.0623],[78.0161,16.066],[78.0126,16.0712],[77.9939,16.0873],[77.9843,16.09],[77.9728,16.0959],[77.9636,16.1062],[77.9466,16.1193],[77.9412,16.1368],[77.9425,16.1523],[77.9361,16.163],[77.9311,16.1748],[77.9321,16.1917],[77.93,16.1961],[77.9124,16.2128],[77.9016,16.2204],[77.8932,16.2235],[77.8736,16.2386],[77.8662,16.2421],[77.8569,16.2507],[77.8432,16.258],[77.8124,16.283],[77.7921,16.2948],[77.7765,16.3059],[77.7643,16.3125],[77.7385,16.3245],[77.7288,16.3317],[77.7032,16.3373],[77.6852,16.3483],[77.6849,16.3516],[77.6775,16.3605],[77.6647,16.3637],[77.6652,16.3797],[77.669,16.3855],[77.683,16.3935],[77.6887,16.4001],[77.7052,16.4013],[77.7135,16.4035],[77.7113,16.4113],[77.7172,16.4224],[77.7171,16.4311],[77.7223,16.4312],[77.7236,16.4202],[77.7417,16.4011],[77.751,16.4036],[77.7488,16.3911],[77.7511,16.389],[77.7619,16.3945],[77.7586,16.4099],[77.7543,16.4213],[77.7641,16.4226],[77.7935,16.4219],[77.7923,16.4163],[77.8188,16.4165],[77.8235,16.4073],[77.847,16.4186],[77.8537,16.4189],[77.8679,16.4263],[77.8633,16.4375],[77.8638,16.4466],[77.8784,16.449],[77.9005,16.4497],[77.9025,16.4446],[77.9164,16.4424],[77.9241,16.4534],[77.9206,16.4635],[77.9311,16.4745],[77.931,16.482],[77.9357,16.4941],[77.9413,16.5004],[77.9674,16.5005],[77.9682,16.5039],[77.9795,16.5018],[77.985,16.5051],[77.9849,16.5138],[77.9933,16.5195],[77.9973,16.5303],[78.0072,16.5322],[78.0187,16.5284],[78.0201,16.5331],[78.0139,16.5452],[77.9987,16.5531],[77.9978,16.5577],[78.0041,16.5681],[77.9968,16.5827],[77.989,16.5922],[78.0004,16.5944],[78.0013,16.6076],[78.0121,16.6169],[78.0255,16.6162],[78.031,16.6217],[78.0388,16.6255],[78.056,16.6231],[78.0691,16.6245],[78.0689,16.6179],[78.0768,16.6088],[78.092,16.603],[78.1016,16.598],[78.1161,16.5978],[78.119,16.592],[78.1252,16.5915]]]},"properties":{"district":"Wanaparthy","st_nm":"Telangana"},"id":161},{"type":"Feature","geometry":{"type":"Polygon","coordinates":[[[79.842,18.1325],[79.8295,18.1225],[79.8241,18.1126],[79.8198,18.1131],[79.8159,18.1003],[79.8156,18.0927],[79.8372,18.0949],[79.8639,18.0936],[79.8872,18.0982],[79.8845,18.0858],[79.8933,18.0836],[79.9075,18.0847],[79.9363,18.0836],[79.9512,18.0862],[79.9578,18.0895],[79.9651,18.1006],[79.9802,18.112],[79.9919,18.1076],[79.9812,18.0606],[79.9849,18.0538],[79.9808,18.0391],[79.9794,18.0203],[79.9922,17.9996],[79.9864,17.9917],[79.9839,17.971],[79.988,17.9695],[79.985,17.9527],[79.9783,17.9483],[79.9835,17.942],[79.9862,17.9302],[79.9945,17.9158],[79.9887,17.9049],[79.9942,17.8895],[79.9909,17.8835],[79.9801,17.871],[79.9754,17.8614],[79.9609,17.8643],[79.9526,17.8604],[79.9516,17.8441],[79.9472,17.8357],[79.9394,17.8411],[79.9344,17.8341],[79.9347,17.8264],[79.9307,17.8184],[79.9178,17.8094],[79.9154,17.7989],[79.91,17.8042],[79.909,17.8126],[79.8949,17.8138],[79.8916,17.8101],[79.8756,17.8085],[79.8826,17.7907],[79.8835,17.7794],[79.895,17.7686],[79.9029,17.7641],[79.9022,17.7509],[79.9037,17.7469],[79.899,17.7413],[79.8934,17.7301],[79.8721,17.7393],[79.8643,17.7352],[79.8613,17.7281],[79.8636,17.7196],[79.845,17.7188],[79.8236,17.7132],[79.819,17.709],[79.819,17.6993],[79.8054,17.7003],[79.7911,17.7088],[79.779,17.7032],[79.7713,17.6972],[79.7715,17.6891],[79.7533,17.6909],[79.7499,17.6879],[79.733,17.6917],[79.7228,17.6969],[79.7158,17.6983],[79.7141,17.6839],[79.7082,17.6821],[79.6914,17.6866],[79.6837,17.67],[79.6781,17.6509],[79.6614,17.6496],[79.6582,17.6446],[79.6535,17.628],[79.6355,17.6234],[79.6215,17.6242],[79.6164,17.6219],[79.6139,17.6362],[79.587,17.6295],[79.5777,17.6285],[79.5779,17.6204],[79.5723,17.6178],[79.5632,17.6188],[79.5458,17.6301],[79.5405,17.6379],[79.5366,17.6309],[79.5244,17.6336],[79.5222,17.6614],[79.4986,17.6615],[79.4898,17.6629],[79.4904,17.6668],[79.4813,17.6749],[79.4888,17.6879],[79.4895,17.6989],[79.481,17.7053],[79.4869,17.7115],[79.499,17.7167],[79.5042,17.7242],[79.4972,17.736],[79.4908,17.7418],[79.481,17.7453],[79.4887,17.7541],[79.5054,17.751],[79.5146,17.7741],[79.5143,17.795],[79.5243,17.7908],[79.5358,17.7904],[79.5504,17.7866],[79.5543,17.7873],[79.5647,17.7954],[79.5643,17.8021],[79.5592,17.8079],[79.5742,17.8134],[79.5778,17.8112],[79.5863,17.8157],[79.5941,17.8232],[79.6136,17.8211],[79.6216,17.8288],[79.6209,17.8413],[79.6145,17.8501],[79.6186,17.8592],[79.6172,17.8685],[79.6219,17.8745],[79.6331,17.8751],[79.6335,17.8855],[79.6368,17.8961],[79.6445,17.9029],[79.6496,17.9224],[79.6575,17.9243],[79.6593,17.9285],[79.6579,17.9375],[79.6534,17.9458],[79.642,17.9507],[79.6407,17.9558],[79.6491,17.9696],[79.6348,17.9661],[79.6221,17.9731],[79.6258,17.9791],[79.6399,17.9844],[79.6431,18.0009],[79.6312,18.0075],[79.6375,18.0119],[79.6465,18.0094],[79.6519,18.0114],[79.6599,18.024],[79.6706,18.0234],[79.6717,18.0271],[79.6618,18.0371],[79.651,18.0423],[79.6419,18.0382],[79.6209,18.0397],[79.6208,18.0525],[79.6233,18.0682],[79.6162,18.0817],[79.6124,18.0924],[79.6033,18.0964],[79.6053,18.1172],[79.6142,18.1152],[79.627,18.1188],[79.6273,18.1246],[79.622,18.1374],[79.6132,18.1376],[79.6013,18.1415],[79.6048,18.1732],[79.6098,18.1764],[79.6127,18.1885],[79.597,18.1982],[79.5981,18.2132],[79.5917,18.2196],[79.5896,18.2272],[79.5781,18.2429],[79.5821,18.2566],[79.5859,18.2597],[79.5974,18.2628],[79.6067,18.2592],[79.61,18.2622],[79.6204,18.2624],[79.6274,18.273],[79.6283,18.2817],[79.633,18.2853],[79.6373,18.281],[79.6351,18.2765],[79.6525,18.2525],[79.6707,18.2553],[79.6855,18.2666],[79.6971,18.2778],[79.7042,18.2721],[79.7002,18.258],[79.6953,18.2509],[79.7074,18.2452],[79.7149,18.2335],[79.7167,18.2209],[79.7229,18.2198],[79.7239,18.2087],[79.7358,18.205],[79.7332,18.2004],[79.7222,18.1977],[79.724,18.1945],[79.7341,18.1899],[79.7348,18.1867],[79.744,18.1774],[79.7466,18.1788],[79.7588,18.1695],[79.761,18.1603],[79.7677,18.1519],[79.7748,18.1498],[79.7888,18.153],[79.7943,18.1471],[79.8137,18.143],[79.8278,18.1366],[79.8342,18.1376],[79.842,18.1325]]]},"properties":{"district":"Warangal","st_nm":"Telangana"},"id":162},{"type":"Feature","geometry":{"type":"Polygon","coordinates":[[[79.5631,18.2629],[79.5719,18.2614],[79.5821,18.2566],[79.5781,18.2429],[79.5896,18.2272],[79.5917,18.2196],[79.5981,18.2132],[79.597,18.1982],[79.6127,18.1885],[79.6098,18.1764],[79.6048,18.1732],[79.6013,18.1415],[79.6132,18.1376],[79.622,18.1374],[79.6273,18.1246],[79.627,18.1188],[79.6142,18.1152],[79.6053,18.1172],[79.6033,18.0964],[79.6124,18.0924],[79.6162,18.0817],[79.6233,18.0682],[79.6208,18.0525],[79.6209,18.0397],[79.6419,18.0382],[79.651,18.0423],[79.6618,18.0371],[79.6717,18.0271],[79.6706,18.0234],[79.6599,18.024],[79.6519,18.0114],[79.6465,18.0094],[79.6375,18.0119],[79.6312,18.0075],[79.6431,18.0009],[79.6399,17.9844],[79.6258,17.9791],[79.6221,17.9731],[79.6348,17.9661],[79.6491,17.9696],[79.6407,17.9558],[79.642,17.9507],[79.6534,17.9458],[79.6579,17.9375],[79.6593,17.9285],[79.6575,17.9243],[79.6496,17.9224],[79.6445,17.9029],[79.6368,17.8961],[79.6335,17.8855],[79.6331,17.8751],[79.6219,17.8745],[79.6172,17.8685],[79.6186,17.8592],[79.6145,17.8501],[79.6209,17.8413],[79.6216,17.8288],[79.6136,17.8211],[79.5941,17.8232],[79.5863,17.8157],[79.5778,17.8112],[79.5742,17.8134],[79.5592,17.8079],[79.5643,17.8021],[79.5647,17.7954],[79.5543,17.7873],[79.5504,17.7866],[79.5358,17.7904],[79.5243,17.7908],[79.5143,17.795],[79.5135,17.8044],[79.5146,17.8189],[79.491,17.8211],[79.4933,17.8306],[79.4928,17.8414],[79.5052,17.8597],[79.5028,17.8655],[79.4928,17.8686],[79.4921,17.8772],[79.4875,17.8877],[79.478,17.8928],[79.4719,17.8836],[79.464,17.8752],[79.4584,17.8744],[79.4491,17.879],[79.45,17.8848],[79.4477,17.8974],[79.4486,17.9088],[79.4374,17.9132],[79.4201,17.896],[79.4117,17.8996],[79.405,17.8985],[79.3974,17.9028],[79.3904,17.9005],[79.3722,17.9101],[79.3687,17.9099],[79.3536,17.9208],[79.352,17.9239],[79.3428,17.9212],[79.3361,17.9385],[79.318,17.9462],[79.3078,17.9492],[79.2887,17.9512],[79.2733,17.9547],[79.2675,17.9527],[79.2711,17.9786],[79.2634,17.9836],[79.2354,17.9858],[79.2287,17.9878],[79.2329,17.9945],[79.2303,18.0017],[79.236,18.0034],[79.2608,18.003],[79.2596,18.0249],[79.2616,18.0346],[79.2732,18.0512],[79.2832,18.071],[79.2909,18.0893],[79.2932,18.1028],[79.2906,18.1212],[79.2939,18.1259],[79.3012,18.13],[79.3139,18.1342],[79.3174,18.1399],[79.3274,18.1482],[79.3463,18.1468],[79.3539,18.1399],[79.3656,18.1398],[79.3794,18.1567],[79.3851,18.1522],[79.3969,18.1481],[79.4009,18.1611],[79.3991,18.1662],[79.4132,18.1649],[79.4192,18.1692],[79.4245,18.1657],[79.4277,18.1573],[79.4377,18.1593],[79.4475,18.1589],[79.4472,18.1637],[79.462,18.1644],[79.4629,18.1805],[79.4611,18.1874],[79.4735,18.1957],[79.4654,18.2007],[79.4681,18.2102],[79.4733,18.2197],[79.4738,18.23],[79.4813,18.2319],[79.4915,18.2294],[79.4979,18.2347],[79.5214,18.2409],[79.5347,18.2352],[79.5405,18.2379],[79.5503,18.2478],[79.5487,18.2527],[79.5519,18.2678],[79.5631,18.2629]]]},"properties":{"district":"Hanumakonda","st_nm":"Telangana"},"id":163},{"type":"Feature","geometry":{"type":"Polygon","coordinates":[[[79.3662,17.4863],[79.3739,17.481],[79.3761,17.4746],[79.3895,17.4665],[79.4073,17.4511],[79.4192,17.4341],[79.4246,17.4186],[79.4227,17.4118],[79.4174,17.4079],[79.4124,17.3998],[79.4145,17.3916],[79.4219,17.3762],[79.4414,17.3643],[79.451,17.3519],[79.4537,17.345],[79.4465,17.3466],[79.4247,17.3455],[79.4021,17.3485],[79.3814,17.3443],[79.3659,17.3449],[79.3533,17.3522],[79.3323,17.3592],[79.3189,17.3599],[79.2954,17.3568],[79.2761,17.3599],[79.2571,17.3602],[79.2507,17.3588],[79.2492,17.348],[79.2494,17.3311],[79.2519,17.325],[79.2481,17.3155],[79.2289,17.3179],[79.2194,17.3138],[79.2192,17.3042],[79.2159,17.2888],[79.2047,17.2689],[79.205,17.2621],[79.1842,17.2733],[79.1818,17.2594],[79.1703,17.2547],[79.1633,17.2565],[79.1497,17.2715],[79.1543,17.2777],[79.1451,17.2826],[79.1313,17.2774],[79.117,17.2777],[79.1105,17.2656],[79.1083,17.2548],[79.1034,17.2427],[79.0888,17.2471],[79.0823,17.2525],[79.0734,17.2538],[79.0619,17.2579],[79.0553,17.2571],[79.0419,17.2666],[79.0363,17.2688],[79.0082,17.2731],[78.9977,17.2716],[78.9978,17.2784],[78.9822,17.2793],[78.9806,17.2642],[78.9829,17.2547],[78.9865,17.2507],[78.9794,17.2454],[78.9746,17.2325],[78.9715,17.2163],[78.9737,17.2148],[78.9572,17.1989],[78.9629,17.1954],[78.9606,17.1908],[78.9723,17.1838],[78.9706,17.1794],[78.9794,17.1738],[78.9779,17.1685],[78.9892,17.1601],[78.9927,17.1554],[78.9753,17.1321],[78.9694,17.1276],[78.9538,17.1334],[78.9473,17.1261],[78.9522,17.1227],[78.9483,17.1102],[78.9384,17.1066],[78.9325,17.0962],[78.9283,17.0813],[78.9149,17.0907],[78.9114,17.0901],[78.9021,17.0789],[78.9031,17.0723],[78.9005,17.0651],[78.8945,17.0599],[78.8947,17.0497],[78.892,17.0436],[78.8803,17.0471],[78.8795,17.0575],[78.8601,17.0674],[78.8417,17.074],[78.8381,17.076],[78.8282,17.0921],[78.8154,17.0962],[78.8192,17.109],[78.8334,17.1035],[78.8335,17.1126],[78.8214,17.12],[78.8101,17.125],[78.8042,17.1295],[78.7854,17.1373],[78.7737,17.1553],[78.7776,17.1622],[78.7851,17.1591],[78.7893,17.1649],[78.7822,17.1788],[78.7809,17.1863],[78.7726,17.1889],[78.7729,17.1925],[78.7592,17.214],[78.7831,17.2072],[78.794,17.2033],[78.8001,17.2038],[78.8162,17.2121],[78.8166,17.2254],[78.8193,17.2323],[78.8127,17.2338],[78.8066,17.2405],[78.7977,17.2436],[78.778,17.2458],[78.7696,17.2501],[78.758,17.2591],[78.7533,17.2609],[78.755,17.2678],[78.7518,17.283],[78.7451,17.2876],[78.7411,17.2958],[78.7461,17.2964],[78.752,17.3021],[78.7621,17.3038],[78.7532,17.3293],[78.7451,17.3308],[78.7391,17.3271],[78.7311,17.3264],[78.7201,17.3285],[78.7141,17.3341],[78.7139,17.3392],[78.7071,17.3464],[78.7078,17.3523],[78.7168,17.3582],[78.7308,17.3523],[78.73,17.3581],[78.7376,17.3861],[78.7376,17.3924],[78.7409,17.3998],[78.7548,17.4047],[78.756,17.4175],[78.7589,17.4303],[78.7514,17.4359],[78.752,17.4438],[78.7607,17.4603],[78.7495,17.4704],[78.7246,17.4709],[78.7169,17.4683],[78.7092,17.4763],[78.7074,17.488],[78.7089,17.5029],[78.7123,17.5129],[78.7124,17.5207],[78.7006,17.5352],[78.695,17.5513],[78.7056,17.5576],[78.6891,17.5623],[78.688,17.5654],[78.6765,17.5759],[78.6913,17.5845],[78.6931,17.5922],[78.6866,17.595],[78.6908,17.6012],[78.6998,17.6077],[78.6994,17.6116],[78.6917,17.6193],[78.6853,17.6218],[78.701,17.6316],[78.6964,17.6374],[78.7112,17.64],[78.7113,17.6521],[78.7183,17.6571],[78.7238,17.6681],[78.7296,17.6679],[78.738,17.673],[78.7452,17.6835],[78.7527,17.6855],[78.7681,17.6866],[78.7767,17.6917],[78.7851,17.7011],[78.7852,17.711],[78.8004,17.7092],[78.8094,17.7029],[78.8148,17.704],[78.8156,17.7224],[78.8233,17.7297],[78.8216,17.7394],[78.8274,17.7395],[78.8413,17.7525],[78.8581,17.7483],[78.8619,17.7567],[78.8697,17.785],[78.8676,17.802],[78.8681,17.8084],[78.8828,17.8092],[78.8917,17.8056],[78.8997,17.8049],[78.9072,17.8126],[78.9213,17.8024],[78.938,17.798],[78.9468,17.7887],[78.9575,17.7883],[78.9606,17.792],[78.9761,17.7946],[78.9801,17.7981],[78.991,17.7936],[78.9919,17.7856],[79.0014,17.7708],[78.9953,17.7537],[78.9977,17.748],[79.004,17.7422],[79.0047,17.7369],[79.0226,17.7182],[79.025,17.7129],[79.0334,17.708],[79.0385,17.7103],[79.0405,17.7205],[79.0458,17.7258],[79.0527,17.7249],[79.0706,17.7184],[79.0826,17.7107],[79.0904,17.6996],[79.0894,17.6956],[79.1014,17.6763],[79.1148,17.6703],[79.1233,17.6684],[79.1306,17.6717],[79.1295,17.658],[79.1348,17.6428],[79.1407,17.6381],[79.1454,17.6274],[79.1577,17.622],[79.1538,17.6137],[79.1537,17.5937],[79.1556,17.5863],[79.1674,17.5752],[79.1665,17.5676],[79.1701,17.5591],[79.1701,17.5493],[79.1736,17.5418],[79.1852,17.5412],[79.1841,17.5303],[79.1968,17.5214],[79.2183,17.5281],[79.2324,17.5276],[79.2346,17.5164],[79.2339,17.5102],[79.2424,17.5025],[79.2419,17.4979],[79.2298,17.4969],[79.2379,17.4893],[79.2449,17.4787],[79.2571,17.4709],[79.2616,17.4783],[79.2631,17.4905],[79.2695,17.4965],[79.2747,17.4977],[79.2938,17.4865],[79.2861,17.4747],[79.291,17.4697],[79.3057,17.4618],[79.3145,17.4543],[79.3281,17.4508],[79.3409,17.4566],[79.3435,17.4658],[79.356,17.4762],[79.3593,17.4823],[79.3662,17.4863]]]},"properties":{"district":"Yadadri Bhuvanagiri","st_nm":"Telangana"},"id":164},{"type":"Feature","geometry":{"type":"Polygon","coordinates":[[[80.9189,17.2198],[80.9147,17.2191],[80.9009,17.2227],[80.8838,17.2294],[80.868,17.2334],[80.8653,17.2358],[80.8676,17.251],[80.87,17.2576],[80.8756,17.2638],[80.8689,17.2832],[80.8722,17.3219],[80.8675,17.3304],[80.8654,17.3444],[80.8622,17.3483],[80.8599,17.3647],[80.8451,17.3673],[80.8286,17.3613],[80.8193,17.3513],[80.8128,17.3371],[80.8045,17.3385],[80.7787,17.3374],[80.7762,17.3287],[80.7774,17.3155],[80.7747,17.3085],[80.761,17.3139],[80.7513,17.3029],[80.7486,17.2928],[80.7416,17.2943],[80.7257,17.3055],[80.7097,17.3004],[80.6967,17.289],[80.685,17.2932],[80.6819,17.3069],[80.6874,17.3087],[80.6837,17.3192],[80.6829,17.3316],[80.6755,17.3398],[80.6656,17.3408],[80.6516,17.3447],[80.6466,17.348],[80.6461,17.3602],[80.6328,17.3627],[80.6305,17.3585],[80.6329,17.3462],[80.6254,17.3368],[80.6149,17.3429],[80.6159,17.3509],[80.6094,17.3563],[80.6189,17.3662],[80.6195,17.3715],[80.6048,17.3833],[80.5923,17.3822],[80.5821,17.357],[80.5694,17.3538],[80.5563,17.3411],[80.556,17.3682],[80.5491,17.3656],[80.5466,17.3604],[80.5403,17.3606],[80.5416,17.372],[80.5386,17.3818],[80.5296,17.3857],[80.5251,17.383],[80.5033,17.3745],[80.5012,17.3666],[80.491,17.3735],[80.4795,17.3749],[80.4659,17.3704],[80.4686,17.3806],[80.477,17.3849],[80.4692,17.3923],[80.4565,17.4005],[80.452,17.4006],[80.4477,17.4098],[80.4341,17.4126],[80.4297,17.4112],[80.4062,17.4211],[80.3899,17.4173],[80.3851,17.4147],[80.3759,17.4169],[80.3934,17.4363],[80.402,17.4505],[80.4011,17.4594],[80.4148,17.4742],[80.4309,17.4978],[80.4159,17.5101],[80.4074,17.5121],[80.4037,17.5165],[80.4007,17.5279],[80.3968,17.5283],[80.3711,17.5052],[80.361,17.501],[80.3605,17.4864],[80.3465,17.4852],[80.3483,17.501],[80.3478,17.5094],[80.3397,17.5227],[80.3436,17.5351],[80.356,17.5313],[80.364,17.5531],[80.3685,17.5679],[80.3462,17.5679],[80.3358,17.5621],[80.324,17.5609],[80.3174,17.5655],[80.3049,17.5699],[80.286,17.5731],[80.2825,17.5634],[80.2916,17.5546],[80.2808,17.5426],[80.267,17.551],[80.2606,17.5534],[80.2473,17.5621],[80.238,17.5593],[80.2325,17.5647],[80.2302,17.5524],[80.2186,17.556],[80.2019,17.5581],[80.2179,17.59],[80.2231,17.6048],[80.2098,17.6137],[80.2066,17.6247],[80.2068,17.6527],[80.2178,17.6601],[80.2303,17.6604],[80.2367,17.6553],[80.2379,17.6718],[80.242,17.6861],[80.2411,17.6922],[80.2477,17.7042],[80.2453,17.7146],[80.2499,17.7427],[80.2596,17.751],[80.2567,17.7601],[80.258,17.7776],[80.2524,17.7798],[80.2558,17.791],[80.2541,17.801],[80.2479,17.8244],[80.2578,17.8363],[80.2663,17.8533],[80.266,17.8613],[80.2727,17.8703],[80.2738,17.8785],[80.277,17.8813],[80.2778,17.9069],[80.27,17.9155],[80.2677,17.926],[80.27,17.9473],[80.2685,17.9506],[80.275,17.9664],[80.2943,17.9645],[80.3105,17.9762],[80.316,17.9956],[80.322,17.9987],[80.3312,18.0083],[80.3411,18.0143],[80.3463,18.0364],[80.3561,18.0471],[80.3919,18.0817],[80.431,18.0604],[80.4458,18.0669],[80.4548,18.0608],[80.4613,18.0647],[80.4573,18.073],[80.4659,18.0797],[80.4623,18.0842],[80.4652,18.0905],[80.4754,18.0869],[80.4862,18.0738],[80.5208,18.0997],[80.542,18.1162],[80.5467,18.1047],[80.5531,18.094],[80.5575,18.0814],[80.5597,18.0667],[80.5596,18.0557],[80.5658,18.051],[80.5739,18.0548],[80.5769,18.0618],[80.5857,18.0624],[80.5924,18.0717],[80.6003,18.078],[80.6156,18.1047],[80.6143,18.1148],[80.6351,18.1095],[80.6427,18.1255],[80.631,18.126],[80.6234,18.1293],[80.6323,18.1424],[80.6382,18.1363],[80.6424,18.1375],[80.6548,18.1349],[80.6612,18.1313],[80.6706,18.15],[80.6793,18.1582],[80.6816,18.1656],[80.6926,18.1632],[80.6961,18.1584],[80.6912,18.1531],[80.6821,18.1479],[80.6905,18.139],[80.6984,18.1269],[80.7145,18.1266],[80.7227,18.1114],[80.7311,18.1022],[80.7367,18.0931],[80.7472,18.0794],[80.7547,18.0823],[80.7512,18.0974],[80.7487,18.1016],[80.7487,18.1295],[80.753,18.1402],[80.7528,18.1619],[80.7562,18.1717],[80.7754,18.1701],[80.7991,18.1715],[80.815,18.1856],[80.8175,18.1925],[80.8241,18.1944],[80.8238,18.2155],[80.8227,18.2291],[80.8236,18.2395],[80.8371,18.2422],[80.8434,18.2358],[80.8605,18.2354],[80.8659,18.2335],[80.8726,18.214],[80.8719,18.2087],[80.8639,18.206],[80.8536,18.207],[80.853,18.2027],[80.8585,18.1898],[80.8573,18.1744],[80.8604,18.1648],[80.8602,18.1512],[80.8667,18.1403],[80.8818,18.1389],[80.9001,18.1405],[80.921,18.1477],[80.9416,18.16],[80.9424,18.1638],[80.9516,18.167],[80.9577,18.1769],[80.979,18.1788],[80.9787,18.1542],[80.9562,18.1336],[80.9518,18.0935],[80.9495,18.0854],[80.9534,18.082],[80.9637,18.064],[80.9698,18.0472],[80.9643,18.0415],[80.9733,18.027],[80.9796,18.0067],[80.9858,17.9548],[80.9885,17.9416],[80.9984,17.9168],[80.9993,17.9027],[80.9942,17.8807],[80.9958,17.8695],[80.9964,17.8491],[81.0032,17.8307],[81.0035,17.8196],[81.0082,17.7983],[81.0177,17.7914],[81.0318,17.7885],[81.0466,17.7824],[81.0733,17.7865],[81.0856,17.7981],[81.0898,17.7911],[81.096,17.7745],[81.1039,17.7732],[81.0956,17.7623],[81.0826,17.7531],[81.0698,17.7408],[81.0582,17.7331],[81.0505,17.7341],[81.0442,17.7405],[81.0406,17.7477],[81.0276,17.7482],[81.0159,17.7451],[80.9913,17.75],[80.9842,17.7557],[80.9761,17.7781],[80.9659,17.7798],[80.9556,17.773],[80.9463,17.7602],[80.9286,17.7616],[80.9201,17.7566],[80.9171,17.748],[80.906,17.7471],[80.8855,17.7357],[80.8908,17.7219],[80.891,17.7137],[80.8947,17.703],[80.8908,17.6898],[80.8858,17.6813],[80.8972,17.6811],[80.905,17.6774],[80.8978,17.6698],[80.9004,17.6647],[80.9101,17.6616],[80.9124,17.6579],[80.9111,17.6381],[80.9,17.6402],[80.885,17.6334],[80.8657,17.6355],[80.8609,17.6338],[80.8498,17.6228],[80.85,17.617],[80.8554,17.6019],[80.8833,17.5964],[80.8931,17.6007],[80.9184,17.6],[80.9239,17.6017],[80.934,17.6006],[80.9434,17.602],[80.9641,17.6],[80.9694,17.5981],[80.9767,17.5872],[80.9826,17.583],[80.9888,17.5725],[80.9984,17.5647],[81.0028,17.5507],[81.0068,17.549],[81.0137,17.5367],[81.0148,17.5222],[81.0199,17.5201],[81.0472,17.5196],[81.0801,17.5151],[81.0913,17.5057],[81.0993,17.5045],[81.1175,17.5221],[81.1245,17.5271],[81.1385,17.5163],[81.1405,17.5047],[81.1449,17.4951],[81.1421,17.4886],[81.1596,17.4844],[81.1483,17.4637],[81.1755,17.4637],[81.1723,17.4491],[81.183,17.4403],[81.1933,17.4357],[81.2027,17.434],[81.2039,17.4476],[81.2118,17.4418],[81.2455,17.4331],[81.2577,17.4238],[81.2685,17.4183],[81.2974,17.4134],[81.3134,17.4082],[81.3186,17.3985],[81.3226,17.3746],[81.3165,17.3691],[81.3054,17.3463],[81.2885,17.3281],[81.2785,17.3235],[81.274,17.3172],[81.2683,17.3201],[81.2457,17.3258],[81.2446,17.3231],[81.2336,17.3204],[81.222,17.3215],[81.2112,17.3259],[81.1904,17.3249],[81.1867,17.314],[81.1805,17.3022],[81.1767,17.2877],[81.1796,17.2784],[81.1778,17.2706],[81.1839,17.2584],[81.1876,17.2549],[81.1861,17.2485],[81.176,17.2386],[81.1712,17.231],[81.1459,17.2288],[81.1276,17.2244],[81.1094,17.2235],[81.0904,17.2196],[81.0796,17.2156],[81.0627,17.2224],[81.0556,17.2196],[81.0487,17.2069],[81.0377,17.1934],[81.0313,17.1904],[81.0135,17.1945],[80.9984,17.1905],[80.9825,17.1962],[80.9763,17.2003],[80.9608,17.204],[80.939,17.2199],[80.9189,17.2198]]]},"properties":{"district":"Bhadradri Kothagudem","st_nm":"Telangana"},"id":194},{"type":"Feature","geometry":{"type":"Polygon","coordinates":[[[80.3431,18.5981],[80.3028,18.5889],[80.2677,18.5899],[80.249,18.573],[80.2485,18.5703],[80.2295,18.5533],[80.2265,18.4712],[80.2244,18.4273],[80.2231,18.4192],[80.2175,18.4061],[80.2167,18.3895],[80.1726,18.3494],[80.1581,18.3619],[80.1561,18.3602],[80.141,18.374],[80.1352,18.3776],[80.1274,18.388],[80.1124,18.3925],[80.098,18.385],[80.0909,18.3872],[80.0841,18.3947],[80.0736,18.3883],[80.0573,18.4016],[80.0423,18.4043],[80.0022,18.3912],[79.9902,18.3865],[79.9395,18.3964],[79.9223,18.4062],[79.9066,18.3992],[79.8909,18.3993],[79.8958,18.3889],[79.8958,18.3817],[79.8996,18.3711],[79.9096,18.371],[79.9152,18.3657],[79.9202,18.3568],[79.9254,18.3517],[79.9392,18.3464],[79.9492,18.3446],[79.9539,18.3395],[79.9446,18.3184],[79.9316,18.3159],[79.9229,18.3178],[79.8951,18.3185],[79.8956,18.3124],[79.8921,18.3059],[79.8826,18.3006],[79.8826,18.2948],[79.8876,18.2889],[79.8877,18.2834],[79.8815,18.2831],[79.8723,18.2774],[79.8648,18.2601],[79.8534,18.2597],[79.8574,18.2509],[79.8542,18.2402],[79.8432,18.2221],[79.8445,18.2128],[79.8631,18.2029],[79.8387,18.1888],[79.8364,18.1859],[79.8445,18.158],[79.8587,18.1503],[79.842,18.1325],[79.8342,18.1376],[79.8278,18.1366],[79.8137,18.143],[79.7943,18.1471],[79.7888,18.153],[79.7748,18.1498],[79.7677,18.1519],[79.761,18.1603],[79.7588,18.1695],[79.7466,18.1788],[79.744,18.1774],[79.7348,18.1867],[79.7341,18.1899],[79.724,18.1945],[79.7222,18.1977],[79.7332,18.2004],[79.7358,18.205],[79.7239,18.2087],[79.7229,18.2198],[79.7167,18.2209],[79.7149,18.2335],[79.7074,18.2452],[79.6953,18.2509],[79.7002,18.258],[79.7042,18.2721],[79.6971,18.2778],[79.6855,18.2666],[79.6707,18.2553],[79.6525,18.2525],[79.6351,18.2765],[79.6373,18.281],[79.633,18.2853],[79.6283,18.2817],[79.6274,18.273],[79.6204,18.2624],[79.61,18.2622],[79.6067,18.2592],[79.5974,18.2628],[79.5859,18.2597],[79.5821,18.2566],[79.5719,18.2614],[79.5631,18.2629],[79.5672,18.275],[79.5667,18.2836],[79.561,18.2873],[79.5598,18.3],[79.565,18.3093],[79.5765,18.3092],[79.5739,18.317],[79.5757,18.3332],[79.5795,18.3488],[79.5755,18.3591],[79.5756,18.3781],[79.5793,18.3878],[79.5758,18.3909],[79.5783,18.409],[79.5805,18.4133],[79.5688,18.416],[79.5671,18.4239],[79.5842,18.441],[79.5905,18.45],[79.591,18.462],[79.5968,18.4726],[79.6026,18.4745],[79.6064,18.4674],[79.6121,18.4637],[79.6157,18.4733],[79.6229,18.4865],[79.6317,18.4793],[79.6422,18.4756],[79.6537,18.4761],[79.6682,18.4794],[79.6772,18.4903],[79.6849,18.4969],[79.6962,18.5108],[79.7057,18.5207],[79.7085,18.5285],[79.7072,18.5348],[79.7105,18.5437],[79.7083,18.5475],[79.7121,18.5608],[79.7239,18.5708],[79.7248,18.5736],[79.7372,18.5738],[79.7405,18.5705],[79.7519,18.5736],[79.7648,18.5725],[79.7834,18.5687],[79.7923,18.5731],[79.7916,18.5866],[79.8018,18.606],[79.8042,18.6213],[79.8203,18.6436],[79.8308,18.6559],[79.8324,18.6752],[79.8302,18.6812],[79.8219,18.6881],[79.8216,18.6919],[79.8132,18.6969],[79.8072,18.7049],[79.8145,18.7179],[79.8244,18.7242],[79.8253,18.7371],[79.8203,18.7423],[79.8165,18.7512],[79.8188,18.7596],[79.8289,18.7711],[79.8409,18.78],[79.8455,18.7882],[79.8466,18.7993],[79.8352,18.8114],[79.826,18.8246],[79.8255,18.8529],[79.828,18.8604],[79.8331,18.8673],[79.8408,18.872],[79.8488,18.8694],[79.8588,18.8566],[79.8617,18.8457],[79.8689,18.8338],[79.879,18.8282],[79.8882,18.8264],[79.9012,18.8301],[79.914,18.8261],[79.9214,18.8097],[79.929,18.8027],[79.9507,18.788],[79.9592,18.7773],[79.9642,18.7739],[79.9732,18.7718],[79.9958,18.7708],[80.001,18.7761],[80.0188,18.7702],[80.0195,18.7658],[80.0268,18.7543],[80.0361,18.7547],[80.0392,18.7522],[80.0414,18.743],[80.0553,18.7236],[80.0629,18.7238],[80.0693,18.7196],[80.074,18.711],[80.0826,18.7072],[80.0878,18.7078],[80.099,18.6945],[80.1042,18.6916],[80.1123,18.6829],[80.1181,18.6805],[80.1251,18.6819],[80.1286,18.6875],[80.14,18.693],[80.1485,18.6931],[80.1558,18.7006],[80.1651,18.701],[80.1705,18.6974],[80.1742,18.6882],[80.1787,18.6833],[80.1905,18.6805],[80.1966,18.6808],[80.1994,18.6909],[80.211,18.7047],[80.2185,18.7079],[80.2304,18.7018],[80.2381,18.7055],[80.2485,18.7064],[80.2648,18.7215],[80.2709,18.7244],[80.2793,18.7212],[80.2992,18.693],[80.3045,18.6834],[80.3063,18.6754],[80.3127,18.6594],[80.3125,18.6553],[80.3174,18.6427],[80.3257,18.6366],[80.3295,18.6291],[80.3327,18.6143],[80.3431,18.5981]]]},"properties":{"district":"Jayashankar Bhupalpally","st_nm":"Telangana"},"id":721},{"type":"Feature","geometry":{"type":"Polygon","coordinates":[[[77.7603,17.0022],[77.7594,16.9939],[77.7505,16.9775],[77.7546,16.9769],[77.7559,16.9687],[77.7514,16.9616],[77.7487,16.9511],[77.7405,16.9486],[77.7302,16.9393],[77.7403,16.9384],[77.7414,16.9289],[77.7401,16.9204],[77.746,16.9107],[77.7407,16.9004],[77.742,16.8937],[77.7396,16.8835],[77.7315,16.8734],[77.735,16.8665],[77.7343,16.86],[77.7276,16.8514],[77.7284,16.8479],[77.7387,16.8378],[77.7437,16.8274],[77.7351,16.8153],[77.7296,16.8111],[77.7378,16.8027],[77.7408,16.7939],[77.7354,16.7893],[77.7112,16.7928],[77.7082,16.7832],[77.6945,16.7933],[77.6891,16.7914],[77.6795,16.7925],[77.6811,16.7846],[77.6791,16.7773],[77.6744,16.7767],[77.6776,16.7578],[77.6968,16.7483],[77.7163,16.7517],[77.7267,16.7514],[77.7365,16.7462],[77.7452,16.7395],[77.7523,16.7274],[77.7532,16.7221],[77.749,16.704],[77.7492,16.6934],[77.7592,16.6884],[77.7647,16.6882],[77.7673,16.6819],[77.7675,16.6682],[77.7735,16.6547],[77.7809,16.6495],[77.7888,16.6391],[77.7971,16.6331],[77.7973,16.6165],[77.7812,16.6157],[77.7876,16.5786],[77.7786,16.5653],[77.7496,16.5665],[77.7494,16.5554],[77.7529,16.5426],[77.7607,16.5334],[77.7645,16.5261],[77.7624,16.5079],[77.7638,16.5002],[77.7675,16.496],[77.7683,16.4802],[77.7598,16.4804],[77.7555,16.4736],[77.7487,16.4741],[77.7395,16.4664],[77.7431,16.4549],[77.7487,16.4432],[77.7504,16.4311],[77.7462,16.4236],[77.7468,16.4138],[77.751,16.4036],[77.7417,16.4011],[77.7236,16.4202],[77.7223,16.4312],[77.7171,16.4311],[77.7172,16.4224],[77.7113,16.4113],[77.7135,16.4035],[77.7052,16.4013],[77.6887,16.4001],[77.683,16.3935],[77.669,16.3855],[77.6652,16.3797],[77.6647,16.3637],[77.6561,16.3604],[77.6426,16.3636],[77.6267,16.3582],[77.6115,16.3503],[77.603,16.344],[77.5953,16.3424],[77.594,16.3439],[77.5734,16.3408],[77.5538,16.3496],[77.5461,16.3569],[77.5401,16.3576],[77.5311,16.3643],[77.5227,16.3762],[77.5144,16.375],[77.4951,16.3813],[77.4897,16.385],[77.4702,16.3822],[77.4391,16.3801],[77.4322,16.3719],[77.4227,16.3664],[77.4107,16.3677],[77.401,16.3717],[77.3787,16.3854],[77.3728,16.3857],[77.3559,16.3827],[77.3497,16.3837],[77.3366,16.3939],[77.3298,16.3965],[77.3171,16.3974],[77.304,16.4019],[77.298,16.4066],[77.2882,16.4087],[77.2763,16.4245],[77.269,16.4305],[77.2621,16.4519],[77.2444,16.4633],[77.2359,16.4727],[77.2397,16.476],[77.2642,16.4726],[77.2722,16.4729],[77.2941,16.4767],[77.2996,16.4896],[77.2989,16.4961],[77.3207,16.4921],[77.3236,16.4869],[77.3296,16.4859],[77.3546,16.4889],[77.369,16.4887],[77.3701,16.5046],[77.3728,16.5097],[77.3815,16.5157],[77.3911,16.5162],[77.399,16.5212],[77.4042,16.5214],[77.4169,16.5173],[77.4182,16.523],[77.4191,16.5489],[77.4038,16.5512],[77.4,16.5557],[77.3975,16.5648],[77.4036,16.5718],[77.4118,16.5709],[77.4154,16.5675],[77.4238,16.5689],[77.4309,16.5789],[77.4397,16.5872],[77.4611,16.5849],[77.4647,16.5909],[77.4622,16.5972],[77.4681,16.6045],[77.4678,16.6098],[77.4582,16.6107],[77.4536,16.6162],[77.4553,16.622],[77.4642,16.6286],[77.4705,16.64],[77.4747,16.6521],[77.4624,16.6543],[77.4565,16.6468],[77.4442,16.6393],[77.4277,16.6562],[77.419,16.6585],[77.4189,16.6686],[77.4282,16.6682],[77.4346,16.671],[77.4426,16.6699],[77.4478,16.6793],[77.4639,16.6763],[77.47,16.6877],[77.4695,16.7018],[77.4712,16.7118],[77.4741,16.7166],[77.4614,16.719],[77.4574,16.7161],[77.4472,16.7207],[77.4392,16.7117],[77.4332,16.7171],[77.427,16.7285],[77.4333,16.7367],[77.4406,16.7579],[77.4432,16.7625],[77.4381,16.774],[77.4378,16.7834],[77.4411,16.7862],[77.4606,16.7813],[77.4745,16.7813],[77.4765,16.7884],[77.4743,16.8023],[77.466,16.8056],[77.4631,16.8125],[77.4633,16.8222],[77.4576,16.8282],[77.4641,16.8506],[77.4601,16.8747],[77.4604,16.8848],[77.4559,16.8853],[77.4584,16.8941],[77.4565,16.8999],[77.458,16.9095],[77.4541,16.9139],[77.4695,16.9192],[77.4694,16.9281],[77.4642,16.9299],[77.4681,16.9416],[77.4649,16.9442],[77.4662,16.9541],[77.4988,16.9504],[77.5093,16.9502],[77.524,16.9469],[77.5159,16.9378],[77.5159,16.9334],[77.525,16.9255],[77.5322,16.9311],[77.5378,16.9303],[77.5401,16.9233],[77.5454,16.9172],[77.5466,16.9094],[77.5537,16.9029],[77.5585,16.9044],[77.566,16.9115],[77.5684,16.9076],[77.5789,16.9058],[77.5857,16.9133],[77.5965,16.9143],[77.5951,16.9286],[77.6029,16.936],[77.6037,16.9466],[77.6145,16.9489],[77.6231,16.9529],[77.6229,16.9704],[77.624,16.9844],[77.6442,16.9903],[77.6449,16.9951],[77.6519,17.0007],[77.6531,17.007],[77.6468,17.0079],[77.6326,17.0011],[77.6349,17.0101],[77.6416,17.0192],[77.6519,17.0178],[77.6589,17.0315],[77.6671,17.0345],[77.6857,17.0207],[77.6994,17.0261],[77.7117,17.0328],[77.7146,17.0402],[77.7276,17.0385],[77.7411,17.0295],[77.7518,17.0241],[77.7658,17.0218],[77.7609,17.0139],[77.7603,17.0022]]]},"properties":{"district":"Narayanpet","st_nm":"Telangana"},"id":722}]}